batter,pitch_type,pitch_name,family,pitches,whiff,slg,xwoba
457705,FF,4-Seam FB,Fastball,144,0.2535211267605634,0.34210526315789475,0.24662294736842105
457705,SI,Sinker,Fastball,64,0.17857142857142858,0.42857142857142855,0.36478876923076925
457705,ST,Sweeper,Breaking,51,0.4,0.125,0.236125
457705,SL,Slider,Breaking,47,0.55,0.2857142857142857,0.2702
457705,CH,Changeup,Offspeed,35,0.35714285714285715,0.42857142857142855,0.11116666666666668
457705,FC,Cutter,Fastball,33,0.2727272727272727,0.0,0.37970899999999996
467793,FF,4-Seam FB,Fastball,69,0.1891891891891892,0.06666666666666667,0.1401111111111111
467793,CH,Changeup,Offspeed,37,0.2,0.5,0.3797363333333333
500743,FF,4-Seam FB,Fastball,250,0.09230769230769231,0.463768115942029,0.3064201066666667
500743,SI,Sinker,Fastball,183,0.06930693069306931,0.35714285714285715,0.33273966037735847
500743,CH,Changeup,Offspeed,126,0.32142857142857145,0.22727272727272727,0.22136363636363637
500743,SL,Slider,Breaking,114,0.25,0.43333333333333335,0.374307375
500743,FC,Cutter,Fastball,82,0.1956521739130435,0.782608695652174,0.3528371304347826
500743,ST,Sweeper,Breaking,73,0.13333333333333333,0.21052631578947367,0.2434709
500743,CU,Curveball,Breaking,53,0.3076923076923077,0.625,0.35915177777777774
502054,FF,4-Seam FB,Fastball,42,0.35,0.1,0.24903799999999998
502671,FF,4-Seam FB,Fastball,362,0.20526315789473684,0.6632653061224489,0.348799641509434
502671,SI,Sinker,Fastball,279,0.22077922077922077,0.35714285714285715,0.3052698550724638
502671,SL,Slider,Breaking,249,0.31092436974789917,0.3269230769230769,0.2787685357142857
502671,CH,Changeup,Offspeed,188,0.27848101265822783,0.3902439024390244,0.3323063043478261
502671,FC,Cutter,Fastball,142,0.4861111111111111,0.2727272727272727,0.2626358285714286
502671,ST,Sweeper,Breaking,128,0.21739130434782608,0.5625,0.26006326315789474
502671,CU,Curveball,Breaking,101,0.1891891891891892,0.4,0.31268408333333336
502671,FS,Splitter,Offspeed,31,0.2777777777777778,0.16666666666666666,0.2806666666666667
506702,FF,4-Seam FB,Fastball,72,0.3333333333333333,0.18181818181818182,0.0986
506702,SI,Sinker,Fastball,30,0.21428571428571427,0.14285714285714285,0.22442857142857142
514888,SI,Sinker,Fastball,469,0.14545454545454545,0.2972972972972973,0.28629815999999997
514888,FF,4-Seam FB,Fastball,443,0.21929824561403508,0.5,0.2935224966442953
514888,SL,Slider,Breaking,320,0.2603550295857988,0.3888888888888889,0.24279121348314608
514888,ST,Sweeper,Breaking,255,0.328125,0.31343283582089554,0.1905130625
514888,CH,Changeup,Offspeed,184,0.2261904761904762,0.42105263157894735,0.23995635
514888,FC,Cutter,Fastball,159,0.14666666666666667,0.475,0.3691086511627907
514888,CU,Curveball,Breaking,97,0.22727272727272727,0.5,0.32725682352941177
514888,FS,Splitter,Offspeed,62,0.3793103448275862,0.2857142857142857,0.23585714285714285
514888,KC,Knuckle-Curve,Breaking,40,0.17647058823529413,0.0,0.05483333333333334
516782,FF,4-Seam FB,Fastball,241,0.24427480916030533,0.26,0.2677564727272727
516782,CH,Changeup,Offspeed,109,0.35,0.4,0.2995357142857143
516782,SI,Sinker,Fastball,93,0.09302325581395349,0.6111111111111112,0.4773597894736841
516782,FC,Cutter,Fastball,62,0.2962962962962963,0.18181818181818182,0.3451
516782,SL,Slider,Breaking,58,0.3235294117647059,0.2631578947368421,0.18810526315789472
516782,ST,Sweeper,Breaking,54,0.35714285714285715,0.35714285714285715,0.2539166666666667
516782,CU,Curveball,Breaking,50,0.3448275862068966,0.2,0.22192847058823528
518595,FF,4-Seam FB,Fastball,112,0.25,0.2692307692307692,0.2770464444444445
518595,SI,Sinker,Fastball,64,0.3,0.18181818181818182,0.3538943333333333
518595,CH,Changeup,Offspeed,47,0.46153846153846156,0.1875,0.1004375
518595,SL,Slider,Breaking,32,0.5333333333333333,0.5,0.5224835999999999
518595,FC,Cutter,Fastball,28,0.29411764705882354,0.14285714285714285,0.23930225
518595,ST,Sweeper,Breaking,26,0.26666666666666666,0.5,0.141903
518692,FF,4-Seam FB,Fastball,826,0.2129032258064516,0.4948453608247423,0.3646927238095238
518692,SI,Sinker,Fastball,456,0.1829787234042553,0.3942307692307692,0.3528893157894737
518692,SL,Slider,Breaking,442,0.3333333333333333,0.2236842105263158,0.34470641463414636
518692,CH,Changeup,Offspeed,323,0.21678321678321677,0.28125,0.3495344705882353
518692,FC,Cutter,Fastball,238,0.22764227642276422,0.7804878048780488,0.46923062745098043
518692,ST,Sweeper,Breaking,189,0.2840909090909091,0.34146341463414637,0.324737695652174
518692,CU,Curveball,Breaking,159,0.2054794520547945,0.5714285714285714,0.420423282051282
518692,FS,Splitter,Offspeed,78,0.09090909090909091,0.6875,0.29614285714285715
518692,KC,Knuckle-Curve,Breaking,43,0.2916666666666667,0.4166666666666667,0.3069584285714286
519317,FF,4-Seam FB,Fastball,139,0.3220338983050847,0.14814814814814814,0.21273466666666666
519317,SI,Sinker,Fastball,78,0.2571428571428571,0.9166666666666666,0.48209090909090907
519317,CH,Changeup,Offspeed,66,0.3548387096774194,0.38095238095238093,0.31925800000000004
519317,SL,Slider,Breaking,56,0.4827586206896552,1.0,0.5309584285714286
519317,ST,Sweeper,Breaking,45,0.631578947368421,0.07692307692307693,0.08972727272727274
519317,FC,Cutter,Fastball,25,0.3333333333333333,0.0,0.5499453333333334
521692,FF,4-Seam FB,Fastball,614,0.22346368715083798,0.40714285714285714,0.38177741721854297
521692,SL,Slider,Breaking,350,0.34574468085106386,0.26666666666666666,0.23936720430107528
521692,ST,Sweeper,Breaking,348,0.30857142857142855,0.3291139240506329,0.2644165
521692,SI,Sinker,Fastball,276,0.09554140127388536,0.6811594202898551,0.46775093506493515
521692,FC,Cutter,Fastball,250,0.2569444444444444,0.21568627450980393,0.3055996981132076
521692,CH,Changeup,Offspeed,195,0.22900763358778625,0.5238095238095238,0.24538106060606057
521692,CU,Curveball,Breaking,154,0.25,0.3023255813953488,0.2501957674418605
521692,FS,Splitter,Offspeed,51,0.26666666666666666,0.15384615384615385,0.13692307692307695
521692,KC,Knuckle-Curve,Breaking,43,0.5925925925925926,0.4444444444444444,0.1083888888888889
542303,FF,4-Seam FB,Fastball,386,0.1746987951807229,0.391304347826087,0.4069580631578948
542303,SI,Sinker,Fastball,254,0.1553398058252427,0.3225806451612903,0.28183180952380954
542303,SL,Slider,Breaking,181,0.4819277108433735,0.3235294117647059,0.22602533333333333
542303,CH,Changeup,Offspeed,167,0.47297297297297297,0.16,0.2447382857142857
542303,ST,Sweeper,Breaking,115,0.34782608695652173,0.21052631578947367,0.2608334736842105
542303,FC,Cutter,Fastball,99,0.3829787234042553,0.4444444444444444,0.2546535789473684
542303,CU,Curveball,Breaking,54,0.28,0.125,0.174125
543309,FF,4-Seam FB,Fastball,211,0.1348314606741573,0.41304347826086957,0.30998063829787237
543309,SI,Sinker,Fastball,173,0.14102564102564102,0.6363636363636364,0.3872542040816327
543309,SL,Slider,Breaking,160,0.40789473684210525,0.19444444444444445,0.19129184210526318
543309,ST,Sweeper,Breaking,82,0.35294117647058826,0.05263157894736842,0.20607189473684212
543309,CH,Changeup,Offspeed,68,0.45161290322580644,0.7,0.3980195384615384
543309,CU,Curveball,Breaking,56,0.2222222222222222,0.0,0.25780225
543309,FC,Cutter,Fastball,40,0.2692307692307692,0.875,0.2917142857142857
543510,FF,4-Seam FB,Fastball,180,0.19480519480519481,0.35135135135135137,0.33025452631578944
543510,SL,Slider,Breaking,100,0.4126984126984127,0.3333333333333333,0.22380641176470586
543510,SI,Sinker,Fastball,89,0.15384615384615385,0.55,0.34979999999999994
543510,CH,Changeup,Offspeed,68,0.2894736842105263,0.4666666666666667,0.20822786666666668
543510,ST,Sweeper,Breaking,62,0.4722222222222222,0.8571428571428571,0.3244127692307692
543510,FC,Cutter,Fastball,40,0.23809523809523808,0.5833333333333334,0.47936363636363644
543510,CU,Curveball,Breaking,31,0.4,0.3333333333333333,0.044000000000000004
543510,FS,Splitter,Offspeed,29,0.4444444444444444,0.125,0.04357142857142857
543760,FF,4-Seam FB,Fastball,500,0.19157088122605365,0.47058823529411764,0.34929658015267173
543760,SL,Slider,Breaking,387,0.3670212765957447,0.16483516483516483,0.2002131702127659
543760,SI,Sinker,Fastball,376,0.08717948717948718,0.45132743362831856,0.37097511475409833
543760,ST,Sweeper,Breaking,254,0.23275862068965517,0.15254237288135594,0.21849349206349208
543760,FC,Cutter,Fastball,193,0.26373626373626374,0.4857142857142857,0.3084392972972973
543760,CH,Changeup,Offspeed,165,0.34210526315789475,0.37142857142857144,0.35918179487179486
543760,CU,Curveball,Breaking,116,0.3,0.2727272727272727,0.23784426086956523
543760,FS,Splitter,Offspeed,56,0.13333333333333333,0.35714285714285715,0.24396362500000002
543807,FF,4-Seam FB,Fastball,568,0.19718309859154928,0.49122807017543857,0.32837385714285716
543807,SI,Sinker,Fastball,480,0.14414414414414414,0.3113207547169811,0.30497092307692303
543807,SL,Slider,Breaking,280,0.33088235294117646,0.4266666666666667,0.2545645897435897
543807,ST,Sweeper,Breaking,227,0.26548672566371684,0.38333333333333336,0.23960377777777775
543807,CH,Changeup,Offspeed,186,0.32941176470588235,0.35714285714285715,0.312653
543807,FC,Cutter,Fastball,150,0.16666666666666666,0.6857142857142857,0.48217589189189186
543807,CU,Curveball,Breaking,101,0.2564102564102564,0.65,0.27060000000000006
543807,FS,Splitter,Offspeed,72,0.4,0.25,0.1913775294117647
543877,FF,4-Seam FB,Fastball,355,0.19473684210526315,0.38144329896907214,0.26417003921568627
543877,SI,Sinker,Fastball,229,0.053763440860215055,0.35294117647058826,0.26431648148148146
543877,SL,Slider,Breaking,136,0.30357142857142855,0.13636363636363635,0.14958339130434783
543877,ST,Sweeper,Breaking,116,0.35,0.25,0.1627333333333333
543877,FC,Cutter,Fastball,91,0.16279069767441862,0.5555555555555556,0.2604444444444444
543877,CH,Changeup,Offspeed,61,0.20689655172413793,0.16666666666666666,0.20444892307692306
543877,CU,Curveball,Breaking,44,0.2608695652173913,0.08333333333333333,0.17495842857142854
545121,FF,4-Seam FB,Fastball,575,0.10034602076124567,0.34146341463414637,0.30559085549132947
545121,CH,Changeup,Offspeed,275,0.17721518987341772,0.3023255813953488,0.2881733409090909
545121,SL,Slider,Breaking,217,0.2037037037037037,0.44,0.23433506122448985
545121,SI,Sinker,Fastball,205,0.08421052631578947,0.5967741935483871,0.35864459375
545121,FC,Cutter,Fastball,145,0.08571428571428572,0.6129032258064516,0.3426251176470588
545121,CU,Curveball,Breaking,124,0.23636363636363636,0.13636363636363635,0.21936842105263157
545121,ST,Sweeper,Breaking,124,0.22950819672131148,0.24,0.2734364444444444
545121,FS,Splitter,Offspeed,56,0.22857142857142856,0.1875,0.1490625
545121,KC,Knuckle-Curve,Breaking,30,0.07692307692307693,1.3333333333333333,0.47759999999999997
545341,FF,4-Seam FB,Fastball,341,0.17297297297297298,0.6,0.3730314025974026
545341,SI,Sinker,Fastball,167,0.08450704225352113,0.5714285714285714,0.3406250952380953
545341,SL,Slider,Breaking,152,0.35365853658536583,0.38461538461538464,0.21006093023255812
545341,CH,Changeup,Offspeed,142,0.3548387096774194,0.5416666666666666,0.31979069767441864
545341,FC,Cutter,Fastball,90,0.17777777777777778,0.22727272727272727,0.30980078260869565
545341,ST,Sweeper,Breaking,72,0.36363636363636365,0.95,0.515258
545341,CU,Curveball,Breaking,59,0.3333333333333333,0.4,0.2364
545361,FF,4-Seam FB,Fastball,1222,0.2024793388429752,0.4075829383886256,0.3980025098039215
545361,SI,Sinker,Fastball,332,0.1310344827586207,0.4358974358974359,0.44684553191489357
545361,SL,Slider,Breaking,295,0.45454545454545453,0.25,0.288630375
545361,CH,Changeup,Offspeed,215,0.3364485981308411,0.56,0.3384620357142857
545361,ST,Sweeper,Breaking,207,0.2923076923076923,0.6896551724137931,0.41980062500000004
545361,FC,Cutter,Fastball,203,0.2777777777777778,0.7567567567567568,0.4927639591836735
545361,CU,Curveball,Breaking,140,0.3333333333333333,0.3103448275862069,0.1959947096774194
545361,FS,Splitter,Offspeed,63,0.3548387096774194,0.125,0.25922564705882356
545361,KC,Knuckle-Curve,Breaking,29,0.4444444444444444,0.5,0.13633333333333333
547180,FF,4-Seam FB,Fastball,629,0.31683168316831684,0.676923076923077,0.4612456419753086
547180,SI,Sinker,Fastball,438,0.14285714285714285,0.4823529411764706,0.35839132673267327
547180,SL,Slider,Breaking,420,0.4485981308411215,0.4050632911392405,0.39130941999999996
547180,CH,Changeup,Offspeed,265,0.2714285714285714,0.4057971014492754,0.38574523076923073
547180,ST,Sweeper,Breaking,234,0.3230769230769231,0.5918367346938775,0.3396426538461539
547180,CU,Curveball,Breaking,232,0.3305785123966942,0.3541666666666667,0.2986467777777778
547180,FC,Cutter,Fastball,216,0.26595744680851063,0.4146341463414634,0.4220236
547180,FS,Splitter,Offspeed,164,0.35,0.24390243902439024,0.20540591304347822
547180,KC,Knuckle-Curve,Breaking,48,0.45,0.36363636363636365,0.3272950769230769
547180,SV,Slurve,Breaking,27,0.2,0.6666666666666666,0.3775
553869,FF,4-Seam FB,Fastball,343,0.2471264367816092,0.35714285714285715,0.22554900000000003
553869,SL,Slider,Breaking,140,0.41975308641975306,0.4473684210526316,0.2764473684210526
553869,SI,Sinker,Fastball,128,0.16666666666666666,0.5,0.2917594666666667
553869,ST,Sweeper,Breaking,89,0.44,0.21739130434782608,0.1323913043478261
553869,CH,Changeup,Offspeed,71,0.2916666666666667,0.2692307692307692,0.2444230769230769
553869,FC,Cutter,Fastball,62,0.29411764705882354,0.17647058823529413,0.3007418
553869,CU,Curveball,Breaking,49,0.25,0.7692307692307693,0.4696012857142858
553993,FF,4-Seam FB,Fastball,611,0.332089552238806,0.5982905982905983,0.3730540434782609
553993,SI,Sinker,Fastball,457,0.16143497757847533,0.3181818181818182,0.30479293913043476
553993,SL,Slider,Breaking,306,0.5138888888888888,0.3225806451612903,0.24082263768115944
553993,CH,Changeup,Offspeed,167,0.39473684210526316,0.15625,0.17935055555555557
553993,ST,Sweeper,Breaking,167,0.45454545454545453,0.38095238095238093,0.22196714893617023
553993,FC,Cutter,Fastball,125,0.2222222222222222,0.7307692307692307,0.3334426206896552
553993,CU,Curveball,Breaking,109,0.45652173913043476,0.5416666666666666,0.39754688
553993,FS,Splitter,Offspeed,55,0.5185185185185185,0.3333333333333333,0.17110907692307695
571448,FF,4-Seam FB,Fastball,630,0.15457413249211358,0.6713286713286714,0.35221735064935067
571448,SI,Sinker,Fastball,435,0.14516129032258066,0.5268817204301075,0.33859730841121494
571448,SL,Slider,Breaking,403,0.3258426966292135,0.40476190476190477,0.2529378461538461
571448,ST,Sweeper,Breaking,292,0.29411764705882354,0.22972972972972974,0.23340456790123454
571448,CH,Changeup,Offspeed,211,0.2777777777777778,0.40384615384615385,0.2684582181818182
571448,FC,Cutter,Fastball,201,0.2911392405063291,0.4838709677419355,0.3598716571428571
571448,CU,Curveball,Breaking,116,0.25925925925925924,0.2857142857142857,0.23176307142857144
571448,FS,Splitter,Offspeed,44,0.5,0.2857142857142857,0.17329453333333333
571448,KC,Knuckle-Curve,Breaking,41,0.3684210526315789,0.4444444444444444,0.1721111111111111
571657,SI,Sinker,Fastball,30,0.18181818181818182,0.16666666666666666,0.303
571657,FF,4-Seam FB,Fastball,28,0.5,0.1111111111111111,0.09375
571771,FF,4-Seam FB,Fastball,103,0.15,0.48148148148148145,0.29185641379310345
571771,CH,Changeup,Offspeed,53,0.35714285714285715,0.1,0.24321981818181818
571771,SL,Slider,Breaking,42,0.2857142857142857,0.07692307692307693,0.18760128571428572
571771,ST,Sweeper,Breaking,32,0.4444444444444444,0.3333333333333333,0.18833333333333332
571771,CU,Curveball,Breaking,30,0.42857142857142855,0.2857142857142857,0.13885714285714285
571771,SI,Sinker,Fastball,28,0.07692307692307693,0.5,0.47098633333333334
571912,FF,4-Seam FB,Fastball,45,0.2,0.07692307692307693,0.07384615384615385
571912,SI,Sinker,Fastball,36,0.1875,0.625,0.17262500000000003
571970,FF,4-Seam FB,Fastball,586,0.18613138686131386,0.6893939393939394,0.4450198666666667
571970,CH,Changeup,Offspeed,336,0.3785310734463277,0.3764705882352941,0.30243219565217394
571970,SL,Slider,Breaking,335,0.3373493975903614,0.5223880597014925,0.32979454545454545
571970,SI,Sinker,Fastball,322,0.15384615384615385,0.48484848484848486,0.3960264358974359
571970,CU,Curveball,Breaking,250,0.4050632911392405,0.35555555555555557,0.24342982978723401
571970,ST,Sweeper,Breaking,165,0.4444444444444444,0.14814814814814814,0.12688888888888888
571970,FC,Cutter,Fastball,161,0.19318181818181818,0.6666666666666666,0.46142615384615393
571970,FS,Splitter,Offspeed,102,0.5185185185185185,0.21428571428571427,0.14625000000000002
571970,KC,Knuckle-Curve,Breaking,45,0.38461538461538464,0.0,0.1534836
572233,FF,4-Seam FB,Fastball,778,0.2822384428223844,0.3051948051948052,0.2817184804469273
572233,SI,Sinker,Fastball,412,0.13063063063063063,0.4112903225806452,0.3529505925925926
572233,SL,Slider,Breaking,349,0.3901098901098901,0.65,0.3091830588235294
572233,ST,Sweeper,Breaking,227,0.3867924528301887,0.3617021276595745,0.22023337499999998
572233,FC,Cutter,Fastball,217,0.2358490566037736,0.29545454545454547,0.29556165217391306
572233,CH,Changeup,Offspeed,200,0.3917525773195876,0.4,0.2797848333333333
572233,CU,Curveball,Breaking,188,0.3625,0.1935483870967742,0.2384421875
572233,FS,Splitter,Offspeed,54,0.24,0.7142857142857143,0.42369453333333335
572233,KC,Knuckle-Curve,Breaking,47,0.30434782608695654,0.6666666666666666,0.19366666666666665
573262,FF,4-Seam FB,Fastball,642,0.22992700729927007,0.44715447154471544,0.3175523043478261
573262,SI,Sinker,Fastball,233,0.1511627906976744,0.5,0.34718673076923073
573262,CH,Changeup,Offspeed,176,0.2,0.3617021276595745,0.32177547826086955
573262,SL,Slider,Breaking,171,0.3382352941176471,0.36585365853658536,0.2260659534883721
573262,FC,Cutter,Fastball,154,0.3114754098360656,0.3,0.34577572222222225
573262,ST,Sweeper,Breaking,120,0.22641509433962265,0.25,0.18758928
573262,CU,Curveball,Breaking,100,0.21052631578947367,0.7272727272727273,0.43158044444444443
573262,FS,Splitter,Offspeed,56,0.25,0.125,0.20586666666666667
573262,KC,Knuckle-Curve,Breaking,37,0.25,0.4,0.20860000000000004
575929,FF,4-Seam FB,Fastball,675,0.27899686520376177,0.3953488372093023,0.3739200365853658
575929,SI,Sinker,Fastball,359,0.10880829015544041,0.7204301075268817,0.48730739823008845
575929,SL,Slider,Breaking,310,0.4567901234567901,0.453125,0.34502284848484843
575929,CH,Changeup,Offspeed,249,0.3787878787878788,0.7213114754098361,0.3837672258064517
575929,ST,Sweeper,Breaking,157,0.3698630136986301,0.27906976744186046,0.22094963636363635
575929,FC,Cutter,Fastball,139,0.33962264150943394,0.3181818181818182,0.2999643703703704
575929,CU,Curveball,Breaking,124,0.28888888888888886,0.25,0.28751344
575929,FS,Splitter,Offspeed,63,0.45714285714285713,0.35714285714285715,0.18230225
575929,KC,Knuckle-Curve,Breaking,43,0.3888888888888889,1.1111111111111112,0.6480418000000001
592206,FF,4-Seam FB,Fastball,116,0.18571428571428572,0.19444444444444445,0.2616187272727273
592206,SI,Sinker,Fastball,101,0.25806451612903225,0.4166666666666667,0.3748624347826087
592206,SL,Slider,Breaking,87,0.4807692307692308,0.5454545454545454,0.21295238095238092
592206,ST,Sweeper,Breaking,76,0.3170731707317073,0.5,0.4539584285714286
592206,CH,Changeup,Offspeed,51,0.2962962962962963,0.08333333333333333,0.21500000000000002
592206,FC,Cutter,Fastball,35,0.4090909090909091,0.7142857142857143,0.4495
592206,FS,Splitter,Offspeed,28,0.6666666666666666,0.0,0.0906
592450,FF,4-Seam FB,Fastball,321,0.2846715328467153,0.4807692307692308,0.41812558730158733
592450,SL,Slider,Breaking,210,0.35353535353535354,0.3076923076923077,0.2527035813953488
592450,SI,Sinker,Fastball,195,0.1323529411764706,0.7142857142857143,0.5241177272727273
592450,CH,Changeup,Offspeed,175,0.38666666666666666,0.34285714285714286,0.31997315
592450,FC,Cutter,Fastball,116,0.4107142857142857,0.625,0.3051090769230769
592450,ST,Sweeper,Breaking,104,0.28205128205128205,0.4,0.38950637037037034
592450,CU,Curveball,Breaking,76,0.47058823529411764,0.5555555555555556,0.3985703157894736
592450,FS,Splitter,Offspeed,46,0.6153846153846154,0.8333333333333334,0.4929166666666666
592518,FF,4-Seam FB,Fastball,762,0.25474254742547425,0.6097560975609756,0.4005902486486486
592518,SI,Sinker,Fastball,518,0.1487603305785124,0.35294117647058826,0.37904433333333337
592518,SL,Slider,Breaking,353,0.29069767441860467,0.37662337662337664,0.26203483333333333
592518,ST,Sweeper,Breaking,312,0.3618421052631579,0.25,0.22588625641025642
592518,CH,Changeup,Offspeed,257,0.2962962962962963,0.23529411764705882,0.2516998630136986
592518,FC,Cutter,Fastball,213,0.13978494623655913,0.45,0.4083725106382979
592518,CU,Curveball,Breaking,128,0.2857142857142857,0.2916666666666667,0.295287935483871
592518,FS,Splitter,Offspeed,56,0.375,0.09090909090909091,0.2479467142857143
592518,KC,Knuckle-Curve,Breaking,37,0.2631578947368421,0.2,0.25379999999999997
592626,FF,4-Seam FB,Fastball,581,0.29259259259259257,0.5,0.36793302255639093
592626,CH,Changeup,Offspeed,274,0.30597014925373134,0.2876712328767123,0.2579500533333334
592626,SL,Slider,Breaking,195,0.4318181818181818,0.4444444444444444,0.29953382978723403
592626,SI,Sinker,Fastball,186,0.24691358024691357,0.5952380952380952,0.38042808
592626,FC,Cutter,Fastball,162,0.3023255813953488,0.9032258064516129,0.4923066111111112
592626,CU,Curveball,Breaking,141,0.25757575757575757,0.3235294117647059,0.2590245882352941
592626,ST,Sweeper,Breaking,121,0.42857142857142855,0.8823529411764706,0.46027681818181815
592626,FS,Splitter,Offspeed,65,0.25806451612903225,0.38461538461538464,0.355578375
592626,KC,Knuckle-Curve,Breaking,55,0.24242424242424243,0.36363636363636365,0.2543681666666667
592663,FF,4-Seam FB,Fastball,561,0.19798657718120805,0.34057971014492755,0.3242808516129032
592663,SI,Sinker,Fastball,342,0.13609467455621302,0.313953488372093,0.37405460869565216
592663,SL,Slider,Breaking,276,0.3055555555555556,0.5740740740740741,0.333417275862069
592663,ST,Sweeper,Breaking,168,0.25,0.25,0.2308612
592663,CH,Changeup,Offspeed,167,0.3333333333333333,0.21621621621621623,0.3060609189189189
592663,FC,Cutter,Fastball,143,0.328125,0.3142857142857143,0.29132819512195124
592663,CU,Curveball,Breaking,90,0.3783783783783784,0.25,0.1907892
592663,FS,Splitter,Offspeed,57,0.3333333333333333,0.2727272727272727,0.2312805
592663,KC,Knuckle-Curve,Breaking,26,0.5,0.0,0.455209
592885,FF,4-Seam FB,Fastball,633,0.23310810810810811,0.3898305084745763,0.33516549206349205
592885,SI,Sinker,Fastball,398,0.15853658536585366,0.27848101265822783,0.34743736263736263
592885,SL,Slider,Breaking,324,0.4794520547945205,0.2465753424657534,0.1948565333333333
592885,FC,Cutter,Fastball,246,0.3023255813953488,0.4918032786885246,0.3587850322580645
592885,ST,Sweeper,Breaking,145,0.358974358974359,0.36585365853658536,0.3120045909090909
592885,CH,Changeup,Offspeed,141,0.22580645161290322,0.5757575757575758,0.28350705555555555
592885,CU,Curveball,Breaking,113,0.37209302325581395,0.3181818181818182,0.22727272727272727
592885,FS,Splitter,Offspeed,71,0.4827586206896552,0.6666666666666666,0.37483862500000004
593428,SI,Sinker,Fastball,620,0.12547528517110265,0.3194444444444444,0.32648647904191613
593428,FF,4-Seam FB,Fastball,538,0.14859437751004015,0.49264705882352944,0.4008026883116883
593428,SL,Slider,Breaking,344,0.34782608695652173,0.18867924528301888,0.2702127
593428,ST,Sweeper,Breaking,236,0.25252525252525254,0.46296296296296297,0.3562542295081967
593428,CH,Changeup,Offspeed,218,0.38095238095238093,0.1590909090909091,0.20932455319148935
593428,FC,Cutter,Fastball,154,0.19298245614035087,0.43902439024390244,0.3848244782608696
593428,CU,Curveball,Breaking,152,0.3620689655172414,0.13333333333333333,0.154338625
593428,FS,Splitter,Offspeed,59,0.5,0.15384615384615385,0.15424414285714286
593428,KC,Knuckle-Curve,Breaking,39,0.42105263157894735,0.2222222222222222,0.23222222222222222
593871,FF,4-Seam FB,Fastball,206,0.16326530612244897,0.1590909090909091,0.26099237209302323
593871,CH,Changeup,Offspeed,109,0.30357142857142855,0.15625,0.17301441379310345
593871,SI,Sinker,Fastball,81,0.125,0.12,0.23133015999999998
593871,SL,Slider,Breaking,65,0.2857142857142857,0.5,0.40849254545454544
593871,CU,Curveball,Breaking,48,0.5,0.125,0.01942857142857143
593871,FC,Cutter,Fastball,43,0.1111111111111111,0.16666666666666666,0.21966666666666668
593871,ST,Sweeper,Breaking,37,0.3076923076923077,1.0,0.3879
593871,FS,Splitter,Offspeed,36,0.4117647058823529,0.2,0.17200000000000001
595879,FF,4-Seam FB,Fastball,163,0.27058823529411763,0.6451612903225806,0.387144375
595879,ST,Sweeper,Breaking,121,0.4230769230769231,0.23529411764705882,0.18325
595879,SI,Sinker,Fastball,115,0.16279069767441862,0.25806451612903225,0.23635924137931033
595879,SL,Slider,Breaking,109,0.3142857142857143,0.2926829268292683,0.24178933333333333
595879,CH,Changeup,Offspeed,87,0.32142857142857145,0.4074074074074074,0.26909299999999997
595879,FC,Cutter,Fastball,51,0.16,0.5,0.2592857142857143
595879,CU,Curveball,Breaking,46,0.4166666666666667,0.09090909090909091,0.18560000000000001
595978,FF,4-Seam FB,Fastball,311,0.1888111888111888,0.36486486486486486,0.2880601728395062
595978,SI,Sinker,Fastball,175,0.07042253521126761,0.40476190476190477,0.32533203773584907
595978,SL,Slider,Breaking,144,0.3333333333333333,0.40625,0.26196472727272724
595978,FC,Cutter,Fastball,102,0.2916666666666667,0.6111111111111112,0.30582161904761906
595978,ST,Sweeper,Breaking,82,0.4,0.10526315789473684,0.12530000000000002
595978,CH,Changeup,Offspeed,67,0.3888888888888889,0.35294117647058826,0.2796470588235294
595978,CU,Curveball,Breaking,44,0.4,0.0,0.17267725
596019,FF,4-Seam FB,Fastball,671,0.2032258064516129,0.3972602739726027,0.34769045
596019,CH,Changeup,Offspeed,281,0.25170068027210885,0.391304347826087,0.28995206060606066
596019,SI,Sinker,Fastball,240,0.15463917525773196,0.4807692307692308,0.420419724137931
596019,SL,Slider,Breaking,199,0.32710280373831774,0.375,0.32873121568627456
596019,FC,Cutter,Fastball,185,0.28125,0.4166666666666667,0.3751439069767442
596019,CU,Curveball,Breaking,170,0.30357142857142855,0.7391304347826086,0.2330869565217391
596019,ST,Sweeper,Breaking,104,0.3125,0.0,0.15763114285714286
596019,FS,Splitter,Offspeed,88,0.3409090909090909,0.30434782608695654,0.22219344
596019,KC,Knuckle-Curve,Breaking,35,0.14285714285714285,0.42857142857142855,0.38185714285714284
596103,FF,4-Seam FB,Fastball,124,0.1875,0.3,0.2687288
596103,CH,Changeup,Offspeed,62,0.5555555555555556,0.14285714285714285,0.211
596103,SI,Sinker,Fastball,47,0.21428571428571427,0.25,0.2379353333333333
596115,FF,4-Seam FB,Fastball,319,0.2947976878612717,0.42424242424242425,0.2378954153846154
596115,SI,Sinker,Fastball,174,0.1724137931034483,0.5128205128205128,0.3874168
596115,SL,Slider,Breaking,125,0.3684210526315789,0.40476190476190477,0.21909356097560978
596115,ST,Sweeper,Breaking,115,0.36923076923076925,0.2926829268292683,0.153925
596115,CH,Changeup,Offspeed,86,0.4,0.3,0.19483333333333333
596115,FC,Cutter,Fastball,80,0.2558139534883721,0.15789473684210525,0.24399999999999997
596115,CU,Curveball,Breaking,66,0.34210526315789475,0.55,0.3304956842105263
596117,FF,4-Seam FB,Fastball,100,0.12727272727272726,0.0,0.21298863157894735
596117,SI,Sinker,Fastball,55,0.0,0.11764705882352941,0.243088625
596117,CU,Curveball,Breaking,27,0.6153846153846154,0.0,0.10419514285714285
596142,FF,4-Seam FB,Fastball,289,0.21782178217821782,0.6428571428571429,0.4525601369863014
596142,SL,Slider,Breaking,202,0.37662337662337664,0.2,0.20333938095238094
596142,SI,Sinker,Fastball,178,0.07352941176470588,0.5,0.3821595416666667
596142,CH,Changeup,Offspeed,156,0.5,0.2857142857142857,0.25279712499999996
596142,FC,Cutter,Fastball,92,0.07407407407407407,0.38095238095238093,0.29355225
596142,ST,Sweeper,Breaking,83,0.15,0.4166666666666667,0.43698633333333325
596142,CU,Curveball,Breaking,75,0.37037037037037035,0.5714285714285714,0.32886475
596142,FS,Splitter,Offspeed,38,0.29411764705882354,0.3,0.2246
596146,FF,4-Seam FB,Fastball,155,0.19718309859154928,0.39285714285714285,0.3884143030303031
596146,CH,Changeup,Offspeed,100,0.2711864406779661,0.23076923076923078,0.1872441428571429
596146,SI,Sinker,Fastball,93,0.1875,0.3333333333333333,0.30709672
596146,SL,Slider,Breaking,55,0.2647058823529412,0.2631578947368421,0.2529709
596146,ST,Sweeper,Breaking,41,0.43478260869565216,0.36363636363636365,0.1797015
596146,FC,Cutter,Fastball,33,0.17647058823529413,0.36363636363636365,0.33381818181818185
596146,FS,Splitter,Offspeed,29,0.4375,0.14285714285714285,0.10317725
600869,FF,4-Seam FB,Fastball,61,0.35294117647058826,0.09090909090909091,0.043000000000000003
600869,SL,Slider,Breaking,32,0.5,0.0,0.27948828571428574
602104,FF,4-Seam FB,Fastball,120,0.2033898305084746,0.24,0.2808860769230769
602104,SI,Sinker,Fastball,86,0.1951219512195122,0.3684210526315789,0.30018019047619043
602104,SL,Slider,Breaking,55,0.3076923076923077,0.5384615384615384,0.32688700000000004
602104,ST,Sweeper,Breaking,45,0.2631578947368421,0.3076923076923077,0.27470012499999996
602104,CH,Changeup,Offspeed,40,0.375,0.18181818181818182,0.20254545454545453
602104,FC,Cutter,Fastball,26,0.3,0.0,0.19108360000000002
602104,CU,Curveball,Breaking,25,0.0,1.2,0.7367276666666666
605137,FF,4-Seam FB,Fastball,786,0.2100238663484487,0.4673913043478261,0.3651786473429952
605137,CH,Changeup,Offspeed,468,0.228310502283105,0.3113207547169811,0.2902280909090909
605137,SI,Sinker,Fastball,311,0.11678832116788321,0.4268292682926829,0.33577039534883724
605137,CU,Curveball,Breaking,228,0.3595505617977528,0.4146341463414634,0.3316015416666666
605137,SL,Slider,Breaking,222,0.24390243902439024,0.4583333333333333,0.3627654509803922
605137,FC,Cutter,Fastball,184,0.1595744680851064,0.45454545454545453,0.4139561463414634
605137,ST,Sweeper,Breaking,142,0.3387096774193548,0.34375,0.21315755555555557
605137,FS,Splitter,Offspeed,130,0.39655172413793105,0.28,0.24640069230769232
605137,KC,Knuckle-Curve,Breaking,38,0.4117647058823529,0.2222222222222222,0.3142418
605141,FF,4-Seam FB,Fastball,620,0.04838709677419355,0.5503355704697986,0.35046649689440995
605141,SI,Sinker,Fastball,353,0.0457516339869281,0.41,0.4136398363636364
605141,SL,Slider,Breaking,284,0.2803738317757009,0.38095238095238093,0.263492
605141,CH,Changeup,Offspeed,194,0.19,0.2962962962962963,0.30984098181818187
605141,FC,Cutter,Fastball,186,0.11904761904761904,0.43137254901960786,0.2790245882352941
605141,ST,Sweeper,Breaking,157,0.1694915254237288,0.5517241379310345,0.3924472666666666
605141,CU,Curveball,Breaking,108,0.09375,0.1875,0.187801
605141,FS,Splitter,Offspeed,35,0.35294117647058826,0.75,0.32375
605141,KC,Knuckle-Curve,Breaking,31,0.18181818181818182,0.8571428571428571,0.4477142857142857
605170,FF,4-Seam FB,Fastball,491,0.1324200913242009,0.2923076923076923,0.2819641438848921
605170,SI,Sinker,Fastball,225,0.11578947368421053,0.19642857142857142,0.2910799016393442
605170,CH,Changeup,Offspeed,219,0.3870967741935484,0.22,0.2573692075471698
605170,SL,Slider,Breaking,163,0.3918918918918919,0.47058823529411764,0.34478379487179484
605170,FC,Cutter,Fastball,136,0.09836065573770492,0.84,0.5546968571428572
605170,CU,Curveball,Breaking,129,0.3888888888888889,0.1875,0.2685601
605170,ST,Sweeper,Breaking,73,0.32142857142857145,0.5,0.2406498571428571
605170,FS,Splitter,Offspeed,44,0.5454545454545454,0.16666666666666666,0.1494936923076923
605244,FF,4-Seam FB,Fastball,30,0.3333333333333333,0.3333333333333333,0.0032500000000000003
606115,FF,4-Seam FB,Fastball,61,0.2,0.5714285714285714,0.3501181666666667
606115,SL,Slider,Breaking,40,0.2,0.2727272727272727,0.19414285714285714
606115,SI,Sinker,Fastball,35,0.13333333333333333,0.4166666666666667,0.31625
606115,ST,Sweeper,Breaking,29,0.08333333333333333,0.2,0.0986
606192,FF,4-Seam FB,Fastball,549,0.2815884476534296,0.4745762711864407,0.3722824341085271
606192,SI,Sinker,Fastball,383,0.15,0.5180722891566265,0.37496831460674157
606192,SL,Slider,Breaking,264,0.4186046511627907,0.4925373134328358,0.3014088571428571
606192,CH,Changeup,Offspeed,234,0.37815126050420167,0.4727272727272727,0.38387803448275865
606192,FC,Cutter,Fastball,199,0.38144329896907214,0.5,0.31267738461538463
606192,ST,Sweeper,Breaking,172,0.43243243243243246,0.2727272727272727,0.17323677272727273
606192,CU,Curveball,Breaking,94,0.35294117647058826,0.38461538461538464,0.2758522666666667
606192,FS,Splitter,Offspeed,61,0.5483870967741935,0.17647058823529413,0.25171010000000005
606466,FF,4-Seam FB,Fastball,649,0.11598746081504702,0.4519774011299435,0.3531170416666667
606466,CH,Changeup,Offspeed,443,0.27488151658767773,0.29245283018867924,0.29438819819819817
606466,SL,Slider,Breaking,227,0.22764227642276422,0.4,0.3340441904761905
606466,SI,Sinker,Fastball,221,0.05405405405405406,0.7121212121212122,0.47691557142857144
606466,FC,Cutter,Fastball,171,0.13924050632911392,0.2727272727272727,0.285295
606466,ST,Sweeper,Breaking,161,0.3291139240506329,0.5151515151515151,0.3064718974358975
606466,CU,Curveball,Breaking,160,0.24242424242424243,0.6363636363636364,0.451611294117647
606466,FS,Splitter,Offspeed,138,0.37142857142857144,0.25806451612903225,0.21937400000000004
606466,KC,Knuckle-Curve,Breaking,47,0.19047619047619047,0.14285714285714285,0.24336475
606992,FF,4-Seam FB,Fastball,92,0.28888888888888886,0.47619047619047616,0.3717706923076923
606992,SI,Sinker,Fastball,67,0.16129032258064516,0.6153846153846154,0.3434166666666667
606992,SL,Slider,Breaking,62,0.53125,0.13333333333333333,0.12121428571428572
606992,ST,Sweeper,Breaking,29,0.5833333333333334,0.0,0.24787499999999998
606992,CH,Changeup,Offspeed,28,0.375,0.0,0.1714882857142857
607043,FF,4-Seam FB,Fastball,904,0.21555555555555556,0.40932642487046633,0.32330903286384977
607043,SI,Sinker,Fastball,421,0.1497584541062802,0.29347826086956524,0.343406693069307
607043,SL,Slider,Breaking,341,0.3146067415730337,0.4810126582278481,0.37157684090909093
607043,CH,Changeup,Offspeed,268,0.2887323943661972,0.37662337662337664,0.32409544736842105
607043,FC,Cutter,Fastball,219,0.2518518518518518,0.5098039215686274,0.37568101818181815
607043,ST,Sweeper,Breaking,169,0.2826086956521739,0.45,0.3197419024390244
607043,CU,Curveball,Breaking,143,0.21568627450980393,0.30434782608695654,0.3960174166666666
607043,KC,Knuckle-Curve,Breaking,57,0.23076923076923078,0.5,0.4158945333333333
607043,FS,Splitter,Offspeed,47,0.21428571428571427,0.47368421052631576,0.34042105263157896
607208,FF,4-Seam FB,Fastball,715,0.22346368715083798,0.47096774193548385,0.3329479064327485
607208,SI,Sinker,Fastball,432,0.1206896551724138,0.4098360655737705,0.36021196899224805
607208,SL,Slider,Breaking,429,0.3523809523809524,0.32673267326732675,0.2440128
607208,ST,Sweeper,Breaking,289,0.40441176470588236,0.20588235294117646,0.18311552112676055
607208,CH,Changeup,Offspeed,248,0.3712121212121212,0.27941176470588236,0.2831133230769231
607208,FC,Cutter,Fastball,235,0.28695652173913044,0.32,0.29389829629629627
607208,CU,Curveball,Breaking,157,0.2839506172839506,0.425531914893617,0.2767391304347826
607208,FS,Splitter,Offspeed,69,0.425,0.42105263157894735,0.21962089999999995
607208,KC,Knuckle-Curve,Breaking,49,0.4230769230769231,0.5454545454545454,0.3246181666666667
608070,FF,4-Seam FB,Fastball,581,0.13454545454545455,0.5083333333333333,0.36978359090909096
608070,CH,Changeup,Offspeed,368,0.2,0.3333333333333333,0.27838199999999996
608070,SL,Slider,Breaking,319,0.19736842105263158,0.34210526315789475,0.29413185714285717
608070,SI,Sinker,Fastball,273,0.09900990099009901,0.3125,0.3486880392156863
608070,FC,Cutter,Fastball,255,0.16923076923076924,0.46296296296296297,0.3068787719298245
608070,CU,Curveball,Breaking,132,0.2,0.47619047619047616,0.35449837037037035
608070,ST,Sweeper,Breaking,113,0.07272727272727272,0.2916666666666667,0.3370248888888889
608070,FS,Splitter,Offspeed,94,0.13953488372093023,0.2916666666666667,0.3847501481481481
608070,KC,Knuckle-Curve,Breaking,43,0.05,0.1111111111111111,0.27832723076923077
608324,FF,4-Seam FB,Fastball,719,0.1037463976945245,0.4470588235294118,0.3170373263157895
608324,SI,Sinker,Fastball,575,0.04201680672268908,0.40559440559440557,0.3532544698795181
608324,SL,Slider,Breaking,461,0.29347826086956524,0.47674418604651164,0.31104268686868686
608324,ST,Sweeper,Breaking,257,0.25842696629213485,0.5416666666666666,0.2961604
608324,FC,Cutter,Fastball,223,0.1717171717171717,0.5416666666666666,0.36258047272727273
608324,CH,Changeup,Offspeed,217,0.21875,0.5,0.35299862962962963
608324,CU,Curveball,Breaking,197,0.24561403508771928,0.425,0.23388962790697676
608324,KC,Knuckle-Curve,Breaking,45,0.06666666666666667,0.625,0.244875
608324,FS,Splitter,Offspeed,30,0.09090909090909091,0.42857142857142855,0.28867725
608348,FF,4-Seam FB,Fastball,513,0.11016949152542373,0.3577981651376147,0.3318080655737705
608348,SI,Sinker,Fastball,319,0.08270676691729323,0.38202247191011235,0.3188916774193548
608348,SL,Slider,Breaking,290,0.3178294573643411,0.45454545454545453,0.31151394666666665
608348,ST,Sweeper,Breaking,147,0.2571428571428571,0.3888888888888889,0.2556157837837838
608348,CH,Changeup,Offspeed,145,0.3333333333333333,0.5161290322580645,0.25815112500000004
608348,FC,Cutter,Fastball,107,0.20930232558139536,0.6956521739130435,0.49374214814814815
608348,CU,Curveball,Breaking,81,0.1891891891891892,0.11764705882352941,0.189375
608369,FF,4-Seam FB,Fastball,427,0.3547008547008547,0.41836734693877553,0.33272443636363636
608369,SI,Sinker,Fastball,304,0.23255813953488372,0.4358974358974359,0.374944
608369,SL,Slider,Breaking,260,0.4296875,0.4444444444444444,0.347895275862069
608369,CH,Changeup,Offspeed,200,0.3473684210526316,0.52,0.3924050800000001
608369,ST,Sweeper,Breaking,124,0.32075471698113206,0.28,0.26706607407407407
608369,FC,Cutter,Fastball,91,0.16666666666666666,0.5555555555555556,0.4743778125
608369,CU,Curveball,Breaking,88,0.4222222222222222,0.4,0.20237090000000002
608369,FS,Splitter,Offspeed,60,0.47058823529411764,0.14285714285714285,0.3487765882352941
608369,KC,Knuckle-Curve,Breaking,36,0.4117647058823529,0.16666666666666666,0.13283333333333333
608701,FF,4-Seam FB,Fastball,189,0.26595744680851063,0.38636363636363635,0.2699811111111111
608701,SI,Sinker,Fastball,85,0.21052631578947367,0.1,0.353151125
608701,CH,Changeup,Offspeed,78,0.3125,0.25,0.24798975
608701,SL,Slider,Breaking,70,0.5333333333333333,0.06666666666666667,0.03542857142857143
608701,FC,Cutter,Fastball,56,0.2222222222222222,0.08333333333333333,0.30033333333333334
608701,CU,Curveball,Breaking,41,0.29411764705882354,0.2,0.130038
608701,ST,Sweeper,Breaking,38,0.18181818181818182,1.0,0.52440025
608841,FF,4-Seam FB,Fastball,31,0.125,0.2727272727272727,0.349732
609280,FF,4-Seam FB,Fastball,202,0.11450381679389313,0.38333333333333336,0.30542685245901635
609280,SI,Sinker,Fastball,197,0.04672897196261682,0.47368421052631576,0.36560328571428574
609280,SL,Slider,Breaking,171,0.26595744680851063,0.12195121951219512,0.24674999999999997
609280,ST,Sweeper,Breaking,145,0.3103448275862069,0.5862068965517241,0.20589285714285713
609280,CH,Changeup,Offspeed,100,0.25806451612903225,0.37037037037037035,0.18519874074074072
609280,FC,Cutter,Fastball,76,0.3333333333333333,0.0625,0.3245696666666667
609280,CU,Curveball,Breaking,47,0.19047619047619047,0.9090909090909091,0.4532805
609280,FS,Splitter,Offspeed,30,0.3333333333333333,0.8,0.3726666666666667
620443,FF,4-Seam FB,Fastball,295,0.19375,0.625,0.41050996825396824
620443,SI,Sinker,Fastball,274,0.09401709401709402,0.35,0.30092286153846154
620443,SL,Slider,Breaking,144,0.38461538461538464,0.17647058823529413,0.2005056111111111
620443,ST,Sweeper,Breaking,123,0.3148148148148148,0.3448275862068966,0.15792857142857142
620443,CH,Changeup,Offspeed,79,0.1951219512195122,0.39285714285714285,0.23334615384615384
620443,FC,Cutter,Fastball,70,0.09375,0.5625,0.4473474444444444
620443,CU,Curveball,Breaking,58,0.4,0.5,0.23811111111111108
620443,FS,Splitter,Offspeed,25,0.0,0.125,0.23377777777777778
621020,FF,4-Seam FB,Fastball,423,0.26991150442477874,0.48333333333333334,0.3528355714285714
621020,SL,Slider,Breaking,376,0.3611111111111111,0.2753623188405797,0.2539384657534247
621020,SI,Sinker,Fastball,347,0.19642857142857142,0.48148148148148145,0.3684890344827586
621020,ST,Sweeper,Breaking,219,0.24691358024691357,0.5128205128205128,0.2929353333333333
621020,CH,Changeup,Offspeed,198,0.4326923076923077,0.32,0.25976363265306124
621020,FC,Cutter,Fastball,131,0.328125,0.4838709677419355,0.3459766875
621020,CU,Curveball,Breaking,121,0.45098039215686275,0.041666666666666664,0.10225
621020,KC,Knuckle-Curve,Breaking,42,0.3333333333333333,0.14285714285714285,0.22233333333333336
621020,FS,Splitter,Offspeed,31,0.23076923076923078,0.0,0.2823454285714285
621043,FF,4-Seam FB,Fastball,158,0.17391304347826086,0.4,0.3149002285714286
621043,SI,Sinker,Fastball,143,0.05,0.43243243243243246,0.4292460975609756
621043,SL,Slider,Breaking,91,0.30303030303030304,0.3333333333333333,0.2827918
621043,ST,Sweeper,Breaking,63,0.3235294117647059,0.625,0.32062499999999994
621043,CH,Changeup,Offspeed,53,0.32,0.2857142857142857,0.29667725
621043,FC,Cutter,Fastball,48,0.38095238095238093,0.3333333333333333,0.4764726666666667
621043,CU,Curveball,Breaking,39,0.2857142857142857,0.5,0.5386019999999999
621438,FF,4-Seam FB,Fastball,262,0.19083969465648856,0.5172413793103449,0.299868935483871
621438,SI,Sinker,Fastball,158,0.10126582278481013,0.54,0.36361235714285717
621438,SL,Slider,Breaking,136,0.2361111111111111,0.46875,0.2284516129032258
621438,CH,Changeup,Offspeed,92,0.2982456140350877,0.39285714285714285,0.3121178620689655
621438,ST,Sweeper,Breaking,76,0.16,0.3888888888888889,0.30706666666666665
621438,FC,Cutter,Fastball,74,0.3225806451612903,0.42857142857142855,0.2382142857142857
621438,CU,Curveball,Breaking,66,0.3,0.2857142857142857,0.20507692307692307
621439,FF,4-Seam FB,Fastball,380,0.30097087378640774,0.6057692307692307,0.39584085454545453
621439,SI,Sinker,Fastball,292,0.19230769230769232,0.5789473684210527,0.382137975
621439,SL,Slider,Breaking,232,0.3333333333333333,0.6458333333333334,0.38761589090909093
621439,CH,Changeup,Offspeed,214,0.37383177570093457,0.2978723404255319,0.3115968846153846
621439,ST,Sweeper,Breaking,142,0.4675324675324675,0.24324324324324326,0.16348297435897435
621439,FC,Cutter,Fastball,106,0.3225806451612903,0.7741935483870968,0.38120105882352945
621439,CU,Curveball,Breaking,93,0.19444444444444445,0.6,0.28490000000000004
621439,FS,Splitter,Offspeed,52,0.375,0.0,0.1910871111111111
621493,FF,4-Seam FB,Fastball,742,0.20701754385964913,0.391304347826087,0.39292642528735633
621493,SI,Sinker,Fastball,550,0.0847457627118644,0.3816793893129771,0.3725247721518987
621493,SL,Slider,Breaking,364,0.2457627118644068,0.203125,0.2472707123287671
621493,ST,Sweeper,Breaking,267,0.23076923076923078,0.1590909090909091,0.27620232727272725
621493,FC,Cutter,Fastball,227,0.2077922077922078,0.2894736842105263,0.3148896956521739
621493,CH,Changeup,Offspeed,194,0.15384615384615385,0.24444444444444444,0.2500692340425532
621493,CU,Curveball,Breaking,118,0.3684210526315789,0.11538461538461539,0.261515875
621493,FS,Splitter,Offspeed,43,0.2857142857142857,0.5,0.38182422222222223
621493,KC,Knuckle-Curve,Breaking,32,0.4444444444444444,0.0,0.147
621550,FF,4-Seam FB,Fastball,82,0.3673469387755102,0.0,0.1384918
621550,SI,Sinker,Fastball,25,0.13333333333333333,0.2222222222222222,0.4495714285714286
621566,FF,4-Seam FB,Fastball,895,0.2590909090909091,0.5185185185185185,0.36631751690821257
621566,SI,Sinker,Fastball,427,0.17326732673267325,0.5436893203883495,0.39372869565217394
621566,SL,Slider,Breaking,368,0.36645962732919257,0.6049382716049383,0.33658545
621566,CH,Changeup,Offspeed,322,0.2196969696969697,0.5666666666666667,0.36143663492063494
621566,FC,Cutter,Fastball,309,0.2191780821917808,0.5932203389830508,0.39840877419354837
621566,ST,Sweeper,Breaking,276,0.29365079365079366,0.41935483870967744,0.30877409090909086
621566,CU,Curveball,Breaking,173,0.23809523809523808,0.20454545454545456,0.16198734782608695
621566,FS,Splitter,Offspeed,84,0.3902439024390244,0.4,0.305463625
621566,KC,Knuckle-Curve,Breaking,49,0.37037037037037035,0.8,0.4699470909090909
622268,FF,4-Seam FB,Fastball,233,0.15671641791044777,0.5636363636363636,0.36280840000000003
622268,SI,Sinker,Fastball,164,0.1111111111111111,0.5531914893617021,0.38399550943396227
622268,CH,Changeup,Offspeed,156,0.3918918918918919,0.22580645161290322,0.28031393333333327
622268,SL,Slider,Breaking,131,0.3939393939393939,0.0,0.1413783076923077
622268,ST,Sweeper,Breaking,99,0.38095238095238093,0.875,0.253549
622268,FC,Cutter,Fastball,83,0.18604651162790697,0.6190476190476191,0.41250271999999993
622268,CU,Curveball,Breaking,68,0.2631578947368421,0.25,0.2731468
622268,FS,Splitter,Offspeed,58,0.41935483870967744,0.23076923076923078,0.23584615384615384
622761,FF,4-Seam FB,Fastball,254,0.2191780821917808,0.32142857142857145,0.3106348333333333
622761,SI,Sinker,Fastball,138,0.1016949152542373,0.5757575757575758,0.3495212727272727
622761,CH,Changeup,Offspeed,118,0.44776119402985076,0.14814814814814814,0.17488
622761,SL,Slider,Breaking,113,0.4583333333333333,0.2857142857142857,0.23110655555555557
622761,ST,Sweeper,Breaking,93,0.3695652173913043,0.3157894736842105,0.1504705882352941
622761,FC,Cutter,Fastball,77,0.35135135135135137,0.06666666666666667,0.4333224
622761,CU,Curveball,Breaking,48,0.3225806451612903,0.29411764705882354,0.2105
623168,FF,4-Seam FB,Fastball,217,0.14166666666666666,0.32608695652173914,0.28808412499999997
623168,CH,Changeup,Offspeed,100,0.18181818181818182,0.19444444444444445,0.2094857142857143
623168,SI,Sinker,Fastball,86,0.13333333333333333,0.3181818181818182,0.2630454545454545
623168,SL,Slider,Breaking,69,0.2631578947368421,0.06666666666666667,0.1495
623168,ST,Sweeper,Breaking,57,0.29411764705882354,0.23076923076923078,0.21807692307692308
623168,CU,Curveball,Breaking,56,0.2222222222222222,0.13333333333333333,0.20489106666666668
623168,FS,Splitter,Offspeed,56,0.3939393939393939,0.09523809523809523,0.18049361904761904
623168,FC,Cutter,Fastball,38,0.0625,0.6,0.48126874999999997
624413,FF,4-Seam FB,Fastball,800,0.25060240963855424,0.6227544910179641,0.47491478688524585
624413,SI,Sinker,Fastball,605,0.1509433962264151,0.504,0.4229088689655172
624413,SL,Slider,Breaking,429,0.35911602209944754,0.5189873417721519,0.38247929787234036
624413,ST,Sweeper,Breaking,301,0.37142857142857144,0.4444444444444444,0.3568718032786885
624413,CH,Changeup,Offspeed,251,0.288,0.5245901639344263,0.3556584242424242
624413,FC,Cutter,Fastball,220,0.24242424242424243,0.40384615384615385,0.3979188571428572
624413,CU,Curveball,Breaking,211,0.3150684931506849,0.3333333333333333,0.2653569019607843
624413,FS,Splitter,Offspeed,53,0.5,0.2222222222222222,0.22043659999999998
624413,KC,Knuckle-Curve,Breaking,46,0.38461538461538464,0.2857142857142857,0.22216666666666665
624424,FF,4-Seam FB,Fastball,427,0.21568627450980393,0.4942528735632184,0.3316365252525253
624424,CH,Changeup,Offspeed,205,0.375,0.3404255319148936,0.30058342222222223
624424,SI,Sinker,Fastball,124,0.14492753623188406,0.75,0.47014180000000005
624424,CU,Curveball,Breaking,110,0.46875,0.17647058823529413,0.2485493
624424,SL,Slider,Breaking,109,0.2727272727272727,0.8636363636363636,0.45041016
624424,ST,Sweeper,Breaking,100,0.2857142857142857,0.23076923076923078,0.19350799999999999
624424,FC,Cutter,Fastball,83,0.11363636363636363,0.5789473684210527,0.3923706666666667
624424,FS,Splitter,Offspeed,51,0.5,0.13333333333333333,0.2097857142857143
624424,KC,Knuckle-Curve,Breaking,36,0.46153846153846156,0.5,0.1624418
624428,FF,4-Seam FB,Fastball,236,0.2066115702479339,0.4888888888888889,0.30921990697674423
624428,SI,Sinker,Fastball,102,0.20754716981132076,0.37037037037037035,0.2788512857142857
624428,SL,Slider,Breaking,85,0.3488372093023256,0.19230769230769232,0.2410181739130435
624428,CH,Changeup,Offspeed,68,0.2857142857142857,0.21428571428571427,0.1535
624428,FC,Cutter,Fastball,48,0.1724137931034483,0.6666666666666666,0.33866666666666667
624428,ST,Sweeper,Breaking,31,0.5,0.125,0.2961924444444444
624428,CU,Curveball,Breaking,30,0.38461538461538464,0.0,0.1706
624428,FS,Splitter,Offspeed,29,0.4666666666666667,0.16666666666666666,0.1722025714285714
624431,FF,4-Seam FB,Fastball,159,0.2375,0.5277777777777778,0.22849751515151512
624431,SI,Sinker,Fastball,132,0.05454545454545454,0.3235294117647059,0.19370967741935485
624431,SL,Slider,Breaking,94,0.3191489361702128,0.25,0.24775999999999995
624431,CH,Changeup,Offspeed,62,0.21875,0.125,0.21421428571428572
624431,ST,Sweeper,Breaking,55,0.23333333333333334,0.3,0.22484210526315787
624431,CU,Curveball,Breaking,31,0.17647058823529413,0.1,0.1522222222222222
624431,FC,Cutter,Fastball,31,0.17647058823529413,1.0,0.3381818181818182
624512,FF,4-Seam FB,Fastball,55,0.3,0.2222222222222222,0.29179574999999996
624512,CH,Changeup,Offspeed,30,0.17647058823529413,0.25,0.066
624585,FF,4-Seam FB,Fastball,368,0.35602094240837695,0.5465116279069767,0.30176502127659577
624585,SI,Sinker,Fastball,275,0.17073170731707318,0.423728813559322,0.3657449589041096
624585,SL,Slider,Breaking,269,0.4878048780487805,0.35,0.25008689552238805
624585,ST,Sweeper,Breaking,166,0.49230769230769234,0.35714285714285715,0.2754716129032258
624585,CH,Changeup,Offspeed,146,0.4305555555555556,0.2777777777777778,0.21069827027027027
624585,FC,Cutter,Fastball,134,0.30303030303030304,0.2916666666666667,0.37447130769230774
624585,CU,Curveball,Breaking,77,0.4,0.3684210526315789,0.29277777777777775
624585,FS,Splitter,Offspeed,42,0.56,0.0,0.09040000000000001
624585,KC,Knuckle-Curve,Breaking,34,0.4666666666666667,0.125,0.16128571428571428
624641,FF,4-Seam FB,Fastball,266,0.18471337579617833,0.6129032258064516,0.4333974285714285
624641,SI,Sinker,Fastball,152,0.16279069767441862,0.13157894736842105,0.24228378947368417
624641,SL,Slider,Breaking,147,0.3956043956043956,0.38461538461538464,0.3026390285714286
624641,CH,Changeup,Offspeed,131,0.358695652173913,0.5789473684210527,0.2972927692307692
624641,ST,Sweeper,Breaking,88,0.2222222222222222,0.30434782608695654,0.35029672
624641,FC,Cutter,Fastball,67,0.2608695652173913,0.1111111111111111,0.25925682352941176
624641,CU,Curveball,Breaking,54,0.37037037037037035,0.4166666666666667,0.36395123076923075
628451,SI,Sinker,Fastball,28,0.09090909090909091,0.2222222222222222,0.22306966666666664
628451,FF,4-Seam FB,Fastball,25,0.06666666666666667,0.16666666666666666,0.08833333333333333
630105,FF,4-Seam FB,Fastball,628,0.11785714285714285,0.45161290322580644,0.36075305035971217
630105,SI,Sinker,Fastball,270,0.14953271028037382,0.26666666666666666,0.28579289855072465
630105,CH,Changeup,Offspeed,200,0.4247787610619469,0.10416666666666667,0.13082120833333333
630105,SL,Slider,Breaking,172,0.2465753424657534,0.2222222222222222,0.24975042105263157
630105,FC,Cutter,Fastball,141,0.15384615384615385,0.16129032258064516,0.24056581818181816
630105,CU,Curveball,Breaking,125,0.2982456140350877,0.43333333333333335,0.20666958620689654
630105,ST,Sweeper,Breaking,110,0.2830188679245283,0.43478260869565216,0.22239241666666668
630105,FS,Splitter,Offspeed,66,0.21875,0.5333333333333333,0.26608862499999997
640459,FF,4-Seam FB,Fastball,50,0.1875,0.2727272727272727,0.2553681666666667
640459,CH,Changeup,Offspeed,41,0.7894736842105263,0.4444444444444444,0.08414285714285714
640459,SI,Sinker,Fastball,38,0.13043478260869565,0.0,0.10771428571428573
640459,FC,Cutter,Fastball,27,0.2222222222222222,0.7142857142857143,0.332774
640492,FF,4-Seam FB,Fastball,36,0.2608695652173913,0.4,0.2956836
640902,FF,4-Seam FB,Fastball,117,0.1791044776119403,0.32142857142857145,0.3398708275862069
640902,SI,Sinker,Fastball,85,0.16216216216216217,0.3,0.1908641052631579
640902,SL,Slider,Breaking,81,0.25,0.16666666666666666,0.27639042105263156
640902,FC,Cutter,Fastball,43,0.2727272727272727,1.0,0.49705971428571427
640902,ST,Sweeper,Breaking,36,0.15384615384615385,0.75,0.8071567999999999
640902,CH,Changeup,Offspeed,32,0.35294117647058826,0.3333333333333333,0.3875
641343,FF,4-Seam FB,Fastball,686,0.20819112627986347,0.5827338129496403,0.4268070119047619
641343,SI,Sinker,Fastball,433,0.14606741573033707,0.5348837209302325,0.4040129504950495
641343,SL,Slider,Breaking,345,0.3695652173913043,0.4605263157894737,0.34062379310344826
641343,CH,Changeup,Offspeed,263,0.4421052631578947,0.65,0.4092113953488372
641343,CU,Curveball,Breaking,182,0.463768115942029,0.125,0.23112054999999998
641343,ST,Sweeper,Breaking,167,0.3611111111111111,0.6388888888888888,0.31912726315789475
641343,FC,Cutter,Fastball,148,0.32075471698113206,0.45161290322580644,0.3628261764705882
641343,FS,Splitter,Offspeed,118,0.4186046511627907,0.36363636363636365,0.30867034782608693
641343,KC,Knuckle-Curve,Breaking,40,0.42857142857142855,0.8461538461538461,0.3488783076923077
641355,FF,4-Seam FB,Fastball,671,0.17295597484276728,0.3860759493670886,0.3436028064516129
641355,SI,Sinker,Fastball,355,0.11038961038961038,0.44680851063829785,0.3724548737864078
641355,SL,Slider,Breaking,255,0.23478260869565218,0.7450980392156863,0.4238724
641355,CH,Changeup,Offspeed,242,0.1981981981981982,0.23636363636363636,0.25436167857142855
641355,FC,Cutter,Fastball,183,0.1717171717171717,0.5,0.36299271111111103
641355,ST,Sweeper,Breaking,148,0.2608695652173913,0.3,0.17596666666666666
641355,CU,Curveball,Breaking,138,0.39705882352941174,0.5135135135135135,0.3498888888888889
641355,FS,Splitter,Offspeed,97,0.2830188679245283,0.36666666666666664,0.2695443125
641355,KC,Knuckle-Curve,Breaking,25,0.5555555555555556,0.0,0.3093333333333333
641487,FF,4-Seam FB,Fastball,727,0.175,0.3951612903225806,0.37943423312883434
641487,SI,Sinker,Fastball,336,0.04838709677419355,0.3333333333333333,0.34120082474226804
641487,SL,Slider,Breaking,250,0.24509803921568626,0.27586206896551724,0.22173664516129035
641487,FC,Cutter,Fastball,213,0.17073170731707318,0.046511627906976744,0.20197297777777778
641487,CH,Changeup,Offspeed,140,0.13725490196078433,0.6923076923076923,0.34525281249999995
641487,ST,Sweeper,Breaking,127,0.23404255319148937,0.42857142857142855,0.2994264137931034
641487,CU,Curveball,Breaking,99,0.17647058823529413,0.6666666666666666,0.34140112499999997
641487,FS,Splitter,Offspeed,74,0.13793103448275862,0.4166666666666667,0.42005971428571426
641487,KC,Knuckle-Curve,Breaking,45,0.2857142857142857,0.0,0.17794709090909092
641555,FF,4-Seam FB,Fastball,115,0.0967741935483871,0.5294117647058824,0.3396329375
641555,FC,Cutter,Fastball,54,0.3333333333333333,0.16666666666666666,0.1937
641555,SI,Sinker,Fastball,51,0.08,0.5,0.31680224999999995
641555,CU,Curveball,Breaking,48,0.6153846153846154,0.0,0.03
641555,SL,Slider,Breaking,46,0.375,0.0,0.1679
641555,CH,Changeup,Offspeed,34,0.25,0.5714285714285714,0.26559999999999995
641555,ST,Sweeper,Breaking,29,0.45454545454545453,0.0,0.191
641584,FF,4-Seam FB,Fastball,150,0.20238095238095238,0.3157894736842105,0.2027096
641584,SI,Sinker,Fastball,65,0.12903225806451613,0.55,0.21266666666666667
641584,CH,Changeup,Offspeed,56,0.23809523809523808,0.7,0.3597418
641584,SL,Slider,Breaking,51,0.4782608695652174,0.2,0.2052836
641584,FC,Cutter,Fastball,43,0.1111111111111111,0.2857142857142857,0.4320928888888889
641584,ST,Sweeper,Breaking,30,0.14285714285714285,0.0,0.698418
641584,CU,Curveball,Breaking,29,0.14285714285714285,0.6666666666666666,0.2955
641598,FF,4-Seam FB,Fastball,199,0.22549019607843138,0.39215686274509803,0.3295434074074074
641598,SL,Slider,Breaking,135,0.6415094339622641,0.22727272727272727,0.21666688
641598,SI,Sinker,Fastball,134,0.17543859649122806,0.4444444444444444,0.41530670967741934
641598,ST,Sweeper,Breaking,60,0.4583333333333333,0.2727272727272727,0.23823633333333336
641598,CH,Changeup,Offspeed,59,0.4117647058823529,0.18181818181818182,0.2715218461538461
641598,FC,Cutter,Fastball,53,0.3333333333333333,0.2222222222222222,0.29305225
641598,CU,Curveball,Breaking,31,0.4,0.0,0.004
641680,FF,4-Seam FB,Fastball,536,0.19413919413919414,0.40625,0.32157278620689655
641680,CH,Changeup,Offspeed,205,0.24509803921568626,0.3392857142857143,0.23336167857142856
641680,SI,Sinker,Fastball,189,0.1728395061728395,0.5277777777777778,0.3639676666666667
641680,FC,Cutter,Fastball,146,0.24242424242424243,0.12,0.2866162142857143
641680,SL,Slider,Breaking,138,0.3333333333333333,0.18421052631578946,0.1676959
641680,ST,Sweeper,Breaking,91,0.1346153846153846,0.20689655172413793,0.17562962962962964
641680,CU,Curveball,Breaking,88,0.2631578947368421,0.2857142857142857,0.23914285714285716
641680,FS,Splitter,Offspeed,42,0.20833333333333334,0.6842105263157895,0.3621666666666667
641820,FF,4-Seam FB,Fastball,35,0.2608695652173913,0.6,0.39740000000000003
641820,SL,Slider,Breaking,30,0.35294117647058826,0.25,0.171
641857,FF,4-Seam FB,Fastball,538,0.1952191235059761,0.49523809523809526,0.34626946428571426
641857,SL,Slider,Breaking,193,0.4,0.17777777777777778,0.23721817021276595
641857,SI,Sinker,Fastball,187,0.21052631578947367,0.35,0.36604377272727273
641857,CU,Curveball,Breaking,137,0.4074074074074074,0.41379310344827586,0.30099106666666664
641857,CH,Changeup,Offspeed,136,0.36486486486486486,0.34210526315789475,0.220301
641857,FC,Cutter,Fastball,131,0.26153846153846155,0.45161290322580644,0.3490269677419355
641857,ST,Sweeper,Breaking,112,0.5348837209302325,0.0,0.16699392592592593
641857,FS,Splitter,Offspeed,65,0.36666666666666664,0.4117647058823529,0.32287977777777777
641857,KC,Knuckle-Curve,Breaking,33,0.5294117647058824,0.125,0.01757142857142857
641933,FF,4-Seam FB,Fastball,297,0.24324324324324326,0.4393939393939394,0.33732878873239436
641933,SI,Sinker,Fastball,214,0.1326530612244898,0.5957446808510638,0.41352764912280704
641933,SL,Slider,Breaking,164,0.43023255813953487,0.35,0.2645342564102564
641933,CH,Changeup,Offspeed,134,0.3561643835616438,0.1282051282051282,0.20965635000000002
641933,ST,Sweeper,Breaking,117,0.4,0.23529411764705882,0.3084836
641933,FC,Cutter,Fastball,99,0.52,0.21052631578947367,0.1313904210526316
641933,CU,Curveball,Breaking,41,0.3333333333333333,0.8571428571428571,0.38485714285714284
642020,SI,Sinker,Fastball,28,0.2777777777777778,0.125,0.163375
642020,FF,4-Seam FB,Fastball,26,0.4166666666666667,0.0,0.1412
642086,FF,4-Seam FB,Fastball,335,0.13095238095238096,0.44047619047619047,0.3789027415730337
642086,SI,Sinker,Fastball,201,0.07777777777777778,0.2127659574468085,0.21344228571428572
642086,CH,Changeup,Offspeed,131,0.3181818181818182,0.2222222222222222,0.1878690857142857
642086,SL,Slider,Breaking,126,0.3620689655172414,0.4117647058823529,0.3924586363636363
642086,FC,Cutter,Fastball,103,0.26,0.5,0.300516
642086,ST,Sweeper,Breaking,97,0.19148936170212766,0.36,0.29885464
642086,CU,Curveball,Breaking,89,0.3137254901960784,0.5185185185185185,0.26057142857142856
642086,FS,Splitter,Offspeed,62,0.2857142857142857,0.3333333333333333,0.2765612
642201,FF,4-Seam FB,Fastball,268,0.2569444444444444,0.41379310344827586,0.24586871186440679
642201,SI,Sinker,Fastball,138,0.14925373134328357,0.6052631578947368,0.3347548
642201,SL,Slider,Breaking,118,0.23809523809523808,0.5185185185185185,0.2728018620689655
642201,CH,Changeup,Offspeed,104,0.38596491228070173,0.16666666666666666,0.286279
642201,ST,Sweeper,Breaking,68,0.34375,0.35294117647058826,0.24552322222222223
642201,FC,Cutter,Fastball,61,0.16666666666666666,0.6875,0.2933125
642201,CU,Curveball,Breaking,40,0.5714285714285714,0.0,0.1767665714285714
642215,FF,4-Seam FB,Fastball,188,0.2553191489361702,0.375,0.30693411320754715
642215,SI,Sinker,Fastball,136,0.28125,0.3,0.2853880689655172
642215,CH,Changeup,Offspeed,126,0.43548387096774194,0.08,0.17372575
642215,SL,Slider,Breaking,105,0.4411764705882353,0.35714285714285715,0.321328375
642215,ST,Sweeper,Breaking,96,0.3684210526315789,0.2222222222222222,0.1763627
642215,FC,Cutter,Fastball,68,0.20454545454545456,0.3888888888888889,0.2424676666666667
642215,CU,Curveball,Breaking,46,0.45454545454545453,1.0,0.34962371428571426
642350,FF,4-Seam FB,Fastball,279,0.34558823529411764,0.4716981132075472,0.39109755172413796
642350,SI,Sinker,Fastball,163,0.20253164556962025,0.38461538461538464,0.2555748205128205
642350,SL,Slider,Breaking,144,0.5287356321839081,0.5,0.2989505625
642350,CH,Changeup,Offspeed,126,0.4,0.3939393939393939,0.26690909090909093
642350,CU,Curveball,Breaking,94,0.35294117647058826,0.20689655172413793,0.2433261333333333
642350,FC,Cutter,Fastball,74,0.4166666666666667,0.7333333333333333,0.34551411111111113
642350,ST,Sweeper,Breaking,65,0.5,0.058823529411764705,0.17912499999999998
642708,FF,4-Seam FB,Fastball,246,0.2076923076923077,0.21052631578947367,0.22446838095238095
642708,SI,Sinker,Fastball,166,0.13636363636363635,0.3333333333333333,0.34125009756097563
642708,CH,Changeup,Offspeed,140,0.32954545454545453,0.5,0.26675
642708,SL,Slider,Breaking,131,0.3125,0.45161290322580644,0.34945056249999995
642708,ST,Sweeper,Breaking,70,0.3953488372093023,0.47368421052631576,0.31992089999999995
642708,FC,Cutter,Fastball,60,0.22580645161290322,0.6,0.5148481176470587
642708,CU,Curveball,Breaking,57,0.3939393939393939,0.5789473684210527,0.23353333333333332
642715,FF,4-Seam FB,Fastball,559,0.2636986301369863,0.549618320610687,0.3287150656934306
642715,SI,Sinker,Fastball,394,0.18229166666666666,0.4845360824742268,0.34877314285714284
642715,SL,Slider,Breaking,321,0.44025157232704404,0.2261904761904762,0.1934669318181818
642715,ST,Sweeper,Breaking,189,0.3372093023255814,0.4523809523809524,0.3388624347826087
642715,CH,Changeup,Offspeed,176,0.3780487804878049,0.23529411764705882,0.24256894736842105
642715,FC,Cutter,Fastball,165,0.1951219512195122,0.475,0.3220913333333333
642715,CU,Curveball,Breaking,111,0.39473684210526316,0.15,0.18195
642715,FS,Splitter,Offspeed,61,0.26666666666666666,0.4666666666666667,0.322713625
642715,KC,Knuckle-Curve,Breaking,39,0.4,0.75,0.33505225000000005
642851,FF,4-Seam FB,Fastball,86,0.16981132075471697,0.13636363636363635,0.37241242105263156
642851,SI,Sinker,Fastball,81,0.11904761904761904,0.44,0.34310907692307696
642851,ST,Sweeper,Breaking,66,0.36363636363636365,0.07142857142857142,0.08807692307692308
642851,CH,Changeup,Offspeed,41,0.34615384615384615,0.0,0.05149999999999999
642851,FC,Cutter,Fastball,39,0.21739130434782608,0.125,0.092
642851,SL,Slider,Breaking,38,0.4117647058823529,0.3333333333333333,0.36577400000000004
643217,FF,4-Seam FB,Fastball,464,0.2625482625482625,0.48672566371681414,0.33539664999999996
643217,SI,Sinker,Fastball,295,0.20270270270270271,0.3939393939393939,0.3351127567567568
643217,CH,Changeup,Offspeed,272,0.2898550724637681,0.25757575757575757,0.29614236923076925
643217,SL,Slider,Breaking,245,0.39097744360902253,0.33783783783783783,0.2308959210526316
643217,FC,Cutter,Fastball,155,0.3125,0.6129032258064516,0.3425620571428571
643217,ST,Sweeper,Breaking,104,0.23333333333333334,0.5416666666666666,0.34617016
643217,CU,Curveball,Breaking,101,0.3170731707317073,0.6470588235294118,0.368085375
643217,FS,Splitter,Offspeed,88,0.39473684210526316,0.18181818181818182,0.1708695652173913
643217,KC,Knuckle-Curve,Breaking,34,0.2631578947368421,0.3333333333333333,0.30984179999999995
643289,FF,4-Seam FB,Fastball,751,0.14,0.29878048780487804,0.28470676300578035
643289,SI,Sinker,Fastball,422,0.125,0.44642857142857145,0.3377094210526316
643289,ST,Sweeper,Breaking,265,0.1865671641791045,0.4,0.26945312499999996
643289,SL,Slider,Breaking,251,0.25384615384615383,0.46875,0.3319565671641791
643289,CH,Changeup,Offspeed,216,0.10852713178294573,0.3,0.25515702702702703
643289,FC,Cutter,Fastball,179,0.10526315789473684,0.47058823529411764,0.34936527272727275
643289,CU,Curveball,Breaking,100,0.16666666666666666,0.65,0.377172
643289,FS,Splitter,Offspeed,53,0.19444444444444445,0.42857142857142855,0.27905555555555556
643289,KC,Knuckle-Curve,Breaking,29,0.21428571428571427,0.42857142857142855,0.1977142857142857
643376,FF,4-Seam FB,Fastball,284,0.25,0.3103448275862069,0.30037240579710145
643376,SI,Sinker,Fastball,168,0.12195121951219512,0.4523809523809524,0.30747908695652176
643376,SL,Slider,Breaking,120,0.34615384615384615,0.391304347826087,0.14447619047619048
643376,ST,Sweeper,Breaking,85,0.3142857142857143,0.2727272727272727,0.2354231304347826
643376,CH,Changeup,Offspeed,79,0.3611111111111111,0.3684210526315789,0.29358104761904763
643376,FC,Cutter,Fastball,73,0.2647058823529412,0.5294117647058824,0.3018536666666667
643376,CU,Curveball,Breaking,40,0.2727272727272727,0.0,0.0
643396,FF,4-Seam FB,Fastball,218,0.10891089108910891,0.26,0.27062278431372544
643396,SI,Sinker,Fastball,141,0.0967741935483871,0.19444444444444445,0.2754505945945946
643396,SL,Slider,Breaking,101,0.2777777777777778,0.5833333333333334,0.43685618181818187
643396,CH,Changeup,Offspeed,69,0.2571428571428571,0.15384615384615385,0.34886816666666665
643396,FC,Cutter,Fastball,49,0.09375,0.3,0.2673
643396,CU,Curveball,Breaking,47,0.17647058823529413,0.18181818181818182,0.2887652727272727
643396,ST,Sweeper,Breaking,42,0.3888888888888889,0.2727272727272727,0.20072727272727275
643446,FF,4-Seam FB,Fastball,561,0.142433234421365,0.3931034482758621,0.3333216363636363
643446,SI,Sinker,Fastball,309,0.05699481865284974,0.32,0.2828770476190476
643446,SL,Slider,Breaking,232,0.21804511278195488,0.11864406779661017,0.2616839384615385
643446,CH,Changeup,Offspeed,222,0.21374045801526717,0.43548387096774194,0.30439422222222223
643446,FC,Cutter,Fastball,179,0.2037037037037037,0.5277777777777778,0.30099
643446,ST,Sweeper,Breaking,107,0.22807017543859648,0.5,0.3292
643446,FS,Splitter,Offspeed,89,0.18181818181818182,0.1935483870967742,0.16683870967741934
643446,CU,Curveball,Breaking,74,0.24324324324324326,0.5625,0.4064705882352941
644433,FF,4-Seam FB,Fastball,49,0.18518518518518517,0.4,0.2418
644433,SI,Sinker,Fastball,45,0.0,0.09090909090909091,0.1487
644433,SL,Slider,Breaking,39,0.4782608695652174,0.07692307692307693,0.15107692307692308
645277,FF,4-Seam FB,Fastball,738,0.1932367149758454,0.41818181818181815,0.3025984301075269
645277,CH,Changeup,Offspeed,405,0.1825726141078838,0.37398373983739835,0.23630954621848738
645277,SI,Sinker,Fastball,334,0.14361702127659576,0.4659090909090909,0.29908249462365594
645277,CU,Curveball,Breaking,246,0.1893939393939394,0.3148148148148148,0.24990193650793652
645277,SL,Slider,Breaking,230,0.2642857142857143,0.4339622641509434,0.3171961785714286
645277,FC,Cutter,Fastball,216,0.2336448598130841,0.3333333333333333,0.3319672608695652
645277,ST,Sweeper,Breaking,186,0.2815533980582524,0.35135135135135137,0.26779560975609756
645277,FS,Splitter,Offspeed,131,0.3287671232876712,0.3333333333333333,0.18771052631578944
645277,KC,Knuckle-Curve,Breaking,50,0.15151515151515152,0.23076923076923078,0.13764285714285715
645302,FF,4-Seam FB,Fastball,153,0.15476190476190477,0.5263157894736842,0.36484875675675676
645302,SI,Sinker,Fastball,106,0.08196721311475409,0.2903225806451613,0.2824928
645302,SL,Slider,Breaking,88,0.2127659574468085,0.45454545454545453,0.2646099090909091
645302,ST,Sweeper,Breaking,64,0.375,0.1,0.2902686666666667
645302,CH,Changeup,Offspeed,53,0.48484848484848486,0.25,0.20325
645302,FC,Cutter,Fastball,46,0.12121212121212122,0.13333333333333333,0.20071362499999998
645302,CU,Curveball,Breaking,35,0.42857142857142855,0.2222222222222222,0.16688888888888886
645305,FF,4-Seam FB,Fastball,110,0.19642857142857142,0.41379310344827586,0.31368075
645305,SI,Sinker,Fastball,72,0.23076923076923078,0.35294117647058826,0.13492857142857143
645305,SL,Slider,Breaking,33,0.4166666666666667,0.08333333333333333,0.14509090909090913
645305,CH,Changeup,Offspeed,29,0.1875,0.6666666666666666,0.40866666666666673
645305,FC,Cutter,Fastball,28,0.17647058823529413,0.0,0.18066666666666667
646240,FF,4-Seam FB,Fastball,999,0.3898678414096916,0.5303030303030303,0.3390738392857143
646240,SI,Sinker,Fastball,438,0.14423076923076922,0.47560975609756095,0.32109316853932585
646240,SL,Slider,Breaking,281,0.32894736842105265,0.47692307692307695,0.34099538028169013
646240,CH,Changeup,Offspeed,250,0.2,0.35384615384615387,0.3329797058823529
646240,FC,Cutter,Fastball,207,0.29896907216494845,0.86,0.42585835087719304
646240,ST,Sweeper,Breaking,190,0.3368421052631579,0.3958333333333333,0.25730508
646240,CU,Curveball,Breaking,117,0.13043478260869565,0.6363636363636364,0.40906430769230767
646240,FS,Splitter,Offspeed,68,0.18181818181818182,0.7,0.4274016363636363
646240,KC,Knuckle-Curve,Breaking,33,0.16666666666666666,1.0,0.3368888888888889
647304,FF,4-Seam FB,Fastball,545,0.07260726072607261,0.42613636363636365,0.3463509946524064
647304,SI,Sinker,Fastball,385,0.10309278350515463,0.36283185840707965,0.3196915294117647
647304,SL,Slider,Breaking,309,0.2848101265822785,0.24675324675324675,0.24740298734177216
647304,CH,Changeup,Offspeed,219,0.19491525423728814,0.16417910447761194,0.3081409863013699
647304,FC,Cutter,Fastball,208,0.14150943396226415,0.46153846153846156,0.33095842857142854
647304,ST,Sweeper,Breaking,153,0.2916666666666667,0.5405405405405406,0.35726583783783783
647304,CU,Curveball,Breaking,151,0.2948717948717949,0.3055555555555556,0.21584189189189187
647304,FS,Splitter,Offspeed,104,0.2033898305084746,0.32142857142857145,0.3023278666666666
647304,KC,Knuckle-Curve,Breaking,53,0.3076923076923077,0.14285714285714285,0.19683333333333333
649966,FF,4-Seam FB,Fastball,73,0.10526315789473684,0.15384615384615385,0.35165573333333333
649966,SL,Slider,Breaking,39,0.058823529411764705,0.7777777777777778,0.2785418
649966,SI,Sinker,Fastball,35,0.15789473684210525,0.8461538461538461,0.3236012857142857
649966,ST,Sweeper,Breaking,34,0.0625,0.2,0.21106966666666668
649966,CH,Changeup,Offspeed,32,0.3125,0.5714285714285714,0.36393533333333333
650333,FF,4-Seam FB,Fastball,897,0.07964601769911504,0.4217391304347826,0.3028013609958507
650333,SI,Sinker,Fastball,507,0.03319502074688797,0.4015748031496063,0.30391840287769784
650333,SL,Slider,Breaking,318,0.09554140127388536,0.36486486486486486,0.3221537777777778
650333,FC,Cutter,Fastball,195,0.06097560975609756,0.358974358974359,0.3766758695652174
650333,CH,Changeup,Offspeed,192,0.05319148936170213,0.3333333333333333,0.24447568
650333,ST,Sweeper,Breaking,126,0.09523809523809523,0.7727272727272727,0.31710513043478267
650333,CU,Curveball,Breaking,102,0.047619047619047616,0.5769230769230769,0.3116451111111111
650333,FS,Splitter,Offspeed,78,0.11363636363636363,0.32,0.30146153846153845
650333,KC,Knuckle-Curve,Breaking,25,0.15384615384615385,1.0,0.37768359999999995
650391,FF,4-Seam FB,Fastball,39,0.13333333333333333,0.5,0.43885450000000004
650391,SL,Slider,Breaking,26,0.23529411764705882,0.5555555555555556,0.23360000000000003
650402,FF,4-Seam FB,Fastball,603,0.2363013698630137,0.3148148148148148,0.3449274135338346
650402,SI,Sinker,Fastball,296,0.11904761904761904,0.5692307692307692,0.37429354666666664
650402,SL,Slider,Breaking,227,0.29896907216494845,0.23404255319148937,0.2726178039215686
650402,FC,Cutter,Fastball,187,0.3333333333333333,0.42105263157894735,0.3136647317073171
650402,ST,Sweeper,Breaking,163,0.15517241379310345,0.5,0.31223990243902444
650402,CH,Changeup,Offspeed,155,0.2777777777777778,0.2903225806451613,0.26127612499999997
650402,CU,Curveball,Breaking,112,0.3333333333333333,0.2,0.26419466666666663
650402,FS,Splitter,Offspeed,40,0.15384615384615385,0.5,0.41130225
650489,FF,4-Seam FB,Fastball,741,0.27989821882951654,0.5347222222222222,0.3656507682926829
650489,CH,Changeup,Offspeed,357,0.38071065989847713,0.3,0.20911158024691356
650489,SI,Sinker,Fastball,182,0.21875,0.30952380952380953,0.32619590909090906
650489,CU,Curveball,Breaking,168,0.2967032967032967,0.5348837209302325,0.3498944255319149
650489,SL,Slider,Breaking,161,0.35106382978723405,0.44,0.27008884615384615
650489,FC,Cutter,Fastball,136,0.18309859154929578,0.6571428571428571,0.4298238857142857
650489,ST,Sweeper,Breaking,78,0.3,0.11764705882352941,0.19404917647058822
650489,FS,Splitter,Offspeed,67,0.4864864864864865,0.06666666666666667,0.1303775294117647
650489,KC,Knuckle-Curve,Breaking,40,0.4090909090909091,0.2222222222222222,0.22493660000000001
650490,FF,4-Seam FB,Fastball,844,0.2119047619047619,0.3684210526315789,0.30426063783783786
650490,SI,Sinker,Fastball,570,0.06451612903225806,0.39416058394160586,0.3450856891891892
650490,SL,Slider,Breaking,316,0.13793103448275862,0.6,0.46168329032258065
650490,FC,Cutter,Fastball,246,0.15126050420168066,0.3392857142857143,0.27924737704918035
650490,CH,Changeup,Offspeed,195,0.14423076923076922,0.4827586206896552,0.3397376551724138
650490,ST,Sweeper,Breaking,163,0.1038961038961039,0.8333333333333334,0.4395337619047619
650490,CU,Curveball,Breaking,124,0.13333333333333333,0.2702702702702703,0.30115084210526316
650490,FS,Splitter,Offspeed,67,0.125,0.3888888888888889,0.3597686666666666
650490,KC,Knuckle-Curve,Breaking,46,0.16666666666666666,0.625,0.28196576470588236
650559,FF,4-Seam FB,Fastball,122,0.1935483870967742,0.4482758620689655,0.2741289090909091
650559,SL,Slider,Breaking,86,0.25,0.3125,0.20798729411764708
650559,SI,Sinker,Fastball,44,0.15384615384615385,0.5833333333333334,0.46853155555555553
650559,CH,Changeup,Offspeed,43,0.2777777777777778,0.2727272727272727,0.20944444444444443
650559,FC,Cutter,Fastball,32,0.23076923076923078,0.2,0.28500000000000003
650859,FF,4-Seam FB,Fastball,457,0.13942307692307693,0.40816326530612246,0.3296957358490566
650859,FC,Cutter,Fastball,202,0.21100917431192662,0.18,0.2642308214285714
650859,CH,Changeup,Offspeed,187,0.23300970873786409,0.29411764705882354,0.32054166666666667
650859,SL,Slider,Breaking,160,0.2413793103448276,0.35135135135135137,0.2817636216216216
650859,SI,Sinker,Fastball,157,0.208955223880597,0.3333333333333333,0.3547311904761904
650859,CU,Curveball,Breaking,114,0.19047619047619047,0.22727272727272727,0.24151460869565217
650859,ST,Sweeper,Breaking,80,0.13636363636363635,0.5909090909090909,0.31231578947368416
650859,FS,Splitter,Offspeed,33,0.25,0.1111111111111111,0.2444908888888889
650968,FF,4-Seam FB,Fastball,71,0.09615384615384616,0.3684210526315789,0.2848125
650968,SI,Sinker,Fastball,36,0.23809523809523808,0.125,0.24449999999999997
650968,ST,Sweeper,Breaking,36,0.21052631578947367,0.5,0.19579999999999997
650968,SL,Slider,Breaking,27,0.3684210526315789,0.0,0.0456
650968,FC,Cutter,Fastball,26,0.058823529411764705,0.3333333333333333,0.349125
655316,FF,4-Seam FB,Fastball,536,0.15217391304347827,0.40625,0.32261921818181816
655316,SL,Slider,Breaking,270,0.2230769230769231,0.3055555555555556,0.25832427397260277
655316,SI,Sinker,Fastball,210,0.10752688172043011,0.42857142857142855,0.3578863461538461
655316,CH,Changeup,Offspeed,144,0.2972972972972973,0.4166666666666667,0.37290983333333333
655316,ST,Sweeper,Breaking,126,0.2549019607843137,0.25,0.12112
655316,FC,Cutter,Fastball,93,0.12195121951219512,0.45454545454545453,0.33359090909090905
655316,CU,Curveball,Breaking,88,0.3125,0.1875,0.1653797777777778
656305,FF,4-Seam FB,Fastball,405,0.27319587628865977,0.26666666666666666,0.26929458426966296
656305,SI,Sinker,Fastball,349,0.16326530612244897,0.4457831325301205,0.29957622222222224
656305,SL,Slider,Breaking,205,0.29411764705882354,0.3409090909090909,0.2826391063829787
656305,ST,Sweeper,Breaking,135,0.16363636363636364,0.5,0.2784282068965518
656305,FC,Cutter,Fastball,131,0.14754098360655737,0.2916666666666667,0.26275344
656305,CH,Changeup,Offspeed,110,0.23529411764705882,0.3870967741935484,0.3451454285714286
656305,CU,Curveball,Breaking,65,0.14285714285714285,1.0,0.4549230769230769
656305,FS,Splitter,Offspeed,26,0.5,0.0,0.10548828571428571
656413,FF,4-Seam FB,Fastball,53,0.4444444444444444,0.3125,0.34335985714285716
656413,SL,Slider,Breaking,28,0.4,0.14285714285714285,0.08366666666666667
656413,SI,Sinker,Fastball,27,0.6153846153846154,0.5,0.46561199999999997
656484,FF,4-Seam FB,Fastball,264,0.20945945945945946,0.3137254901960784,0.3257213076923077
656484,SL,Slider,Breaking,133,0.5,0.21621621621621623,0.22831989189189192
656484,CH,Changeup,Offspeed,120,0.39705882352941174,0.24242424242424243,0.2034369090909091
656484,CU,Curveball,Breaking,65,0.42857142857142855,0.6363636363636364,0.31029999999999996
656484,SI,Sinker,Fastball,64,0.08108108108108109,0.5,0.30381185714285713
656484,FC,Cutter,Fastball,61,0.2727272727272727,0.38461538461538464,0.3331111111111111
656484,ST,Sweeper,Breaking,44,0.5714285714285714,0.26666666666666666,0.1772
656484,FS,Splitter,Offspeed,34,0.6,0.3,0.22270000000000004
656537,FF,4-Seam FB,Fastball,276,0.3046875,0.6065573770491803,0.3595591384615385
656537,SI,Sinker,Fastball,170,0.25925925925925924,0.15151515151515152,0.1869328484848485
656537,SL,Slider,Breaking,132,0.35,0.35714285714285715,0.28466873170731705
656537,CH,Changeup,Offspeed,95,0.3333333333333333,0.375,0.3292355652173913
656537,FC,Cutter,Fastball,74,0.3023255813953488,0.5,0.2864121111111111
656537,CU,Curveball,Breaking,62,0.5625,0.46153846153846156,0.0989166666666667
656537,ST,Sweeper,Breaking,62,0.3,0.4166666666666667,0.256038
656555,FF,4-Seam FB,Fastball,424,0.26291079812206575,0.43023255813953487,0.3259072871287129
656555,SI,Sinker,Fastball,246,0.24074074074074073,0.3442622950819672,0.3341077391304348
656555,SL,Slider,Breaking,210,0.34285714285714286,0.53125,0.32738627027027023
656555,ST,Sweeper,Breaking,137,0.4074074074074074,0.41379310344827586,0.22441393333333334
656555,FC,Cutter,Fastball,136,0.3770491803278688,0.36,0.20331746153846156
656555,CH,Changeup,Offspeed,114,0.46511627906976744,0.32,0.227368
656555,CU,Curveball,Breaking,73,0.2777777777777778,0.5454545454545454,0.2582702857142857
656555,FS,Splitter,Offspeed,36,0.5882352941176471,0.42857142857142855,0.26192725
656577,FF,4-Seam FB,Fastball,106,0.2857142857142857,0.25,0.13260094736842104
656577,SI,Sinker,Fastball,46,0.16666666666666666,0.3125,0.24531564705882355
656577,SL,Slider,Breaking,45,0.4482758620689655,0.9166666666666666,0.4499000000000001
656577,CH,Changeup,Offspeed,30,0.3333333333333333,0.375,0.205625
656577,CU,Curveball,Breaking,26,0.2,0.4,0.25289433333333333
656582,FF,4-Seam FB,Fastball,77,0.23529411764705882,0.14285714285714285,0.2489850909090909
656582,SI,Sinker,Fastball,58,0.08,0.4,0.36974999999999997
656582,SL,Slider,Breaking,38,0.25,0.2222222222222222,0.302774
656582,CH,Changeup,Offspeed,36,0.375,0.375,0.23323633333333335
656582,ST,Sweeper,Breaking,30,0.2,0.0,0.349209
656716,FF,4-Seam FB,Fastball,604,0.11513157894736842,0.3826086956521739,0.27783023437500004
656716,SI,Sinker,Fastball,229,0.06086956521739131,0.21875,0.34671094117647056
656716,CH,Changeup,Offspeed,178,0.2717391304347826,0.18604651162790697,0.23069131818181823
656716,SL,Slider,Breaking,164,0.25609756097560976,0.2564102564102564,0.31723640000000003
656716,CU,Curveball,Breaking,153,0.2037037037037037,0.22857142857142856,0.24823174358974362
656716,FC,Cutter,Fastball,146,0.16,0.3783783783783784,0.2987545263157894
656716,ST,Sweeper,Breaking,85,0.26666666666666666,0.4,0.4022011111111111
656716,FS,Splitter,Offspeed,72,0.325,0.08333333333333333,0.17921671999999997
656775,FF,4-Seam FB,Fastball,780,0.2185929648241206,0.36363636363636365,0.2883363548387097
656775,SI,Sinker,Fastball,299,0.136986301369863,0.35526315789473684,0.2882032857142857
656775,SL,Slider,Breaking,219,0.264,0.30357142857142855,0.1942689180327869
656775,CH,Changeup,Offspeed,172,0.23376623376623376,0.4,0.2952696
656775,FC,Cutter,Fastball,157,0.2602739726027397,0.27586206896551724,0.19897739393939393
656775,ST,Sweeper,Breaking,132,0.18461538461538463,0.375,0.14514241666666666
656775,CU,Curveball,Breaking,126,0.35294117647058826,0.18518518518518517,0.25060758620689655
656775,FS,Splitter,Offspeed,59,0.18518518518518517,0.38461538461538464,0.24676923076923074
656775,KC,Knuckle-Curve,Breaking,39,0.058823529411764705,1.0,0.43406966666666663
656811,FF,4-Seam FB,Fastball,509,0.16,0.5572519083969466,0.31839679411764704
656811,SI,Sinker,Fastball,301,0.07874015748031496,0.3924050632911392,0.3899608333333334
656811,SL,Slider,Breaking,218,0.32456140350877194,0.41818181818181815,0.2881701355932203
656811,CH,Changeup,Offspeed,174,0.28205128205128205,0.3225806451612903,0.34087485714285715
656811,FC,Cutter,Fastball,168,0.1794871794871795,0.42857142857142855,0.29467595
656811,CU,Curveball,Breaking,139,0.3,0.4,0.2265161290322581
656811,ST,Sweeper,Breaking,130,0.35714285714285715,0.2727272727272727,0.26920557575757575
656811,KC,Knuckle-Curve,Breaking,50,0.5,0.2,0.23673633333333333
656811,FS,Splitter,Offspeed,44,0.25,0.0,0.2314882857142857
656941,FF,4-Seam FB,Fastball,729,0.2832369942196532,0.5159235668789809,0.3565716205128205
656941,SL,Slider,Breaking,521,0.38934426229508196,0.3917525773195876,0.31889497196261685
656941,SI,Sinker,Fastball,414,0.14285714285714285,0.7078651685393258,0.5011421730769231
656941,ST,Sweeper,Breaking,294,0.47619047619047616,0.25,0.26197565625
656941,CH,Changeup,Offspeed,282,0.4336283185840708,0.509090909090909,0.3238748387096774
656941,FC,Cutter,Fastball,254,0.29411764705882354,0.7948717948717948,0.4786611363636364
656941,CU,Curveball,Breaking,238,0.4020618556701031,0.36363636363636365,0.32834688
656941,FS,Splitter,Offspeed,129,0.423728813559322,0.5,0.26620846666666664
656941,KC,Knuckle-Curve,Breaking,46,0.5,0.7777777777777778,0.39464179999999993
656941,SV,Slurve,Breaking,25,0.2,0.16666666666666666,0.26866666666666666
656976,FF,4-Seam FB,Fastball,142,0.08450704225352113,0.15789473684210525,0.25366026315789475
656976,SL,Slider,Breaking,66,0.17647058823529413,0.0,0.059666666666666666
656976,CH,Changeup,Offspeed,65,0.41379310344827586,0.5,0.3211412307692308
656976,SI,Sinker,Fastball,58,0.038461538461538464,0.47368421052631576,0.43515495238095236
656976,FC,Cutter,Fastball,47,0.23076923076923078,0.4666666666666667,0.22335714285714284
656976,ST,Sweeper,Breaking,41,0.42857142857142855,0.14285714285714285,0.110774
656976,CU,Curveball,Breaking,40,0.3333333333333333,0.125,0.27014285714285713
657041,FF,4-Seam FB,Fastball,431,0.19680851063829788,0.3854166666666667,0.3271130701754386
657041,SI,Sinker,Fastball,302,0.08527131782945736,0.43902439024390244,0.35791808602150543
657041,SL,Slider,Breaking,235,0.4,0.34210526315789475,0.28507972727272723
657041,FC,Cutter,Fastball,168,0.313953488372093,0.46875,0.316
657041,ST,Sweeper,Breaking,167,0.25862068965517243,0.24,0.19677985714285715
657041,CH,Changeup,Offspeed,131,0.35714285714285715,0.45161290322580644,0.36999006060606054
657041,CU,Curveball,Breaking,85,0.13793103448275862,0.058823529411764705,0.20858862499999997
657041,FS,Splitter,Offspeed,32,0.23529411764705882,0.0,0.11430225
657136,FF,4-Seam FB,Fastball,249,0.15873015873015872,0.3870967741935484,0.29415039393939396
657136,SI,Sinker,Fastball,212,0.07865168539325842,0.30357142857142855,0.31267494915254235
657136,SL,Slider,Breaking,148,0.3013698630136986,0.48148148148148145,0.3447572142857143
657136,ST,Sweeper,Breaking,97,0.4666666666666667,0.09523809523809523,0.23260808000000005
657136,FC,Cutter,Fastball,76,0.41025641025641024,0.3076923076923077,0.2625384615384615
657136,CH,Changeup,Offspeed,62,0.4722222222222222,0.3888888888888889,0.13888235294117648
657136,CU,Curveball,Breaking,55,0.045454545454545456,0.18181818181818182,0.23521015384615385
657656,FF,4-Seam FB,Fastball,288,0.2642857142857143,0.40816326530612246,0.43645701694915257
657656,SI,Sinker,Fastball,180,0.17708333333333334,0.4,0.34315748
657656,SL,Slider,Breaking,125,0.3269230769230769,0.4090909090909091,0.2899209
657656,ST,Sweeper,Breaking,92,0.4418604651162791,0.2222222222222222,0.13866666666666666
657656,CH,Changeup,Offspeed,85,0.37254901960784315,0.6521739130434783,0.2977138260869565
657656,FC,Cutter,Fastball,73,0.425,0.26666666666666666,0.189
657656,CU,Curveball,Breaking,37,0.5,0.25,0.1172857142857143
657656,FS,Splitter,Offspeed,31,0.4375,0.18181818181818182,0.1710418
657757,FF,4-Seam FB,Fastball,565,0.15467625899280577,0.5272727272727272,0.3807069133858268
657757,CH,Changeup,Offspeed,267,0.23015873015873015,0.34782608695652173,0.24089985507246378
657757,SI,Sinker,Fastball,252,0.11214953271028037,0.3392857142857143,0.3264038387096774
657757,SL,Slider,Breaking,224,0.2962962962962963,0.4117647058823529,0.322908
657757,CU,Curveball,Breaking,160,0.20754716981132076,0.15625,0.2362527741935484
657757,FC,Cutter,Fastball,132,0.19718309859154928,0.6071428571428571,0.36081627586206894
657757,ST,Sweeper,Breaking,117,0.4594594594594595,0.2857142857142857,0.23668626086956526
657757,FS,Splitter,Offspeed,74,0.2727272727272727,0.16666666666666666,0.1859418
657757,KC,Knuckle-Curve,Breaking,33,0.4444444444444444,1.5,0.5856836
660162,FF,4-Seam FB,Fastball,217,0.18518518518518517,0.2777777777777778,0.2944680930232558
660162,CH,Changeup,Offspeed,89,0.38235294117647056,0.07142857142857142,0.19698975
660162,SL,Slider,Breaking,83,0.5277777777777778,0.19047619047619047,0.13846477777777777
660162,SI,Sinker,Fastball,67,0.2,0.5,0.2807222222222222
660162,CU,Curveball,Breaking,47,0.3157894736842105,0.625,0.40592725
660162,ST,Sweeper,Breaking,46,0.35,0.0,0.010199999999999999
660162,FC,Cutter,Fastball,34,0.36363636363636365,0.16666666666666666,0.3505672
660271,FF,4-Seam FB,Fastball,760,0.27514792899408286,0.4217687074829932,0.37629454437869825
660271,CH,Changeup,Offspeed,335,0.40397350993377484,0.5,0.39119628915662646
660271,SI,Sinker,Fastball,287,0.21875,0.8235294117647058,0.5385443116883116
660271,SL,Slider,Breaking,275,0.38235294117647056,0.4153846153846154,0.3437588266666667
660271,FC,Cutter,Fastball,199,0.24719101123595505,0.775,0.5343377446808512
660271,CU,Curveball,Breaking,175,0.40860215053763443,0.24324324324324326,0.26882552380952385
660271,ST,Sweeper,Breaking,165,0.3291139240506329,0.6382978723404256,0.3624435294117647
660271,FS,Splitter,Offspeed,83,0.3,0.5,0.27335978947368417
660271,KC,Knuckle-Curve,Breaking,46,0.2727272727272727,0.2727272727272727,0.5482181538461538
660644,FF,4-Seam FB,Fastball,37,0.25,0.25,0.1960836
660670,FF,4-Seam FB,Fastball,648,0.3119533527696793,0.3656716417910448,0.33400670967741936
660670,SI,Sinker,Fastball,303,0.1787709497206704,0.6590909090909091,0.4604803673469388
660670,FC,Cutter,Fastball,205,0.3269230769230769,0.2,0.343306511627907
660670,SL,Slider,Breaking,189,0.32098765432098764,0.41935483870967744,0.3083827179487179
660670,CH,Changeup,Offspeed,169,0.36363636363636365,0.4473684210526316,0.3091423414634146
660670,ST,Sweeper,Breaking,167,0.35714285714285715,0.5,0.3953537837837838
660670,CU,Curveball,Breaking,88,0.20833333333333334,0.7142857142857143,0.39442857142857146
660670,FS,Splitter,Offspeed,55,0.3125,0.5294117647058824,0.4394117647058824
660688,FF,4-Seam FB,Fastball,334,0.09042553191489362,0.44,0.32387003960396044
660688,CH,Changeup,Offspeed,182,0.2358490566037736,0.375,0.2055780634920635
660688,SI,Sinker,Fastball,158,0.09333333333333334,0.40816326530612246,0.3570209615384615
660688,SL,Slider,Breaking,155,0.17391304347826086,0.4444444444444444,0.2757804905660377
660688,FC,Cutter,Fastball,88,0.06976744186046512,0.8666666666666667,0.3772686666666667
660688,CU,Curveball,Breaking,84,0.0967741935483871,0.1875,0.22781249999999997
660688,ST,Sweeper,Breaking,83,0.21052631578947367,0.5,0.2510174285714286
660688,FS,Splitter,Offspeed,44,0.16,0.47058823529411764,0.2504121111111111
660710,FF,4-Seam FB,Fastball,101,0.16279069767441862,0.65,0.4266379130434782
660710,SI,Sinker,Fastball,73,0.10526315789473684,0.2857142857142857,0.21105882352941177
660710,SL,Slider,Breaking,73,0.2777777777777778,0.21052631578947367,0.17497089999999998
660710,ST,Sweeper,Breaking,45,0.4,0.36363636363636365,0.23282953846153845
660710,CH,Changeup,Offspeed,37,0.42857142857142855,0.0,0.1831045
660821,FF,4-Seam FB,Fastball,436,0.28695652173913044,0.45054945054945056,0.30580686021505377
660821,SI,Sinker,Fastball,174,0.20930232558139536,0.42857142857142855,0.28582671111111113
660821,CH,Changeup,Offspeed,148,0.3188405797101449,0.25,0.32204045161290323
660821,FC,Cutter,Fastball,129,0.2878787878787879,0.8076923076923077,0.42143229629629636
660821,SL,Slider,Breaking,107,0.3787878787878788,0.2413793103448276,0.34333025
660821,FS,Splitter,Offspeed,80,0.20930232558139536,0.4,0.2896012857142857
660821,ST,Sweeper,Breaking,69,0.2727272727272727,0.125,0.30083136000000005
660821,CU,Curveball,Breaking,68,0.32558139534883723,0.48,0.38156661538461534
660821,KC,Knuckle-Curve,Breaking,28,0.35294117647058826,0.2857142857142857,0.21335773333333333
660844,FF,4-Seam FB,Fastball,247,0.10869565217391304,0.18,0.2754353962264151
660844,SI,Sinker,Fastball,98,0.20512820512820512,0.2,0.26629016
660844,FC,Cutter,Fastball,94,0.1935483870967742,0.5,0.2035834545454545
660844,CH,Changeup,Offspeed,79,0.27586206896551724,0.21428571428571427,0.2447890666666667
660844,SL,Slider,Breaking,69,0.5769230769230769,0.0,0.16211816666666667
660844,CU,Curveball,Breaking,46,0.3,0.0,0.14587319999999998
660844,ST,Sweeper,Breaking,35,0.3,0.16666666666666666,0.30234542857142854
661388,FF,4-Seam FB,Fastball,615,0.17973856209150327,0.40145985401459855,0.3418201818181818
661388,SI,Sinker,Fastball,456,0.09913793103448276,0.5147058823529411,0.36239072483221474
661388,SL,Slider,Breaking,351,0.3,0.24675324675324675,0.29536293670886077
661388,ST,Sweeper,Breaking,249,0.27,0.35,0.27053521875
661388,FC,Cutter,Fastball,189,0.21212121212121213,0.7818181818181819,0.40185641379310344
661388,CH,Changeup,Offspeed,180,0.25,0.3333333333333333,0.28296462962962965
661388,CU,Curveball,Breaking,112,0.325,0.20833333333333334,0.22739889655172416
661388,FS,Splitter,Offspeed,70,0.358974358974359,0.3888888888888889,0.30333778947368417
661388,KC,Knuckle-Curve,Breaking,33,0.35714285714285715,0.7142857142857143,0.4258571428571428
661531,FF,4-Seam FB,Fastball,106,0.3148148148148148,0.7037037037037037,0.38390069230769236
661531,SI,Sinker,Fastball,74,0.24242424242424243,0.07142857142857142,0.3028945333333334
661531,ST,Sweeper,Breaking,44,0.34782608695652173,0.0,0.07949999999999999
661531,CH,Changeup,Offspeed,43,0.25,0.5454545454545454,0.19536363636363638
661531,FC,Cutter,Fastball,30,0.26666666666666666,0.4444444444444444,0.33267074999999996
661531,SL,Slider,Breaking,25,0.6666666666666666,0.0,0.2476836
662139,FF,4-Seam FB,Fastball,650,0.23324396782841822,0.3618421052631579,0.30022166459627325
662139,SI,Sinker,Fastball,349,0.12727272727272726,0.45977011494252873,0.3081115333333333
662139,SL,Slider,Breaking,276,0.25165562913907286,0.375,0.24459005333333333
662139,FC,Cutter,Fastball,192,0.18627450980392157,0.24489795918367346,0.2246612608695652
662139,CH,Changeup,Offspeed,178,0.2336448598130841,0.36363636363636365,0.29340724137931035
662139,CU,Curveball,Breaking,164,0.21518987341772153,0.16666666666666666,0.2237918
662139,ST,Sweeper,Breaking,146,0.22807017543859648,0.35,0.32144709090909096
662139,FS,Splitter,Offspeed,64,0.3611111111111111,0.4444444444444444,0.3520245882352941
662139,KC,Knuckle-Curve,Breaking,39,0.3888888888888889,0.3333333333333333,0.2582295
663330,FF,4-Seam FB,Fastball,184,0.29411764705882354,0.3333333333333333,0.34600040000000004
663330,CH,Changeup,Offspeed,135,0.32894736842105265,0.37142857142857144,0.27634375
663330,SL,Slider,Breaking,122,0.5081967213114754,0.2608695652173913,0.14122843478260869
663330,SI,Sinker,Fastball,86,0.17073170731707318,0.6666666666666666,0.5741461666666666
663330,CU,Curveball,Breaking,61,0.38095238095238093,0.3333333333333333,0.1459090909090909
663330,ST,Sweeper,Breaking,55,0.5,0.4444444444444444,0.2594444444444444
663330,FC,Cutter,Fastball,49,0.23076923076923078,0.4166666666666667,0.3697805
663368,FF,4-Seam FB,Fastball,161,0.24691358024691357,0.21052631578947367,0.19130635000000001
663368,CH,Changeup,Offspeed,75,0.24242424242424243,0.23529411764705882,0.17786666666666667
663368,SI,Sinker,Fastball,66,0.045454545454545456,0.7142857142857143,0.5672254000000001
663368,FC,Cutter,Fastball,45,0.1111111111111111,0.2222222222222222,0.23588360000000003
663368,CU,Curveball,Breaking,34,0.14285714285714285,0.125,0.30449088888888887
663368,SL,Slider,Breaking,34,0.5,0.5,0.3569803636363636
663457,FF,4-Seam FB,Fastball,399,0.17532467532467533,0.45569620253164556,0.40240300000000007
663457,SI,Sinker,Fastball,236,0.07058823529411765,0.3829787234042553,0.3582814642857143
663457,CH,Changeup,Offspeed,159,0.16176470588235295,0.2,0.25068495652173917
663457,SL,Slider,Breaking,158,0.32075471698113206,0.26666666666666666,0.293574
663457,FC,Cutter,Fastball,103,0.24,0.2857142857142857,0.239519
663457,CU,Curveball,Breaking,97,0.20833333333333334,0.6875,0.39412500000000006
663457,ST,Sweeper,Breaking,69,0.2727272727272727,0.6666666666666666,0.4489168571428572
663457,FS,Splitter,Offspeed,61,0.25,0.2777777777777778,0.25433333333333336
663494,FF,4-Seam FB,Fastball,286,0.18248175182481752,0.41379310344827586,0.35274271641791044
663494,SI,Sinker,Fastball,134,0.12962962962962962,0.36,0.32817599999999997
663494,CH,Changeup,Offspeed,85,0.3023255813953488,0.2,0.19492
663494,SL,Slider,Breaking,66,0.28125,0.1875,0.2026128235294118
663494,CU,Curveball,Breaking,61,0.09523809523809523,0.42857142857142855,0.20796362499999999
663494,FC,Cutter,Fastball,42,0.3888888888888889,0.5555555555555556,0.2647777777777778
663494,ST,Sweeper,Breaking,41,0.3125,0.2222222222222222,0.3102418
663538,FF,4-Seam FB,Fastball,702,0.06842105263157895,0.31313131313131315,0.32407988888888895
663538,SI,Sinker,Fastball,562,0.043824701195219126,0.36538461538461536,0.35200667065868263
663538,SL,Slider,Breaking,354,0.23129251700680273,0.4567901234567901,0.2869882682926829
663538,ST,Sweeper,Breaking,218,0.11627906976744186,0.6,0.3216051304347826
663538,CH,Changeup,Offspeed,210,0.22033898305084745,0.17543859649122806,0.27750481355932205
663538,FC,Cutter,Fastball,180,0.12345679012345678,0.36363636363636365,0.338103875
663538,CU,Curveball,Breaking,119,0.10416666666666667,0.28,0.2981699230769231
663538,FS,Splitter,Offspeed,48,0.34782608695652173,0.6666666666666666,0.2645
663538,KC,Knuckle-Curve,Breaking,36,0.25,0.25,0.3460784
663586,FF,4-Seam FB,Fastball,796,0.327319587628866,0.3641304347826087,0.322146
663586,SI,Sinker,Fastball,403,0.13875598086124402,0.4095238095238095,0.30958918260869567
663586,ST,Sweeper,Breaking,311,0.36486486486486486,0.375,0.2889618235294118
663586,SL,Slider,Breaking,289,0.37142857142857144,0.3484848484848485,0.2671280579710145
663586,CH,Changeup,Offspeed,245,0.3706896551724138,0.2909090909090909,0.23495265517241382
663586,FC,Cutter,Fastball,222,0.36283185840707965,0.45,0.3351268780487805
663586,CU,Curveball,Breaking,123,0.2978723404255319,0.5,0.3394964347826087
663586,FS,Splitter,Offspeed,70,0.40540540540540543,0.5714285714285714,0.2509577333333333
663586,KC,Knuckle-Curve,Breaking,43,0.5652173913043478,0.08333333333333333,0.1953454285714286
663604,FF,4-Seam FB,Fastball,145,0.31666666666666665,0.2916666666666667,0.28352116666666666
663604,SI,Sinker,Fastball,101,0.19607843137254902,0.20833333333333334,0.22707463157894736
663604,SL,Slider,Breaking,77,0.3333333333333333,0.4,0.19831578947368422
663604,CH,Changeup,Offspeed,66,0.5384615384615384,0.13333333333333333,0.17352985714285715
663604,FC,Cutter,Fastball,49,0.15,1.0,0.4652025714285714
663604,ST,Sweeper,Breaking,48,0.2608695652173913,0.45454545454545453,0.2602181538461539
663611,FF,4-Seam FB,Fastball,66,0.05555555555555555,0.42857142857142855,0.34255225
663611,SI,Sinker,Fastball,48,0.0,0.2857142857142857,0.2818942352941176
663611,SL,Slider,Breaking,48,0.16,0.42857142857142855,0.38408359999999997
663616,FF,4-Seam FB,Fastball,484,0.13025210084033614,0.49295774647887325,0.3602901818181818
663616,SI,Sinker,Fastball,255,0.16666666666666666,0.5576923076923077,0.4061883793103448
663616,CH,Changeup,Offspeed,244,0.36538461538461536,0.22448979591836735,0.21435671999999997
663616,SL,Slider,Breaking,224,0.43157894736842106,0.4722222222222222,0.3071121395348837
663616,CU,Curveball,Breaking,139,0.3448275862068966,0.4,0.3156276551724138
663616,ST,Sweeper,Breaking,130,0.4090909090909091,0.5,0.34089438461538457
663616,FC,Cutter,Fastball,114,0.13333333333333333,0.391304347826087,0.343052
663616,FS,Splitter,Offspeed,105,0.49019607843137253,0.2916666666666667,0.26959542857142854
663616,KC,Knuckle-Curve,Breaking,42,0.3333333333333333,0.38461538461538464,0.1604615384615385
663624,FF,4-Seam FB,Fastball,30,0.2777777777777778,0.16666666666666666,0.3494726666666667
663624,SI,Sinker,Fastball,25,0.0,0.5,0.895
663647,FF,4-Seam FB,Fastball,272,0.20454545454545456,0.2028985507246377,0.28176239999999997
663647,SI,Sinker,Fastball,208,0.1368421052631579,0.4909090909090909,0.39410075
663647,ST,Sweeper,Breaking,113,0.36,0.20689655172413793,0.2043448275862069
663647,SL,Slider,Breaking,95,0.34146341463414637,0.04,0.3137833076923077
663647,CU,Curveball,Breaking,67,0.3333333333333333,0.0,0.16576470588235295
663647,FC,Cutter,Fastball,66,0.24242424242424243,0.058823529411764705,0.1771049411764706
663647,CH,Changeup,Offspeed,62,0.35714285714285715,0.23076923076923078,0.32775000000000004
663656,FF,4-Seam FB,Fastball,737,0.19791666666666666,0.4371584699453552,0.37029841346153847
663656,SL,Slider,Breaking,363,0.28994082840236685,0.30158730158730157,0.3153649577464789
663656,CH,Changeup,Offspeed,358,0.26136363636363635,0.29411764705882354,0.24575742857142857
663656,SI,Sinker,Fastball,332,0.08,0.379746835443038,0.33882704444444445
663656,FC,Cutter,Fastball,210,0.1588785046728972,0.5106382978723404,0.35174508000000004
663656,CU,Curveball,Breaking,159,0.25,0.21739130434782608,0.3469140689655172
663656,ST,Sweeper,Breaking,158,0.28846153846153844,0.75,0.3649686206896552
663656,FS,Splitter,Offspeed,104,0.32075471698113206,0.2,0.23379365217391304
663656,KC,Knuckle-Curve,Breaking,38,0.21428571428571427,0.5,0.48585618181818185
663662,FF,4-Seam FB,Fastball,31,0.2222222222222222,0.2857142857142857,0.37262500000000004
663662,SI,Sinker,Fastball,28,0.125,0.0,0.049999999999999996
663697,FF,4-Seam FB,Fastball,99,0.07317073170731707,0.38461538461538464,0.3310783846153846
663697,SI,Sinker,Fastball,54,0.19047619047619047,0.07142857142857142,0.34133
663697,SL,Slider,Breaking,33,0.5714285714285714,0.0,0.07833333333333332
663697,CH,Changeup,Offspeed,26,0.3076923076923077,0.6666666666666666,0.24119999999999994
663698,FF,4-Seam FB,Fastball,155,0.2375,0.1935483870967742,0.30692983783783784
663698,SI,Sinker,Fastball,95,0.10526315789473684,0.55,0.35524255555555556
663698,CH,Changeup,Offspeed,74,0.4,0.4,0.29974179999999995
663698,SL,Slider,Breaking,58,0.4,0.25,0.25476054545454546
663698,FC,Cutter,Fastball,48,0.4074074074074074,0.16666666666666666,0.27948085714285714
663698,ST,Sweeper,Breaking,43,0.37037037037037035,0.7272727272727273,0.34967319999999996
663698,CU,Curveball,Breaking,30,0.3,0.5,0.3006836
663728,FF,4-Seam FB,Fastball,838,0.29046563192904656,0.3132530120481928,0.30152310416666667
663728,CH,Changeup,Offspeed,304,0.3624161073825503,0.30158730158730157,0.31624014925373134
663728,SL,Slider,Breaking,254,0.4014084507042254,0.5,0.2545253333333333
663728,FC,Cutter,Fastball,242,0.3088235294117647,0.38636363636363635,0.28783170212765957
663728,CU,Curveball,Breaking,167,0.3492063492063492,0.13793103448275862,0.26535905555555556
663728,SI,Sinker,Fastball,165,0.17142857142857143,0.75,0.46487224390243903
663728,ST,Sweeper,Breaking,130,0.34375,0.1111111111111111,0.22648272727272725
663728,FS,Splitter,Offspeed,111,0.34,0.3181818181818182,0.347241037037037
663728,KC,Knuckle-Curve,Breaking,58,0.5416666666666666,0.7142857142857143,0.4285706153846153
663743,FF,4-Seam FB,Fastball,294,0.15337423312883436,0.43209876543209874,0.26719
663743,SI,Sinker,Fastball,237,0.04032258064516129,0.36486486486486486,0.31602290410958905
663743,SL,Slider,Breaking,162,0.3191489361702128,0.3111111111111111,0.2434396444444445
663743,CH,Changeup,Offspeed,126,0.31343283582089554,0.38461538461538464,0.20376045
663743,FC,Cutter,Fastball,114,0.11666666666666667,0.32142857142857145,0.2732292142857143
663743,ST,Sweeper,Breaking,96,0.16129032258064516,0.17647058823529413,0.22176577777777778
663743,CU,Curveball,Breaking,72,0.25,0.5454545454545454,0.3965784285714285
663757,FF,4-Seam FB,Fastball,681,0.13013698630136986,0.4407894736842105,0.39951595266272183
663757,SI,Sinker,Fastball,357,0.07746478873239436,0.39080459770114945,0.32912399999999997
663757,SL,Slider,Breaking,221,0.3333333333333333,0.5142857142857142,0.37276731818181824
663757,CH,Changeup,Offspeed,198,0.26373626373626374,0.5106382978723404,0.31061742857142854
663757,FC,Cutter,Fastball,166,0.19444444444444445,0.14285714285714285,0.29658133333333336
663757,CU,Curveball,Breaking,146,0.09375,0.23529411764705882,0.2714908888888889
663757,ST,Sweeper,Breaking,145,0.2916666666666667,0.4666666666666667,0.2979344242424242
663757,FS,Splitter,Offspeed,84,0.40540540540540543,0.0,0.1486709
663757,KC,Knuckle-Curve,Breaking,29,0.36363636363636365,0.3333333333333333,0.13983333333333334
663837,FF,4-Seam FB,Fastball,364,0.18181818181818182,0.28,0.30813657499999997
663837,SI,Sinker,Fastball,248,0.11578947368421053,0.3090909090909091,0.3569084666666667
663837,SL,Slider,Breaking,158,0.2375,0.3829787234042553,0.29933333333333334
663837,CH,Changeup,Offspeed,130,0.2222222222222222,0.375,0.2669217575757576
663837,ST,Sweeper,Breaking,84,0.10714285714285714,0.40625,0.24207142857142855
663837,FC,Cutter,Fastball,79,0.20588235294117646,0.5882352941176471,0.43755580952380957
663837,CU,Curveball,Breaking,61,0.2692307692307692,0.25,0.190901125
663853,FF,4-Seam FB,Fastball,90,0.2641509433962264,0.4583333333333333,0.30413671999999997
663853,SI,Sinker,Fastball,43,0.29411764705882354,0.1,0.34139866666666663
663853,CH,Changeup,Offspeed,37,0.35294117647058826,0.0,0.12714285714285714
663853,ST,Sweeper,Breaking,32,0.6153846153846154,0.0,0.2614553333333333
663853,FC,Cutter,Fastball,31,0.3125,0.4,0.4366908571428571
663853,SL,Slider,Breaking,25,0.3333333333333333,0.5,0.33493533333333336
663886,FF,4-Seam FB,Fastball,569,0.22695035460992907,0.45081967213114754,0.38546451908396945
663886,SI,Sinker,Fastball,321,0.1564625850340136,0.6470588235294118,0.4517092842105263
663886,SL,Slider,Breaking,315,0.3609022556390977,0.3582089552238806,0.24868167164179103
663886,ST,Sweeper,Breaking,221,0.35,0.3488372093023256,0.23067089795918366
663886,CH,Changeup,Offspeed,191,0.2891566265060241,0.1388888888888889,0.21866897435897434
663886,FC,Cutter,Fastball,159,0.2753623188405797,0.29411764705882354,0.31744973684210526
663886,CU,Curveball,Breaking,99,0.35,0.3157894736842105,0.2247254736842105
663886,FS,Splitter,Offspeed,58,0.5555555555555556,0.15384615384615385,0.05792307692307692
663967,FF,4-Seam FB,Fastball,46,0.06666666666666667,0.25,0.3462025714285714
663968,FF,4-Seam FB,Fastball,647,0.23415977961432508,0.344,0.28867022222222216
663968,CH,Changeup,Offspeed,228,0.2602739726027397,0.2753623188405797,0.2363082222222222
663968,SI,Sinker,Fastball,224,0.17391304347826086,0.36363636363636365,0.30581116129032254
663968,SL,Slider,Breaking,181,0.20353982300884957,0.3584905660377358,0.31351575000000004
663968,FC,Cutter,Fastball,162,0.1188118811881188,0.4186046511627907,0.31323677272727274
663968,CU,Curveball,Breaking,121,0.17647058823529413,0.3939393939393939,0.25558842424242423
663968,ST,Sweeper,Breaking,107,0.18333333333333332,0.5454545454545454,0.302922972972973
663968,FS,Splitter,Offspeed,56,0.32432432432432434,0.14285714285714285,0.23392857142857143
663993,FF,4-Seam FB,Fastball,803,0.19387755102040816,0.3742690058479532,0.3483460552486188
663993,SI,Sinker,Fastball,218,0.15217391304347827,0.34615384615384615,0.40476606666666665
663993,CH,Changeup,Offspeed,165,0.22784810126582278,0.4772727272727273,0.29393121739130434
663993,CU,Curveball,Breaking,128,0.2765957446808511,0.19047619047619047,0.23215983333333332
663993,FC,Cutter,Fastball,125,0.1935483870967742,0.8275862068965517,0.3887806
663993,SL,Slider,Breaking,125,0.3,0.6774193548387096,0.24948060000000002
663993,ST,Sweeper,Breaking,122,0.41304347826086957,0.2777777777777778,0.1641418
663993,FS,Splitter,Offspeed,62,0.21428571428571427,0.5,0.36699999999999994
663993,KC,Knuckle-Curve,Breaking,28,0.18181818181818182,2.0,0.7416836
664023,FF,4-Seam FB,Fastball,950,0.27877237851662406,0.38235294117647056,0.29374643434343434
664023,CH,Changeup,Offspeed,509,0.36585365853658536,0.22018348623853212,0.24403299999999997
664023,SL,Slider,Breaking,280,0.32413793103448274,0.4838709677419355,0.3258960895522388
664023,SI,Sinker,Fastball,269,0.17272727272727273,0.41379310344827586,0.3684060289855073
664023,FC,Cutter,Fastball,199,0.24489795918367346,0.7631578947368421,0.42989672727272726
664023,CU,Curveball,Breaking,191,0.4166666666666667,0.4857142857142857,0.3312816923076923
664023,ST,Sweeper,Breaking,136,0.3088235294117647,0.6571428571428571,0.3246982702702703
664023,FS,Splitter,Offspeed,110,0.2549019607843137,0.4583333333333333,0.31752400000000003
664023,KC,Knuckle-Curve,Breaking,54,0.5,0.375,0.397135
664034,FF,4-Seam FB,Fastball,694,0.2913165266106443,0.43846153846153846,0.31692093506493507
664034,SI,Sinker,Fastball,348,0.1497326203208556,0.5411764705882353,0.3942830112359551
664034,SL,Slider,Breaking,218,0.3282442748091603,0.559322033898305,0.32818181818181813
664034,ST,Sweeper,Breaking,192,0.19387755102040816,0.5384615384615384,0.30757746666666663
664034,FC,Cutter,Fastball,160,0.3111111111111111,0.42857142857142855,0.3654732352941177
664034,CH,Changeup,Offspeed,156,0.3333333333333333,0.7142857142857143,0.33035000000000003
664034,CU,Curveball,Breaking,117,0.3770491803278688,0.3448275862068966,0.1812376129032258
664034,FS,Splitter,Offspeed,54,0.3611111111111111,0.5384615384615384,0.3100833333333333
664034,KC,Knuckle-Curve,Breaking,25,0.25,0.6,0.5577276666666667
664040,FF,4-Seam FB,Fastball,693,0.33015873015873015,0.5833333333333334,0.3918340784313725
664040,SL,Slider,Breaking,415,0.4302788844621514,0.42,0.23468202
664040,SI,Sinker,Fastball,372,0.19135802469135801,0.40476190476190477,0.3593708124999999
664040,CH,Changeup,Offspeed,307,0.36470588235294116,0.5,0.36557993023255814
664040,ST,Sweeper,Breaking,269,0.43609022556390975,0.22448979591836735,0.17355399999999999
664040,FC,Cutter,Fastball,240,0.29545454545454547,0.6481481481481481,0.3932119016393443
664040,CU,Curveball,Breaking,147,0.3582089552238806,0.75,0.3869885581395348
664040,FS,Splitter,Offspeed,89,0.4339622641509434,0.25925925925925924,0.22101672
664040,KC,Knuckle-Curve,Breaking,62,0.3888888888888889,0.3333333333333333,0.24799999999999997
664056,FF,4-Seam FB,Fastball,134,0.24285714285714285,0.3333333333333333,0.2543107272727273
664056,SI,Sinker,Fastball,74,0.11428571428571428,0.29411764705882354,0.3181111111111111
664056,SL,Slider,Breaking,64,0.5,0.55,0.34563157894736846
664056,ST,Sweeper,Breaking,39,0.4782608695652174,0.0,0.1352198181818182
664056,CH,Changeup,Offspeed,38,0.34782608695652173,0.4,0.28969999999999996
664056,FC,Cutter,Fastball,36,0.22727272727272727,0.0,0.27999999999999997
664059,FF,4-Seam FB,Fastball,98,0.15555555555555556,0.18181818181818182,0.21346505263157897
664059,SL,Slider,Breaking,31,0.46153846153846156,0.125,0.07042857142857142
664059,CH,Changeup,Offspeed,30,0.5,0.2857142857142857,0.27016666666666667
664068,SI,Sinker,Fastball,28,0.125,0.25,0.0
664238,FF,4-Seam FB,Fastball,55,0.15384615384615385,0.0,0.3621393333333333
664238,SL,Slider,Breaking,25,0.5714285714285714,0.0,0.1155
664702,FF,4-Seam FB,Fastball,400,0.09782608695652174,0.33663366336633666,0.31883650909090905
664702,SI,Sinker,Fastball,279,0.040983606557377046,0.3472222222222222,0.35785343209876547
664702,SL,Slider,Breaking,192,0.2328767123287671,0.11904761904761904,0.17601019512195124
664702,CH,Changeup,Offspeed,118,0.15555555555555556,0.4444444444444444,0.22444444444444447
664702,ST,Sweeper,Breaking,103,0.22580645161290322,0.3125,0.17591211111111113
664702,FC,Cutter,Fastball,93,0.13953488372093023,0.5,0.28433671999999993
664702,CU,Curveball,Breaking,51,0.3,0.2857142857142857,0.2792857142857143
664728,FF,4-Seam FB,Fastball,445,0.12690355329949238,0.44565217391304346,0.25791540816326525
664728,SI,Sinker,Fastball,163,0.11842105263157894,0.17777777777777778,0.2786795833333333
664728,CH,Changeup,Offspeed,112,0.2898550724637681,0.1951219512195122,0.2064623333333333
664728,SL,Slider,Breaking,105,0.26785714285714285,0.5833333333333334,0.3089147692307692
664728,FC,Cutter,Fastball,101,0.09433962264150944,0.2903225806451613,0.252945448275862
664728,ST,Sweeper,Breaking,92,0.17647058823529413,0.16666666666666666,0.13112500000000002
664728,CU,Curveball,Breaking,72,0.35294117647058826,0.058823529411764705,0.18831870588235294
664728,FS,Splitter,Offspeed,43,0.15384615384615385,0.5384615384615384,0.4464166666666667
664731,FF,4-Seam FB,Fastball,57,0.28,0.5833333333333334,0.26637977777777777
664731,SI,Sinker,Fastball,50,0.05,0.1111111111111111,0.32717725
664731,SL,Slider,Breaking,29,0.5384615384615384,0.0,0.02666666666666667
664761,FF,4-Seam FB,Fastball,709,0.16905444126074498,0.41509433962264153,0.3360656888888889
664761,SI,Sinker,Fastball,514,0.08260869565217391,0.31386861313868614,0.34751656953642385
664761,SL,Slider,Breaking,321,0.22875816993464052,0.3488372093023256,0.31398677272727277
664761,ST,Sweeper,Breaking,205,0.20512820512820512,0.2222222222222222,0.292378652173913
664761,FC,Cutter,Fastball,197,0.14285714285714285,0.4727272727272727,0.3150037407407407
664761,CH,Changeup,Offspeed,156,0.25,0.5833333333333334,0.36456116666666666
664761,CU,Curveball,Breaking,108,0.10256410256410256,0.25,0.2194167692307692
664761,FS,Splitter,Offspeed,56,0.1875,0.7222222222222222,0.38235294117647056
664761,KC,Knuckle-Curve,Breaking,25,0.38461538461538464,1.0,0.48472766666666667
664770,FF,4-Seam FB,Fastball,639,0.1620795107033639,0.3458646616541353,0.30460295035460994
664770,SI,Sinker,Fastball,348,0.10759493670886076,0.2222222222222222,0.23589511363636362
664770,CH,Changeup,Offspeed,178,0.1595744680851064,0.574468085106383,0.29892040000000003
664770,FC,Cutter,Fastball,176,0.17204301075268819,0.2857142857142857,0.29459016216216216
664770,SL,Slider,Breaking,164,0.21428571428571427,0.4418604651162791,0.35948510204081635
664770,CU,Curveball,Breaking,105,0.18,0.5172413793103449,0.2565862068965517
664770,FS,Splitter,Offspeed,73,0.14634146341463414,0.4782608695652174,0.2691904761904762
664770,ST,Sweeper,Breaking,68,0.20689655172413793,0.5384615384615384,0.2871727142857142
664774,FF,4-Seam FB,Fastball,278,0.2692307692307692,0.2926829268292683,0.30832105660377357
664774,SI,Sinker,Fastball,92,0.02702702702702703,0.5263157894736842,0.32789418181818175
664774,CH,Changeup,Offspeed,78,0.4375,0.42105263157894735,0.15724544444444444
664774,FC,Cutter,Fastball,77,0.3125,0.5333333333333333,0.28350000000000003
664774,SL,Slider,Breaking,61,0.32,0.3684210526315789,0.17975000000000002
664774,ST,Sweeper,Breaking,42,0.15789473684210525,0.0,0.16830225
664774,CU,Curveball,Breaking,41,0.08333333333333333,0.8,0.21480000000000002
664774,FS,Splitter,Offspeed,27,0.15384615384615385,0.5714285714285714,0.3504285714285715
664954,FF,4-Seam FB,Fastball,295,0.16216216216216217,0.5352112676056338,0.30385428947368426
664954,SI,Sinker,Fastball,118,0.09523809523809523,0.5882352941176471,0.3758816216216216
664954,SL,Slider,Breaking,98,0.21052631578947367,0.2727272727272727,0.30201990476190477
664954,CH,Changeup,Offspeed,87,0.20833333333333334,0.4,0.2592806
664954,ST,Sweeper,Breaking,71,0.20588235294117646,0.5882352941176471,0.11894117647058824
664954,FC,Cutter,Fastball,63,0.1388888888888889,0.05555555555555555,0.23652941176470588
664954,CU,Curveball,Breaking,46,0.23809523809523808,0.0,0.17927272727272728
664954,FS,Splitter,Offspeed,34,0.1111111111111111,0.3333333333333333,0.40360000000000007
664954,KC,Knuckle-Curve,Breaking,26,0.3333333333333333,0.0,0.10285714285714286
664983,FF,4-Seam FB,Fastball,599,0.12429378531073447,0.5857988165680473,0.3733369265536723
664983,SL,Slider,Breaking,294,0.3374233128834356,0.3150684931506849,0.23866215584415587
664983,SI,Sinker,Fastball,278,0.16091954022988506,0.5816326530612245,0.35529404
664983,CH,Changeup,Offspeed,207,0.25203252032520324,0.3333333333333333,0.25897528125
664983,CU,Curveball,Breaking,165,0.20253164556962025,0.358974358974359,0.30200375
664983,FC,Cutter,Fastball,160,0.20618556701030927,0.4186046511627907,0.3487091363636364
664983,ST,Sweeper,Breaking,160,0.2804878048780488,0.5405405405405406,0.3264057368421053
664983,FS,Splitter,Offspeed,54,0.3,0.8571428571428571,0.36967271428571424
664983,KC,Knuckle-Curve,Breaking,39,0.45454545454545453,0.09090909090909091,0.16977777777777778
665019,FF,4-Seam FB,Fastball,827,0.2469733656174334,0.4666666666666667,0.3004848144329897
665019,SI,Sinker,Fastball,338,0.1388888888888889,0.37623762376237624,0.3367475471698113
665019,SL,Slider,Breaking,291,0.3018867924528302,0.603448275862069,0.35960677419354836
665019,CH,Changeup,Offspeed,229,0.23148148148148148,0.4166666666666667,0.3973445333333333
665019,CU,Curveball,Breaking,157,0.3013698630136986,0.425,0.3215385714285714
665019,ST,Sweeper,Breaking,145,0.2727272727272727,0.34375,0.2073775294117647
665019,FC,Cutter,Fastball,143,0.2923076923076923,0.5151515151515151,0.403463625
665019,FS,Splitter,Offspeed,87,0.2558139534883721,0.4782608695652174,0.3601231538461539
665019,KC,Knuckle-Curve,Breaking,32,0.35714285714285715,1.2857142857142858,0.45817074999999996
665052,FF,4-Seam FB,Fastball,338,0.3132530120481928,0.734375,0.4656555774647888
665052,CH,Changeup,Offspeed,196,0.53125,0.3269230769230769,0.2359583846153846
665052,SL,Slider,Breaking,161,0.4883720930232558,0.4,0.33762687500000005
665052,SI,Sinker,Fastball,130,0.1891891891891892,0.5,0.4508121025641025
665052,FC,Cutter,Fastball,111,0.25925925925925924,0.375,0.36682278571428567
665052,ST,Sweeper,Breaking,106,0.45454545454545453,0.3333333333333333,0.25444356521739137
665052,CU,Curveball,Breaking,88,0.2903225806451613,0.5,0.3640886086956521
665052,FS,Splitter,Offspeed,53,0.4666666666666667,0.15384615384615385,0.1733333333333333
665161,FF,4-Seam FB,Fastball,380,0.21359223300970873,0.5360824742268041,0.3923929814814815
665161,SI,Sinker,Fastball,344,0.12,0.5,0.35946306930693067
665161,SL,Slider,Breaking,293,0.41304347826086957,0.42105263157894735,0.28686225882352945
665161,CH,Changeup,Offspeed,187,0.39361702127659576,0.23529411764705882,0.25234551351351353
665161,ST,Sweeper,Breaking,183,0.43137254901960786,0.4878048780487805,0.1980099523809524
665161,FC,Cutter,Fastball,130,0.29333333333333333,0.6176470588235294,0.4869262285714286
665161,CU,Curveball,Breaking,88,0.5306122448979592,0.36666666666666664,0.18561824999999998
665161,FS,Splitter,Offspeed,60,0.5925925925925926,0.6363636363636364,0.3955348333333333
665161,KC,Knuckle-Curve,Breaking,25,0.5555555555555556,0.16666666666666666,0.19166666666666668
665487,FF,4-Seam FB,Fastball,687,0.205607476635514,0.4883720930232558,0.4114952708333333
665487,SI,Sinker,Fastball,542,0.15702479338842976,0.4148148148148148,0.36971316339869276
665487,SL,Slider,Breaking,362,0.36904761904761907,0.5638297872340425,0.36874225490196083
665487,CH,Changeup,Offspeed,271,0.32558139534883723,0.47540983606557374,0.3434346769230769
665487,ST,Sweeper,Breaking,237,0.30612244897959184,0.4,0.3073749206349206
665487,FC,Cutter,Fastball,188,0.29473684210526313,0.574468085106383,0.4642278928571428
665487,CU,Curveball,Breaking,125,0.38333333333333336,0.4782608695652174,0.4073225217391304
665487,FS,Splitter,Offspeed,69,0.4074074074074074,0.0,0.19656250000000003
665487,KC,Knuckle-Curve,Breaking,38,0.23529411764705882,0.6666666666666666,0.4983000000000001
665489,FF,4-Seam FB,Fastball,546,0.1729957805907173,0.4690265486725664,0.3504803114754098
665489,SI,Sinker,Fastball,546,0.0954356846473029,0.45588235294117646,0.3591645769230769
665489,SL,Slider,Breaking,311,0.26973684210526316,0.14814814814814814,0.2826008409090909
665489,FC,Cutter,Fastball,213,0.19607843137254902,0.22448979591836735,0.3073612592592593
665489,CH,Changeup,Offspeed,188,0.29292929292929293,0.41509433962264153,0.35298643636363636
665489,ST,Sweeper,Breaking,187,0.23655913978494625,0.39655172413793105,0.2855610322580645
665489,CU,Curveball,Breaking,98,0.22641509433962265,0.5909090909090909,0.4986776923076924
665489,FS,Splitter,Offspeed,54,0.23333333333333334,0.1875,0.25943635294117645
665489,KC,Knuckle-Curve,Breaking,33,0.5,0.16666666666666666,0.2698333333333333
665506,FF,4-Seam FB,Fastball,30,0.14285714285714285,0.0,0.16866666666666666
665561,FF,4-Seam FB,Fastball,184,0.11235955056179775,0.24390243902439024,0.21158004999999996
665561,SL,Slider,Breaking,57,0.35714285714285715,0.08333333333333333,0.20212418181818181
665561,CH,Changeup,Offspeed,50,0.2857142857142857,0.0,0.08433333333333333
665561,SI,Sinker,Fastball,33,0.07142857142857142,0.16666666666666666,0.2998
665561,CU,Curveball,Breaking,32,0.0,0.2857142857142857,0.29300000000000004
665561,FC,Cutter,Fastball,31,0.05263157894736842,0.0,0.12114285714285715
665742,FF,4-Seam FB,Fastball,426,0.23469387755102042,0.5673076923076923,0.45499121428571426
665742,SI,Sinker,Fastball,409,0.16853932584269662,0.5180722891566265,0.42581949473684216
665742,SL,Slider,Breaking,264,0.19767441860465115,0.4,0.3928217142857143
665742,CH,Changeup,Offspeed,202,0.14772727272727273,0.5,0.38043837037037037
665742,ST,Sweeper,Breaking,145,0.24561403508771928,0.6216216216216216,0.4479046341463414
665742,CU,Curveball,Breaking,132,0.27906976744186046,0.5,0.3440612
665742,FC,Cutter,Fastball,125,0.21739130434782608,0.6666666666666666,0.4123961666666667
665742,FS,Splitter,Offspeed,87,0.2777777777777778,0.15789473684210525,0.3079204166666667
665742,KC,Knuckle-Curve,Breaking,37,0.16666666666666666,0.6,0.5598337142857143
665750,FF,4-Seam FB,Fastball,681,0.22935779816513763,0.3125,0.2925299108280255
665750,CH,Changeup,Offspeed,300,0.2565789473684211,0.36231884057971014,0.22758104225352113
665750,SL,Slider,Breaking,205,0.29245283018867924,0.4117647058823529,0.27255138461538464
665750,SI,Sinker,Fastball,202,0.17647058823529413,0.40384615384615385,0.3595821016949153
665750,FC,Cutter,Fastball,157,0.15789473684210525,0.3684210526315789,0.2773232682926829
665750,CU,Curveball,Breaking,150,0.3442622950819672,0.4,0.2337554193548387
665750,ST,Sweeper,Breaking,122,0.38181818181818183,0.14814814814814814,0.1275487857142857
665750,FS,Splitter,Offspeed,79,0.275,0.3888888888888889,0.22805555555555557
665804,FF,4-Seam FB,Fastball,274,0.19718309859154928,0.5384615384615384,0.3229595820895522
665804,SI,Sinker,Fastball,186,0.15,0.5454545454545454,0.39254089473684206
665804,SL,Slider,Breaking,180,0.3707865168539326,0.36363636363636365,0.291267125
665804,ST,Sweeper,Breaking,127,0.38596491228070173,0.25,0.22577933333333333
665804,CH,Changeup,Offspeed,91,0.39285714285714285,0.2608695652173913,0.170125
665804,FC,Cutter,Fastball,84,0.3157894736842105,0.2727272727272727,0.2523091538461539
665804,CU,Curveball,Breaking,44,0.09090909090909091,0.2857142857142857,0.06371428571428571
665828,FF,4-Seam FB,Fastball,49,0.3333333333333333,0.4,0.21020000000000003
665833,FF,4-Seam FB,Fastball,500,0.26126126126126126,0.5196078431372549,0.39559461111111116
665833,SL,Slider,Breaking,253,0.4174757281553398,0.38,0.3188274181818182
665833,SI,Sinker,Fastball,245,0.21839080459770116,0.34615384615384615,0.35771193103448273
665833,CH,Changeup,Offspeed,232,0.5046728971962616,0.43859649122807015,0.30208344262295084
665833,ST,Sweeper,Breaking,140,0.38181818181818183,0.7,0.3575197647058823
665833,FC,Cutter,Fastball,121,0.27586206896551724,0.8571428571428571,0.49316311111111116
665833,CU,Curveball,Breaking,112,0.5106382978723404,0.4666666666666667,0.24556666666666663
665833,FS,Splitter,Offspeed,81,0.5588235294117647,0.25,0.16123975
665833,KC,Knuckle-Curve,Breaking,49,0.36363636363636365,0.6666666666666666,0.5295348333333333
665861,FF,4-Seam FB,Fastball,98,0.2903225806451613,0.3333333333333333,0.36036475
665861,SL,Slider,Breaking,41,0.34782608695652173,0.2,0.26867725
665861,SI,Sinker,Fastball,39,0.05263157894736842,0.25,0.2838333333333333
665861,ST,Sweeper,Breaking,27,0.26666666666666666,0.3333333333333333,0.2926666666666667
665862,FF,4-Seam FB,Fastball,703,0.2188449848024316,0.3227848101265823,0.30314409090909095
665862,SL,Slider,Breaking,294,0.4230769230769231,0.5555555555555556,0.2917670434782609
665862,SI,Sinker,Fastball,276,0.21138211382113822,0.5614035087719298,0.4101892786885246
665862,CH,Changeup,Offspeed,252,0.35135135135135137,0.45614035087719296,0.2892853559322034
665862,FC,Cutter,Fastball,187,0.3972602739726027,0.3333333333333333,0.37190476470588235
665862,CU,Curveball,Breaking,183,0.4444444444444444,0.3076923076923077,0.19704741176470586
665862,ST,Sweeper,Breaking,155,0.2948717948717949,0.4634146341463415,0.2406570697674419
665862,FS,Splitter,Offspeed,114,0.44,0.058823529411764705,0.11881250000000002
665862,KC,Knuckle-Curve,Breaking,48,0.2777777777777778,0.14285714285714285,0.29230225
665877,FF,4-Seam FB,Fastball,466,0.13157894736842105,0.4411764705882353,0.2723275752212389
665877,SI,Sinker,Fastball,299,0.06666666666666667,0.4342105263157895,0.3681249873417721
665877,SL,Slider,Breaking,204,0.16176470588235295,0.2727272727272727,0.2629059130434782
665877,ST,Sweeper,Breaking,155,0.16666666666666666,0.15,0.19805723809523812
665877,CH,Changeup,Offspeed,152,0.16666666666666666,0.2777777777777778,0.3054583684210526
665877,FC,Cutter,Fastball,127,0.23214285714285715,0.18518518518518517,0.2600087586206897
665877,CU,Curveball,Breaking,113,0.1,0.35,0.32120000000000004
665923,FF,4-Seam FB,Fastball,319,0.2814814814814815,0.5423728813559322,0.31958734285714285
665923,SI,Sinker,Fastball,187,0.1927710843373494,0.15151515151515152,0.3056322380952381
665923,SL,Slider,Breaking,112,0.40625,0.3870967741935484,0.16881321212121211
665923,CH,Changeup,Offspeed,108,0.3389830508474576,0.39285714285714285,0.32203877419354837
665923,ST,Sweeper,Breaking,106,0.3392857142857143,0.5769230769230769,0.3123602307692307
665923,FC,Cutter,Fastball,84,0.38095238095238093,0.1875,0.23116376470588237
665923,CU,Curveball,Breaking,53,0.16666666666666666,0.0,0.2526835
665923,FS,Splitter,Offspeed,25,0.5882352941176471,0.0,0.0
665926,FF,4-Seam FB,Fastball,621,0.2386058981233244,0.43884892086330934,0.2737227837837838
665926,SI,Sinker,Fastball,331,0.1638418079096045,0.375,0.3158672808988764
665926,SL,Slider,Breaking,214,0.29464285714285715,0.18032786885245902,0.21567590769230768
665926,CH,Changeup,Offspeed,191,0.3008849557522124,0.3018867924528302,0.24660319230769231
665926,FC,Cutter,Fastball,150,0.18681318681318682,0.3333333333333333,0.27542857142857147
665926,ST,Sweeper,Breaking,137,0.3132530120481928,0.3333333333333333,0.2602599428571428
665926,CU,Curveball,Breaking,119,0.22033898305084745,0.8333333333333334,0.35062162962962967
665926,FS,Splitter,Offspeed,58,0.3684210526315789,0.23809523809523808,0.26761904761904765
665926,KC,Knuckle-Curve,Breaking,41,0.25806451612903225,0.4375,0.28375
665953,FF,4-Seam FB,Fastball,223,0.21428571428571427,0.7076923076923077,0.4496013846153846
665953,CH,Changeup,Offspeed,153,0.4492753623188406,0.25,0.26123633333333335
665953,SL,Slider,Breaking,121,0.5,0.34782608695652173,0.33538835714285714
665953,ST,Sweeper,Breaking,115,0.49019607843137253,0.24,0.19478333333333334
665953,SI,Sinker,Fastball,111,0.18518518518518517,0.5172413793103449,0.38040906250000006
665953,CU,Curveball,Breaking,83,0.28125,0.5,0.42572499999999996
665953,FC,Cutter,Fastball,56,0.12,0.3333333333333333,0.2620278666666667
665953,FS,Splitter,Offspeed,37,0.4583333333333333,0.5,0.0662857142857143
665966,FF,4-Seam FB,Fastball,458,0.3504273504273504,0.08333333333333333,0.2171071739130435
665966,SL,Slider,Breaking,204,0.45132743362831856,0.1568627450980392,0.20042290196078433
665966,SI,Sinker,Fastball,188,0.10112359550561797,0.2857142857142857,0.333527
665966,FC,Cutter,Fastball,100,0.44,0.375,0.3553213333333333
665966,ST,Sweeper,Breaking,76,0.3157894736842105,0.631578947368421,0.20589473684210527
665966,CH,Changeup,Offspeed,72,0.3181818181818182,0.25,0.2601350476190476
665966,CU,Curveball,Breaking,50,0.2916666666666667,0.42857142857142855,0.5838571428571429
666018,FF,4-Seam FB,Fastball,1146,0.24821428571428572,0.3894230769230769,0.3449728083333333
666018,SI,Sinker,Fastball,354,0.14838709677419354,0.43956043956043955,0.3339892277227723
666018,SL,Slider,Breaking,290,0.2542372881355932,0.5072463768115942,0.29388295890410965
666018,CH,Changeup,Offspeed,239,0.14754098360655737,0.4626865671641791,0.3412807352941176
666018,FC,Cutter,Fastball,219,0.27049180327868855,0.509090909090909,0.38348288524590163
666018,CU,Curveball,Breaking,143,0.26785714285714285,0.46875,0.3830509714285714
666018,ST,Sweeper,Breaking,123,0.20833333333333334,0.6,0.44525761290322585
666018,FS,Splitter,Offspeed,92,0.16981132075471697,0.2857142857142857,0.2877649285714286
666018,KC,Knuckle-Curve,Breaking,43,0.3076923076923077,0.2222222222222222,0.22026288888888887
666023,FF,4-Seam FB,Fastball,344,0.22105263157894736,0.36363636363636365,0.2848760240963855
666023,SI,Sinker,Fastball,199,0.12264150943396226,0.35714285714285715,0.29849189473684207
666023,SL,Slider,Breaking,174,0.39759036144578314,0.16666666666666666,0.23507923076923076
666023,ST,Sweeper,Breaking,89,0.40476190476190477,0.2631578947368421,0.268022
666023,CH,Changeup,Offspeed,85,0.5,0.25,0.20871776470588235
666023,FC,Cutter,Fastball,71,0.23404255319148937,0.23529411764705882,0.2705232222222222
666023,CU,Curveball,Breaking,58,0.34782608695652173,0.4444444444444444,0.16840000000000002
666126,FF,4-Seam FB,Fastball,452,0.12442396313364056,0.5,0.369653
666126,SI,Sinker,Fastball,282,0.18803418803418803,0.3448275862068966,0.3042253636363636
666126,CH,Changeup,Offspeed,192,0.28421052631578947,0.29411764705882354,0.2465652727272727
666126,SL,Slider,Breaking,159,0.26582278481012656,0.4666666666666667,0.308628
666126,FC,Cutter,Fastball,110,0.27450980392156865,0.625,0.35709672
666126,CU,Curveball,Breaking,102,0.3488372093023256,0.18181818181818182,0.14186363636363636
666126,FS,Splitter,Offspeed,89,0.21951219512195122,0.28,0.32395833333333335
666126,ST,Sweeper,Breaking,81,0.40476190476190477,0.21052631578947367,0.27624544444444443
666126,KC,Knuckle-Curve,Breaking,43,0.3181818181818182,0.5,0.24214285714285713
666139,FF,4-Seam FB,Fastball,549,0.3468013468013468,0.4631578947368421,0.30387380392156865
666139,SI,Sinker,Fastball,193,0.21904761904761905,0.2553191489361702,0.2838563137254902
666139,CH,Changeup,Offspeed,174,0.25,0.358974358974359,0.3037064761904762
666139,SL,Slider,Breaking,155,0.40425531914893614,0.375,0.20177142857142857
666139,FC,Cutter,Fastball,114,0.3333333333333333,0.4444444444444444,0.31570842857142856
666139,ST,Sweeper,Breaking,103,0.32075471698113206,0.21739130434782608,0.28183777777777774
666139,CU,Curveball,Breaking,80,0.3023255813953488,0.4,0.25255555555555553
666139,FS,Splitter,Offspeed,79,0.375,0.4666666666666667,0.3677612
666152,FF,4-Seam FB,Fastball,491,0.13777777777777778,0.44036697247706424,0.3294877
666152,SI,Sinker,Fastball,246,0.13157894736842105,0.49019607843137253,0.39530213333333336
666152,SL,Slider,Breaking,236,0.39285714285714285,0.38461538461538464,0.18860074999999998
666152,FC,Cutter,Fastball,150,0.12162162162162163,0.2777777777777778,0.19371400000000003
666152,CH,Changeup,Offspeed,140,0.3333333333333333,0.26666666666666666,0.23453165517241378
666152,ST,Sweeper,Breaking,114,0.3137254901960784,0.125,0.13216666666666665
666152,CU,Curveball,Breaking,78,0.3333333333333333,0.14285714285714285,0.08107692307692307
666152,FS,Splitter,Offspeed,67,0.2857142857142857,0.05555555555555555,0.20044444444444448
666152,KC,Knuckle-Curve,Breaking,25,0.1,0.0,0.1386
666160,FF,4-Seam FB,Fastball,406,0.29411764705882354,0.5688073394495413,0.29162767567567566
666160,CH,Changeup,Offspeed,238,0.31724137931034485,0.38235294117647056,0.23992537313432835
666160,SL,Slider,Breaking,188,0.37142857142857144,0.38636363636363635,0.23549365957446808
666160,SI,Sinker,Fastball,182,0.12745098039215685,0.45,0.32705754838709683
666160,FC,Cutter,Fastball,148,0.24731182795698925,0.47058823529411764,0.2806716470588236
666160,ST,Sweeper,Breaking,137,0.38961038961038963,0.6486486486486487,0.27339112820512823
666160,CU,Curveball,Breaking,112,0.4230769230769231,0.5,0.3713335172413793
666160,FS,Splitter,Offspeed,77,0.39622641509433965,0.2857142857142857,0.2289493913043478
666160,KC,Knuckle-Curve,Breaking,36,0.38095238095238093,0.0,0.13667725
666163,FF,4-Seam FB,Fastball,34,0.21052631578947367,0.0,0.055400000000000005
666176,FF,4-Seam FB,Fastball,706,0.2344139650872818,0.43859649122807015,0.34700791443850265
666176,SI,Sinker,Fastball,503,0.19183673469387755,0.3387096774193548,0.3392227407407407
666176,SL,Slider,Breaking,419,0.3870967741935484,0.29545454545454547,0.22613604597701148
666176,ST,Sweeper,Breaking,266,0.33093525179856115,0.49122807017543857,0.2861892
666176,CH,Changeup,Offspeed,249,0.40939597315436244,0.43283582089552236,0.31275874626865674
666176,FC,Cutter,Fastball,195,0.2647058823529412,0.2702702702702703,0.39652223255813956
666176,CU,Curveball,Breaking,125,0.2835820895522388,0.7666666666666667,0.3850122
666176,FS,Splitter,Offspeed,62,0.2631578947368421,0.125,0.25743329411764704
666176,KC,Knuckle-Curve,Breaking,35,0.3125,0.6666666666666666,0.5145714285714286
666181,FF,4-Seam FB,Fastball,170,0.2261904761904762,0.4318181818181818,0.3587715384615384
666181,CH,Changeup,Offspeed,115,0.48936170212765956,0.35294117647058826,0.1968384705882353
666181,CU,Curveball,Breaking,82,0.5666666666666667,0.13333333333333333,0.24895012499999997
666181,SI,Sinker,Fastball,40,0.14285714285714285,0.5,0.75003175
666181,SL,Slider,Breaking,38,0.3684210526315789,0.0,0.08234179999999999
666181,ST,Sweeper,Breaking,32,0.45454545454545453,0.0,0.09380000000000001
666181,FC,Cutter,Fastball,29,0.2857142857142857,0.16666666666666666,0.4185696666666667
666182,FF,4-Seam FB,Fastball,740,0.15587529976019185,0.381294964028777,0.3286546490066225
666182,SI,Sinker,Fastball,632,0.10948905109489052,0.2866666666666667,0.2846371481481481
666182,SL,Slider,Breaking,350,0.25125628140703515,0.6020408163265306,0.38801090000000005
666182,ST,Sweeper,Breaking,250,0.35714285714285715,0.46153846153846156,0.3162639090909091
666182,CH,Changeup,Offspeed,216,0.20967741935483872,0.34328358208955223,0.30357069444444446
666182,FC,Cutter,Fastball,147,0.12,0.5294117647058824,0.4088238857142857
666182,CU,Curveball,Breaking,141,0.20588235294117646,0.3333333333333333,0.328992
666182,FS,Splitter,Offspeed,77,0.30952380952380953,0.2916666666666667,0.3695686153846154
666182,KC,Knuckle-Curve,Breaking,38,0.2916666666666667,0.4,0.278526125
666185,FF,4-Seam FB,Fastball,34,0.4375,0.5555555555555556,0.03133333333333333
666211,FF,4-Seam FB,Fastball,412,0.32682926829268294,0.4175824175824176,0.34542381999999994
666211,CH,Changeup,Offspeed,154,0.4235294117647059,0.2222222222222222,0.21540039130434785
666211,SL,Slider,Breaking,125,0.5789473684210527,0.32,0.22805785714285712
666211,SI,Sinker,Fastball,101,0.20512820512820512,0.48,0.32959542857142854
666211,ST,Sweeper,Breaking,101,0.3191489361702128,0.08333333333333333,0.15373672
666211,FC,Cutter,Fastball,96,0.37254901960784315,0.6153846153846154,0.5233797647058822
666211,CU,Curveball,Breaking,81,0.5333333333333333,0.7333333333333333,0.331463625
666211,FS,Splitter,Offspeed,41,0.48,0.16666666666666666,0.07963636363636363
666211,KC,Knuckle-Curve,Breaking,25,0.4,0.16666666666666666,0.22790942857142854
666310,FF,4-Seam FB,Fastball,131,0.10144927536231885,0.17647058823529413,0.3500457419354839
666310,SL,Slider,Breaking,77,0.20512820512820512,0.05263157894736842,0.2953242222222222
666310,SI,Sinker,Fastball,72,0.030303030303030304,0.5714285714285714,0.3212363333333333
666310,CH,Changeup,Offspeed,65,0.25925925925925924,0.8181818181818182,0.33367436363636366
666310,FC,Cutter,Fastball,57,0.16,0.3333333333333333,0.21763636363636366
666310,CU,Curveball,Breaking,44,0.07692307692307693,0.14285714285714285,0.32656966666666665
666310,ST,Sweeper,Breaking,37,0.35714285714285715,0.0,0.0
666397,FF,4-Seam FB,Fastball,443,0.10919540229885058,0.23529411764705882,0.36176037777777786
666397,CH,Changeup,Offspeed,151,0.3333333333333333,0.17073170731707318,0.2581727142857143
666397,SL,Slider,Breaking,135,0.5272727272727272,0.32,0.312500275862069
666397,SI,Sinker,Fastball,130,0.06,0.5357142857142857,0.44026096774193546
666397,FC,Cutter,Fastball,113,0.21739130434782608,0.4,0.32663703999999993
666397,CU,Curveball,Breaking,93,0.3103448275862069,0.4,0.27961474999999997
666397,ST,Sweeper,Breaking,81,0.29411764705882354,0.2916666666666667,0.3460815555555556
666397,FS,Splitter,Offspeed,47,0.38095238095238093,1.3333333333333333,0.4927363333333334
666397,KC,Knuckle-Curve,Breaking,36,0.38461538461538464,0.2,0.27640000000000003
666464,SI,Sinker,Fastball,51,0.16666666666666666,0.42857142857142855,0.1782
666464,FF,4-Seam FB,Fastball,47,0.10714285714285714,0.2,0.15725
666464,CH,Changeup,Offspeed,29,0.3157894736842105,0.1,0.2680464444444445
666464,ST,Sweeper,Breaking,29,0.1875,0.42857142857142855,0.23760000000000003
666624,FF,4-Seam FB,Fastball,140,0.3230769230769231,0.06060606060606061,0.21162965714285714
666624,SI,Sinker,Fastball,55,0.13043478260869565,0.13333333333333333,0.175401125
666624,SL,Slider,Breaking,55,0.48,0.2727272727272727,0.221
666624,ST,Sweeper,Breaking,53,0.3333333333333333,0.25,0.16572727272727272
666624,CH,Changeup,Offspeed,38,0.6,0.5384615384615384,0.19725
666969,FF,4-Seam FB,Fastball,355,0.33544303797468356,0.2923076923076923,0.3073598285714286
666969,SI,Sinker,Fastball,226,0.1927710843373494,0.3,0.3280597142857143
666969,SL,Slider,Breaking,173,0.3764705882352941,0.4782608695652174,0.24327904347826088
666969,ST,Sweeper,Breaking,116,0.3333333333333333,0.39285714285714285,0.23260007407407404
666969,CH,Changeup,Offspeed,104,0.4666666666666667,0.2631578947368421,0.15652941176470586
666969,FC,Cutter,Fastball,66,0.2857142857142857,0.3,0.3878561818181818
666969,CU,Curveball,Breaking,51,0.5,0.5,0.37418599999999996
666969,FS,Splitter,Offspeed,48,0.35714285714285715,0.5384615384615384,0.38255225
666971,FF,4-Seam FB,Fastball,188,0.19,0.2708333333333333,0.285139037037037
666971,SI,Sinker,Fastball,156,0.10227272727272728,0.30434782608695654,0.31369464
666971,SL,Slider,Breaking,105,0.34615384615384615,0.25,0.2712985161290323
666971,CH,Changeup,Offspeed,91,0.36538461538461536,0.3103448275862069,0.19134482758620688
666971,ST,Sweeper,Breaking,63,0.25925925925925924,0.2222222222222222,0.15109999999999998
666971,FC,Cutter,Fastball,55,0.21875,0.4117647058823529,0.34794117647058825
666971,FS,Splitter,Offspeed,32,0.6,0.2,0.1446
667472,FF,4-Seam FB,Fastball,471,0.23618090452261306,0.3229166666666667,0.26212469811320754
667472,SI,Sinker,Fastball,283,0.11965811965811966,0.4918032786885246,0.3668832835820896
667472,SL,Slider,Breaking,187,0.275,0.37777777777777777,0.30938773913043477
667472,CH,Changeup,Offspeed,141,0.2535211267605634,0.3125,0.38829851612903227
667472,ST,Sweeper,Breaking,121,0.20833333333333334,0.37037037037037035,0.2783517931034483
667472,FC,Cutter,Fastball,101,0.32558139534883723,0.14285714285714285,0.370423052631579
667472,CU,Curveball,Breaking,91,0.06666666666666667,0.4444444444444444,0.2438
667472,FS,Splitter,Offspeed,29,0.26666666666666666,0.0,0.155774
667670,FF,4-Seam FB,Fastball,178,0.34782608695652173,0.5714285714285714,0.35435508771929825
667670,SI,Sinker,Fastball,158,0.0945945945945946,0.4666666666666667,0.37753634782608697
667670,SL,Slider,Breaking,140,0.5492957746478874,0.4827586206896552,0.21271428571428572
667670,ST,Sweeper,Breaking,108,0.43636363636363634,0.0,0.30937977777777775
667670,CH,Changeup,Offspeed,88,0.46,0.30434782608695654,0.1970675238095238
667670,FC,Cutter,Fastball,45,0.23809523809523808,0.875,0.3977142857142857
667670,CU,Curveball,Breaking,26,0.42857142857142855,0.25,0.3674836
668227,FF,4-Seam FB,Fastball,795,0.3024523160762943,0.40540540540540543,0.3618486292134831
668227,SI,Sinker,Fastball,554,0.1943127962085308,0.5353535353535354,0.4331683025210084
668227,SL,Slider,Breaking,389,0.3112244897959184,0.5217391304347826,0.28783755789473686
668227,CH,Changeup,Offspeed,304,0.21710526315789475,0.4714285714285714,0.3398235897435897
668227,ST,Sweeper,Breaking,247,0.2184873949579832,0.5076923076923077,0.3348464347826087
668227,FC,Cutter,Fastball,208,0.26373626373626374,0.5526315789473685,0.36142975609756095
668227,CU,Curveball,Breaking,142,0.22388059701492538,0.5,0.3176155
668227,FS,Splitter,Offspeed,70,0.3103448275862069,0.29411764705882354,0.2415675789473684
668227,KC,Knuckle-Curve,Breaking,38,0.29411764705882354,0.5,0.33897266666666664
668670,FF,4-Seam FB,Fastball,247,0.2396694214876033,0.38181818181818183,0.2529557333333333
668670,SL,Slider,Breaking,118,0.45454545454545453,0.08695652173913043,0.16550444444444445
668670,SI,Sinker,Fastball,108,0.1111111111111111,0.36,0.42112239999999995
668670,FC,Cutter,Fastball,80,0.28,0.15384615384615385,0.3251114666666666
668670,CH,Changeup,Offspeed,57,0.45,0.16666666666666666,0.20333984615384615
668670,ST,Sweeper,Breaking,54,0.17647058823529413,0.3333333333333333,0.2901418
668670,CU,Curveball,Breaking,39,0.21428571428571427,0.42857142857142855,0.15667725
668709,FF,4-Seam FB,Fastball,558,0.1909722222222222,0.45864661654135336,0.3882694358974359
668709,CH,Changeup,Offspeed,354,0.41379310344827586,0.37662337662337664,0.3125279047619048
668709,SI,Sinker,Fastball,304,0.1360544217687075,0.3918918918918919,0.3923747294117647
668709,SL,Slider,Breaking,251,0.36036036036036034,0.43103448275862066,0.239054
668709,ST,Sweeper,Breaking,173,0.3392857142857143,0.39285714285714285,0.2697858888888889
668709,CU,Curveball,Breaking,164,0.3137254901960784,0.6956521739130435,0.42982324137931033
668709,FC,Cutter,Fastball,141,0.16176470588235295,0.5517241379310345,0.3887689032258065
668709,FS,Splitter,Offspeed,106,0.3898305084745763,0.16,0.20768764285714286
668715,FF,4-Seam FB,Fastball,434,0.27835051546391754,0.43157894736842106,0.3422703269230769
668715,SI,Sinker,Fastball,395,0.18072289156626506,0.4418604651162791,0.365857693877551
668715,SL,Slider,Breaking,193,0.31683168316831684,0.3953488372093023,0.37202916279069764
668715,ST,Sweeper,Breaking,171,0.2,0.34210526315789475,0.2839054117647059
668715,CH,Changeup,Offspeed,143,0.3157894736842105,0.42105263157894735,0.22581194285714287
668715,FC,Cutter,Fastball,99,0.2127659574468085,0.56,0.38940983333333334
668715,CU,Curveball,Breaking,94,0.23529411764705882,0.3157894736842105,0.2759375
668715,FS,Splitter,Offspeed,38,0.17647058823529413,0.875,0.60492075
668723,FF,4-Seam FB,Fastball,448,0.26956521739130435,0.4166666666666667,0.3113788453608247
668723,SI,Sinker,Fastball,195,0.09782608695652174,0.34,0.3135794814814815
668723,SL,Slider,Breaking,122,0.36507936507936506,0.2962962962962963,0.43195343999999997
668723,CH,Changeup,Offspeed,98,0.17391304347826086,1.0,0.44217672
668723,FC,Cutter,Fastball,79,0.15,0.5789473684210527,0.41346838095238103
668723,CU,Curveball,Breaking,73,0.28125,0.36363636363636365,0.29623809523809524
668723,ST,Sweeper,Breaking,62,0.25,0.1111111111111111,0.12322222222222222
668800,FF,4-Seam FB,Fastball,89,0.2857142857142857,0.3,0.22167090000000003
668800,SI,Sinker,Fastball,53,0.08695652173913043,0.2,0.1897973846153846
668800,SL,Slider,Breaking,40,0.23809523809523808,0.2857142857142857,0.3545858571428572
668800,CH,Changeup,Offspeed,38,0.25925925925925924,0.375,0.25653333333333334
668800,ST,Sweeper,Breaking,25,0.625,2.0,0.9221219999999999
668804,FF,4-Seam FB,Fastball,717,0.20113314447592068,0.6011560693641619,0.41061258201058193
668804,CH,Changeup,Offspeed,445,0.2894736842105263,0.3465346534653465,0.31044175925925926
668804,SI,Sinker,Fastball,374,0.16447368421052633,0.3783783783783784,0.41231690322580644
668804,SL,Slider,Breaking,369,0.42528735632183906,0.2602739726027397,0.2781855483870968
668804,FC,Cutter,Fastball,248,0.2553191489361702,0.37254901960784315,0.40120436363636364
668804,CU,Curveball,Breaking,240,0.358974358974359,0.4339622641509434,0.3350799016393442
668804,ST,Sweeper,Breaking,181,0.3815789473684211,0.35,0.3411218775510204
668804,FS,Splitter,Offspeed,90,0.2972972972972973,0.4375,0.25226666666666664
668804,KC,Knuckle-Curve,Breaking,54,0.41379310344827586,0.21428571428571427,0.21202786666666668
668885,FF,4-Seam FB,Fastball,447,0.07425742574257425,0.41904761904761906,0.3577955041322314
668885,SI,Sinker,Fastball,305,0.13445378151260504,0.3181818181818182,0.32239022500000003
668885,SL,Slider,Breaking,186,0.33766233766233766,0.16666666666666666,0.19172354545454545
668885,CH,Changeup,Offspeed,143,0.36666666666666664,0.125,0.1734534705882353
668885,FC,Cutter,Fastball,115,0.26,0.375,0.3727761379310344
668885,ST,Sweeper,Breaking,101,0.3333333333333333,0.5217391304347826,0.33702928
668885,CU,Curveball,Breaking,92,0.38095238095238093,0.3076923076923077,0.22227411111111112
668901,FF,4-Seam FB,Fastball,295,0.2781065088757396,0.47761194029850745,0.33400642253521123
668901,SI,Sinker,Fastball,181,0.12244897959183673,0.34615384615384615,0.2990407777777777
668901,SL,Slider,Breaking,171,0.4634146341463415,0.425,0.3518419487179487
668901,CH,Changeup,Offspeed,152,0.3548387096774194,0.48936170212765956,0.30317034782608693
668901,ST,Sweeper,Breaking,97,0.3888888888888889,0.19230769230769232,0.20670833333333336
668901,CU,Curveball,Breaking,72,0.29411764705882354,0.2777777777777778,0.33463919999999997
668901,FC,Cutter,Fastball,53,0.2857142857142857,0.5333333333333333,0.3644272499999999
668901,FS,Splitter,Offspeed,39,0.4782608695652174,0.18181818181818182,0.26428483333333336
668904,FF,4-Seam FB,Fastball,598,0.2534246575342466,0.31297709923664124,0.2796835671641791
668904,SL,Slider,Breaking,326,0.3727810650887574,0.3375,0.25636162222222225
668904,SI,Sinker,Fastball,307,0.21739130434782608,0.5421686746987951,0.43431558620689653
668904,CH,Changeup,Offspeed,214,0.4074074074074074,0.2553191489361702,0.23931670833333332
668904,ST,Sweeper,Breaking,214,0.37272727272727274,0.4,0.2876636296296296
668904,FC,Cutter,Fastball,181,0.37373737373737376,0.4,0.3701918
668904,CU,Curveball,Breaking,99,0.38461538461538464,0.4,0.23697089999999998
668904,FS,Splitter,Offspeed,56,0.3103448275862069,0.21428571428571427,0.33316120000000005
668904,KC,Knuckle-Curve,Breaking,34,0.6875,0.3333333333333333,0.19120257142857142
668930,FF,4-Seam FB,Fastball,952,0.23877551020408164,0.4166666666666667,0.3460929951690822
668930,SI,Sinker,Fastball,456,0.13541666666666666,0.5494505494505495,0.38878950943396223
668930,SL,Slider,Breaking,353,0.30656934306569344,0.3493975903614458,0.33868495652173913
668930,CH,Changeup,Offspeed,313,0.23015873015873015,0.3770491803278688,0.2796895151515152
668930,FC,Cutter,Fastball,192,0.1951219512195122,0.7027027027027027,0.42059180000000007
668930,ST,Sweeper,Breaking,190,0.2542372881355932,0.5428571428571428,0.31713471794871795
668930,CU,Curveball,Breaking,174,0.2222222222222222,0.46153846153846156,0.31299579487179485
668930,FS,Splitter,Offspeed,149,0.3888888888888889,0.27906976744186046,0.28238417391304343
668930,KC,Knuckle-Curve,Breaking,41,0.06666666666666667,0.5555555555555556,0.34199999999999997
668939,FF,4-Seam FB,Fastball,545,0.11666666666666667,0.5357142857142857,0.3299181612903226
668939,CH,Changeup,Offspeed,266,0.20930232558139536,0.2631578947368421,0.302144282051282
668939,SI,Sinker,Fastball,263,0.13829787234042554,0.3333333333333333,0.36462450793650797
668939,SL,Slider,Breaking,170,0.23076923076923078,0.48717948717948717,0.33947595
668939,CU,Curveball,Breaking,136,0.1590909090909091,0.30434782608695654,0.2612189166666667
668939,ST,Sweeper,Breaking,132,0.17391304347826086,0.21739130434782608,0.25864241666666665
668939,FC,Cutter,Fastball,106,0.2,1.0526315789473684,0.4903454285714285
668939,FS,Splitter,Offspeed,59,0.18181818181818182,0.3333333333333333,0.29418600000000006
668939,KC,Knuckle-Curve,Breaking,32,0.2222222222222222,0.0,0.10983333333333334
668942,FF,4-Seam FB,Fastball,141,0.16216216216216217,0.3076923076923077,0.26225224999999996
668942,CH,Changeup,Offspeed,78,0.2978723404255319,0.3157894736842105,0.18738888888888885
668942,SI,Sinker,Fastball,67,0.13157894736842105,0.18181818181818182,0.15254999999999996
668942,CU,Curveball,Breaking,38,0.2,0.3333333333333333,0.10316666666666667
668942,FC,Cutter,Fastball,30,0.23076923076923078,1.0,0.1787142857142857
668942,SL,Slider,Breaking,25,0.2727272727272727,0.4,0.4235
668942,ST,Sweeper,Breaking,25,0.2222222222222222,0.0,0.2718415
668952,FF,4-Seam FB,Fastball,288,0.22818791946308725,0.5733333333333334,0.3756949090909091
668952,SI,Sinker,Fastball,170,0.2247191011235955,0.36,0.2965084444444444
668952,SL,Slider,Breaking,145,0.3875,0.18181818181818182,0.2684176969696969
668952,ST,Sweeper,Breaking,139,0.3142857142857143,0.26666666666666666,0.244393724137931
668952,CH,Changeup,Offspeed,102,0.37254901960784315,0.09090909090909091,0.23768852173913044
668952,FC,Cutter,Fastball,91,0.375,0.8571428571428571,0.365265875
668952,CU,Curveball,Breaking,65,0.4117647058823529,0.2,0.2032198181818182
669003,FF,4-Seam FB,Fastball,731,0.3003003003003003,0.33540372670807456,0.33906768361581924
669003,SI,Sinker,Fastball,296,0.20353982300884957,0.41935483870967744,0.4091573246753247
669003,SL,Slider,Breaking,295,0.4485294117647059,0.38028169014084506,0.33564857894736844
669003,CH,Changeup,Offspeed,239,0.5520833333333334,0.29545454545454547,0.2691632340425532
669003,FC,Cutter,Fastball,172,0.4157303370786517,0.7878787878787878,0.5041768484848484
669003,ST,Sweeper,Breaking,133,0.4074074074074074,0.78125,0.401448275862069
669003,CU,Curveball,Breaking,119,0.32075471698113206,0.35714285714285715,0.298363125
669003,FS,Splitter,Offspeed,114,0.4909090909090909,0.05,0.19803980952380953
669003,KC,Knuckle-Curve,Breaking,31,0.25,0.8,0.5017652727272727
669004,FF,4-Seam FB,Fastball,245,0.35658914728682173,0.4166666666666667,0.2426837857142857
669004,SL,Slider,Breaking,77,0.325,0.38461538461538464,0.2913863529411765
669004,CH,Changeup,Offspeed,62,0.3548387096774194,0.25,0.3983454285714286
669004,CU,Curveball,Breaking,58,0.4666666666666667,0.0,0.04970000000000001
669004,SI,Sinker,Fastball,51,0.35,0.3076923076923077,0.415325125
669004,ST,Sweeper,Breaking,42,0.16666666666666666,0.6,0.2961289090909091
669004,FC,Cutter,Fastball,32,0.2727272727272727,0.0,0.36613933333333337
669016,FF,4-Seam FB,Fastball,717,0.17585301837270342,0.4567901234567901,0.34532284393063584
669016,SI,Sinker,Fastball,255,0.1037037037037037,0.4936708860759494,0.4056338095238095
669016,SL,Slider,Breaking,248,0.3235294117647059,0.4444444444444444,0.2963676164383562
669016,CH,Changeup,Offspeed,230,0.3728813559322034,0.25806451612903225,0.2437500677966102
669016,ST,Sweeper,Breaking,208,0.4368932038834951,0.24,0.17728270588235295
669016,CU,Curveball,Breaking,170,0.25333333333333335,0.7419354838709677,0.3213880625
669016,FC,Cutter,Fastball,170,0.2553191489361702,0.38235294117647056,0.24480641176470588
669016,FS,Splitter,Offspeed,96,0.2653061224489796,0.25806451612903225,0.20561290322580644
669016,KC,Knuckle-Curve,Breaking,34,0.47058823529411764,0.1111111111111111,0.12744444444444444
669065,FF,4-Seam FB,Fastball,666,0.3028571428571429,0.33974358974358976,0.30286993103448273
669065,CH,Changeup,Offspeed,272,0.4444444444444444,0.45454545454545453,0.2910625588235294
669065,SI,Sinker,Fastball,234,0.21818181818181817,0.47058823529411764,0.3749338360655738
669065,SL,Slider,Breaking,207,0.4298245614035088,0.5961538461538461,0.37018036666666665
669065,FC,Cutter,Fastball,155,0.30120481927710846,0.4666666666666667,0.3300130285714286
669065,ST,Sweeper,Breaking,135,0.3888888888888889,0.4,0.3190540606060606
669065,CU,Curveball,Breaking,112,0.2916666666666667,0.7307692307692307,0.42703348387096773
669065,FS,Splitter,Offspeed,102,0.576271186440678,0.5,0.2850866923076923
669065,KC,Knuckle-Curve,Breaking,41,0.4444444444444444,0.8181818181818182,0.3730305
669087,FF,4-Seam FB,Fastball,52,0.35714285714285715,0.25,0.11141666666666668
669127,FF,4-Seam FB,Fastball,463,0.27312775330396477,0.5242718446601942,0.365179813559322
669127,SL,Slider,Breaking,303,0.33783783783783783,0.44285714285714284,0.33858976315789474
669127,SI,Sinker,Fastball,285,0.11805555555555555,0.5526315789473685,0.399260925
669127,ST,Sweeper,Breaking,207,0.3148148148148148,0.375,0.3197796326530612
669127,CH,Changeup,Offspeed,182,0.2912621359223301,0.2608695652173913,0.23297777777777773
669127,FC,Cutter,Fastball,163,0.32941176470588235,0.5294117647058824,0.4167906486486486
669127,CU,Curveball,Breaking,75,0.2903225806451613,0.4117647058823529,0.3981422352941177
669127,FS,Splitter,Offspeed,41,0.3333333333333333,0.8181818181818182,0.3181818181818182
669127,KC,Knuckle-Curve,Breaking,28,0.5,1.0,0.5209418
669134,FF,4-Seam FB,Fastball,256,0.21428571428571427,0.4264705882352941,0.33178231428571425
669134,SI,Sinker,Fastball,190,0.16279069767441862,0.5116279069767442,0.4206708979591837
669134,SL,Slider,Breaking,176,0.36486486486486486,0.5357142857142857,0.3324077575757576
669134,ST,Sweeper,Breaking,108,0.3877551020408163,0.13636363636363635,0.12097118181818182
669134,CH,Changeup,Offspeed,106,0.26,0.4375,0.32276866666666665
669134,FC,Cutter,Fastball,82,0.2631578947368421,0.4375,0.36405190476190474
669134,CU,Curveball,Breaking,78,0.3548387096774194,0.3125,0.21160199999999998
669208,FF,4-Seam FB,Fastball,36,0.4,0.2,0.2826045
669221,FF,4-Seam FB,Fastball,137,0.1791044776119403,0.2222222222222222,0.2637325263157895
669221,SI,Sinker,Fastball,74,0.21052631578947367,0.14285714285714285,0.27648177777777777
669221,SL,Slider,Breaking,55,0.5416666666666666,0.6666666666666666,0.15225000000000002
669221,FC,Cutter,Fastball,39,0.18181818181818182,0.8,0.3462
669221,CH,Changeup,Offspeed,34,0.6666666666666666,0.0,0.22675955555555558
669221,ST,Sweeper,Breaking,29,0.5384615384615384,0.14285714285714285,0.20955225
669224,FF,4-Seam FB,Fastball,467,0.20704845814977973,0.3939393939393939,0.3236423636363636
669224,SL,Slider,Breaking,221,0.3867924528301887,0.14,0.19253439215686277
669224,CH,Changeup,Offspeed,197,0.3829787234042553,0.21428571428571427,0.27133897777777777
669224,SI,Sinker,Fastball,196,0.15625,0.43333333333333335,0.3489353333333333
669224,FC,Cutter,Fastball,129,0.203125,0.6521739130434783,0.5192352413793103
669224,CU,Curveball,Breaking,124,0.2926829268292683,0.3125,0.22599088888888888
669224,ST,Sweeper,Breaking,117,0.39215686274509803,0.25,0.15558333333333332
669224,FS,Splitter,Offspeed,87,0.4418604651162791,0.0,0.1886975789473684
669224,KC,Knuckle-Curve,Breaking,32,0.2727272727272727,0.0,0.04025
669236,FF,4-Seam FB,Fastball,292,0.20930232558139536,0.49206349206349204,0.3408201904761905
669236,SL,Slider,Breaking,202,0.36585365853658536,0.423728813559322,0.2935589310344828
669236,SI,Sinker,Fastball,152,0.07777777777777778,0.425531914893617,0.2563636888888889
669236,CH,Changeup,Offspeed,107,0.423728813559322,0.22580645161290322,0.24854431249999998
669236,ST,Sweeper,Breaking,105,0.23214285714285715,0.4230769230769231,0.30149503703703706
669236,FC,Cutter,Fastball,101,0.2962962962962963,0.48,0.34129672
669236,CU,Curveball,Breaking,74,0.45714285714285713,0.045454545454545456,0.10872727272727273
669242,FF,4-Seam FB,Fastball,414,0.21354166666666666,0.2897196261682243,0.2561738333333333
669242,CH,Changeup,Offspeed,165,0.23170731707317074,0.3333333333333333,0.287378652173913
669242,SL,Slider,Breaking,143,0.32,0.42857142857142855,0.3829589142857143
669242,SI,Sinker,Fastball,114,0.043478260869565216,0.5185185185185185,0.4127438823529412
669242,FC,Cutter,Fastball,110,0.09803921568627451,0.7307692307692307,0.4118873333333333
669242,CU,Curveball,Breaking,108,0.4358974358974359,0.10526315789473684,0.1719897142857143
669242,ST,Sweeper,Breaking,63,0.1935483870967742,0.2,0.23421037499999997
669242,FS,Splitter,Offspeed,46,0.3076923076923077,1.0,0.413909090909091
669257,FF,4-Seam FB,Fastball,369,0.17532467532467533,0.41935483870967744,0.4521045000000001
669257,SI,Sinker,Fastball,209,0.09375,0.5102040816326531,0.47612150877192977
669257,SL,Slider,Breaking,182,0.19753086419753085,0.27906976744186046,0.26580438095238096
669257,ST,Sweeper,Breaking,126,0.24489795918367346,0.37037037037037035,0.23577777777777775
669257,CH,Changeup,Offspeed,116,0.1111111111111111,0.6956521739130435,0.4145934399999999
669257,CU,Curveball,Breaking,81,0.30434782608695654,0.2,0.2591246153846154
669257,FC,Cutter,Fastball,78,0.19444444444444445,0.14285714285714285,0.43718599999999996
669257,FS,Splitter,Offspeed,25,0.3076923076923077,0.14285714285714285,0.16428571428571428
669288,FF,4-Seam FB,Fastball,31,0.23076923076923078,0.125,0.30005225
669289,FF,4-Seam FB,Fastball,93,0.1836734693877551,0.391304347826087,0.24464705882352944
669289,SI,Sinker,Fastball,43,0.15789473684210525,0.4,0.540625
669289,SL,Slider,Breaking,40,0.08333333333333333,0.6153846153846154,0.365
669289,CH,Changeup,Offspeed,28,0.08333333333333333,0.0,0.10266666666666668
669289,FC,Cutter,Fastball,25,0.3,0.14285714285714285,0.2998545
669326,FF,4-Seam FB,Fastball,97,0.4727272727272727,0.045454545454545456,0.12035978947368421
669326,SI,Sinker,Fastball,44,0.21739130434782608,0.5384615384615384,0.36411816666666663
669326,SL,Slider,Breaking,35,0.35294117647058826,0.3333333333333333,0.3503333333333334
669326,CH,Changeup,Offspeed,33,0.42105263157894735,0.25,0.19711111111111113
669326,ST,Sweeper,Breaking,28,0.5384615384615384,0.125,0.10866666666666668
669357,FF,4-Seam FB,Fastball,465,0.3443396226415094,0.4444444444444444,0.34868092631578945
669357,CH,Changeup,Offspeed,220,0.48360655737704916,0.1694915254237288,0.19568657142857146
669357,SI,Sinker,Fastball,126,0.25862068965517243,0.4642857142857143,0.3448791612903226
669357,SL,Slider,Breaking,121,0.3380281690140845,0.28,0.32530138461538455
669357,FC,Cutter,Fastball,103,0.30612244897959184,0.4782608695652174,0.34056521739130435
669357,CU,Curveball,Breaking,78,0.4,0.1111111111111111,0.1820336
669357,ST,Sweeper,Breaking,78,0.4473684210526316,0.2,0.18736475000000002
669357,FS,Splitter,Offspeed,58,0.48484848484848486,0.0,0.1442142857142857
669364,FF,4-Seam FB,Fastball,701,0.13043478260869565,0.5436241610738255,0.37334225581395347
669364,CH,Changeup,Offspeed,367,0.3270440251572327,0.2625,0.26362229545454546
669364,SI,Sinker,Fastball,357,0.06134969325153374,0.38613861386138615,0.3293305000000001
669364,SL,Slider,Breaking,294,0.2366412213740458,0.296875,0.27367640579710145
669364,FC,Cutter,Fastball,186,0.1111111111111111,0.28888888888888886,0.2664092888888889
669364,CU,Curveball,Breaking,166,0.2647058823529412,0.18181818181818182,0.2867749189189189
669364,ST,Sweeper,Breaking,145,0.22413793103448276,0.3448275862068966,0.27625502857142853
669364,FS,Splitter,Offspeed,84,0.09090909090909091,0.35,0.23878180952380956
669364,KC,Knuckle-Curve,Breaking,42,0.25,0.0,0.17074999999999999
669369,FF,4-Seam FB,Fastball,88,0.3076923076923077,0.3333333333333333,0.1859081052631579
669369,CH,Changeup,Offspeed,31,0.26666666666666666,0.16666666666666666,0.16699999999999998
669369,SL,Slider,Breaking,31,0.3888888888888889,0.8333333333333334,0.236
669369,SI,Sinker,Fastball,28,0.4,0.0,0.1595
669384,FF,4-Seam FB,Fastball,59,0.18518518518518517,0.5333333333333333,0.26784542857142857
669384,SI,Sinker,Fastball,26,0.0,0.0,0.24980225
669392,FF,4-Seam FB,Fastball,198,0.15217391304347827,0.5641025641025641,0.3670800425531916
669392,SI,Sinker,Fastball,155,0.1935483870967742,0.4117647058823529,0.35209223809523804
669392,SL,Slider,Breaking,92,0.29411764705882354,0.42857142857142855,0.2726099090909091
669392,CH,Changeup,Offspeed,50,0.3548387096774194,0.6,0.34480000000000005
669392,FC,Cutter,Fastball,43,0.2,0.5,0.4858836
669392,CU,Curveball,Breaking,41,0.21428571428571427,0.2,0.2766
669392,ST,Sweeper,Breaking,41,0.5,0.45454545454545453,0.18999999999999997
669392,FS,Splitter,Offspeed,30,0.47368421052631576,0.0,0.1608242222222222
669394,FF,4-Seam FB,Fastball,577,0.29136690647482016,0.4144736842105263,0.3412006506024096
669394,SL,Slider,Breaking,463,0.44493392070484583,0.36363636363636365,0.2569121308411215
669394,SI,Sinker,Fastball,435,0.17307692307692307,0.5353535353535354,0.39270357142857143
669394,ST,Sweeper,Breaking,262,0.3382352941176471,0.4117647058823529,0.26444797222222216
669394,CH,Changeup,Offspeed,238,0.46715328467153283,0.4307692307692308,0.31375629850746267
669394,FC,Cutter,Fastball,173,0.3037974683544304,0.4,0.3332840625
669394,CU,Curveball,Breaking,89,0.3333333333333333,0.43478260869565216,0.35372358333333326
669394,FS,Splitter,Offspeed,50,0.4666666666666667,0.36363636363636365,0.1088181818181818
669394,KC,Knuckle-Curve,Breaking,26,0.6666666666666666,1.0,0.3600732
669397,FF,4-Seam FB,Fastball,227,0.2621359223300971,0.44,0.26139483018867926
669397,SI,Sinker,Fastball,122,0.08620689655172414,0.39473684210526316,0.2720746315789474
669397,SL,Slider,Breaking,65,0.3055555555555556,0.14285714285714285,0.17114285714285712
669397,ST,Sweeper,Breaking,60,0.3076923076923077,0.3076923076923077,0.17095471428571432
669397,FC,Cutter,Fastball,55,0.20689655172413793,0.5333333333333333,0.278789294117647
669397,CH,Changeup,Offspeed,34,0.3,0.45454545454545453,0.20809090909090908
669397,CU,Curveball,Breaking,28,0.3333333333333333,0.0,0.014333333333333332
669398,FF,4-Seam FB,Fastball,53,0.17647058823529413,0.07692307692307693,0.31176923076923074
669477,FF,4-Seam FB,Fastball,419,0.16595744680851063,0.37719298245614036,0.3409893333333333
669477,SI,Sinker,Fastball,311,0.0945945945945946,0.39325842696629215,0.37906082978723404
669477,SL,Slider,Breaking,226,0.3140495867768595,0.3050847457627119,0.26820689655172414
669477,ST,Sweeper,Breaking,167,0.2111111111111111,0.7872340425531915,0.47780502127659574
669477,FC,Cutter,Fastball,122,0.17333333333333334,0.7407407407407407,0.3497734
669477,CH,Changeup,Offspeed,110,0.2903225806451613,0.7931034482758621,0.45884199999999997
669477,CU,Curveball,Breaking,77,0.3157894736842105,0.26666666666666666,0.26608862499999997
669477,KC,Knuckle-Curve,Breaking,30,0.4375,0.8571428571428571,0.3231428571428571
669477,FS,Splitter,Offspeed,25,0.5833333333333334,0.0,0.0
669699,FF,4-Seam FB,Fastball,109,0.234375,0.4444444444444444,0.3064426206896552
669699,SL,Slider,Breaking,46,0.4375,0.09523809523809523,0.19057142857142856
669699,FC,Cutter,Fastball,35,0.08333333333333333,0.4444444444444444,0.3015555555555556
669699,CU,Curveball,Breaking,32,0.21052631578947367,0.14285714285714285,0.185
669701,FF,4-Seam FB,Fastball,296,0.19285714285714287,0.36065573770491804,0.32218970149253734
669701,SI,Sinker,Fastball,159,0.12857142857142856,0.2222222222222222,0.30872472222222225
669701,CH,Changeup,Offspeed,138,0.2753623188405797,0.11428571428571428,0.24042356756756755
669701,SL,Slider,Breaking,118,0.3333333333333333,0.2608695652173913,0.2174515
669701,FC,Cutter,Fastball,102,0.2708333333333333,0.3888888888888889,0.36613359999999995
669701,CU,Curveball,Breaking,75,0.4074074074074074,0.3076923076923077,0.170186
669701,ST,Sweeper,Breaking,71,0.38235294117647056,0.7142857142857143,0.22729106666666665
669701,FS,Splitter,Offspeed,36,0.05,0.25,0.15274999999999997
669701,KC,Knuckle-Curve,Breaking,32,0.25,1.0,0.4435
669707,FF,4-Seam FB,Fastball,399,0.13089005235602094,0.35514018691588783,0.2836605925925926
669707,SI,Sinker,Fastball,271,0.15447154471544716,0.32,0.33223788505747126
669707,SL,Slider,Breaking,183,0.3561643835616438,0.1875,0.23391923529411762
669707,ST,Sweeper,Breaking,150,0.3064516129032258,0.24242424242424243,0.29386805263157895
669707,CH,Changeup,Offspeed,138,0.29411764705882354,0.35,0.31512090000000004
669707,FC,Cutter,Fastball,122,0.29310344827586204,0.09523809523809523,0.18605
669707,CU,Curveball,Breaking,64,0.34615384615384615,0.26666666666666666,0.2531612
669720,FF,4-Seam FB,Fastball,81,0.16279069767441862,0.6842105263157895,0.3470714285714286
669720,SL,Slider,Breaking,66,0.2972972972972973,0.18181818181818182,0.28174627272727276
669720,CH,Changeup,Offspeed,56,0.4444444444444444,0.42857142857142855,0.2535
669720,SI,Sinker,Fastball,56,0.21875,0.3333333333333333,0.4232666666666667
669720,ST,Sweeper,Breaking,48,0.48148148148148145,0.5454545454545454,0.19355555555555556
669720,FC,Cutter,Fastball,35,0.7,0.125,0.25877399999999995
669720,CU,Curveball,Breaking,33,0.35714285714285715,0.2857142857142857,0.0786
669743,FF,4-Seam FB,Fastball,305,0.2109375,0.4375,0.3596264
669743,SI,Sinker,Fastball,188,0.0875,0.24444444444444444,0.211170875
669743,SL,Slider,Breaking,127,0.23728813559322035,0.25,0.24079399999999998
669743,FC,Cutter,Fastball,76,0.16,0.16666666666666666,0.36639859999999996
669743,ST,Sweeper,Breaking,66,0.08695652173913043,0.25,0.3272801333333334
669743,CH,Changeup,Offspeed,64,0.2,0.3333333333333333,0.18408333333333335
669743,CU,Curveball,Breaking,40,0.25,0.42857142857142855,0.22342857142857145
669899,FF,4-Seam FB,Fastball,126,0.4057971014492754,0.08695652173913043,0.17685592307692308
669899,SL,Slider,Breaking,29,0.1111111111111111,0.8571428571428571,0.5232025714285714
669899,CH,Changeup,Offspeed,27,0.16666666666666666,0.375,0.311625
669911,FF,4-Seam FB,Fastball,41,0.25,0.2,0.3586418
670032,FF,4-Seam FB,Fastball,334,0.15934065934065933,0.36923076923076925,0.24580993750000002
670032,SI,Sinker,Fastball,161,0.14102564102564102,0.42857142857142855,0.33317891891891893
670032,SL,Slider,Breaking,143,0.2535211267605634,0.21428571428571427,0.28083658064516126
670032,CH,Changeup,Offspeed,121,0.21666666666666667,0.1794871794871795,0.19442105263157894
670032,FC,Cutter,Fastball,78,0.10869565217391304,0.3103448275862069,0.3565863571428572
670032,ST,Sweeper,Breaking,64,0.16666666666666666,0.1875,0.163301
670032,CU,Curveball,Breaking,63,0.3103448275862069,0.25,0.23690694117647063
670032,FS,Splitter,Offspeed,26,0.2,0.36363636363636365,0.18836363636363637
670042,FF,4-Seam FB,Fastball,334,0.34054054054054056,0.5697674418604651,0.4110685319148936
670042,CH,Changeup,Offspeed,212,0.49206349206349204,0.36363636363636365,0.2990272608695652
670042,SI,Sinker,Fastball,123,0.24615384615384617,0.4827586206896552,0.38911538461538464
670042,SL,Slider,Breaking,122,0.4857142857142857,0.32142857142857145,0.2653718620689655
670042,CU,Curveball,Breaking,102,0.4358974358974359,0.47058823529411764,0.3351577333333334
670042,FC,Cutter,Fastball,102,0.2727272727272727,0.7931034482758621,0.4255989677419355
670042,ST,Sweeper,Breaking,85,0.5365853658536586,0.4230769230769231,0.29196
670042,FS,Splitter,Offspeed,57,0.5428571428571428,0.0,0.06171428571428572
670042,KC,Knuckle-Curve,Breaking,34,0.5,0.0,0.12733333333333333
670097,FF,4-Seam FB,Fastball,102,0.30952380952380953,0.2222222222222222,0.24287121739130435
670097,SI,Sinker,Fastball,56,0.2962962962962963,0.25,0.23426866666666665
670097,ST,Sweeper,Breaking,35,0.16666666666666666,0.0,0.47976720000000006
670097,FC,Cutter,Fastball,28,0.29411764705882354,0.14285714285714285,0.14585714285714288
670097,CH,Changeup,Offspeed,25,0.3333333333333333,0.3333333333333333,0.3444882857142857
670156,FF,4-Seam FB,Fastball,50,0.09090909090909091,0.25,0.2557244615384615
670224,FF,4-Seam FB,Fastball,65,0.36585365853658536,0.08333333333333333,0.20527399999999998
670224,CH,Changeup,Offspeed,30,0.5384615384615384,0.4,0.20579999999999998
670231,FF,4-Seam FB,Fastball,183,0.2,0.5,0.3498202272727273
670231,FC,Cutter,Fastball,83,0.2,0.5,0.3607796470588236
670231,SI,Sinker,Fastball,82,0.25,0.13333333333333333,0.27748177777777777
670231,SL,Slider,Breaking,70,0.3548387096774194,0.36363636363636365,0.25358345454545456
670231,ST,Sweeper,Breaking,60,0.10526315789473684,0.4444444444444444,0.38104644444444447
670231,CH,Changeup,Offspeed,59,0.4074074074074074,0.7222222222222222,0.3023904210526316
670231,CU,Curveball,Breaking,45,0.3125,0.23076923076923078,0.2423846153846154
670242,FF,4-Seam FB,Fastball,215,0.38461538461538464,0.3488372093023256,0.2308558536585366
670242,SI,Sinker,Fastball,90,0.13953488372093023,0.45,0.43607736
670242,CH,Changeup,Offspeed,70,0.5526315789473685,0.23529411764705882,0.27663741176470585
670242,SL,Slider,Breaking,61,0.5483870967741935,0.1875,0.2579842352941176
670242,ST,Sweeper,Breaking,52,0.7083333333333334,0.3076923076923077,0.15741666666666668
670242,CU,Curveball,Breaking,45,0.4090909090909091,0.2857142857142857,0.3112025714285714
670242,FC,Cutter,Fastball,38,0.36363636363636365,0.875,0.36366666666666664
670242,FS,Splitter,Offspeed,26,0.5555555555555556,0.25,0.20687499999999998
670541,FF,4-Seam FB,Fastball,810,0.18233618233618235,0.6375838926174496,0.49389511864406777
670541,SI,Sinker,Fastball,396,0.08125,0.5578947368421052,0.4294954311926606
670541,CH,Changeup,Offspeed,344,0.2,0.5333333333333333,0.3679255368421052
670541,SL,Slider,Breaking,268,0.2713178294573643,0.6212121212121212,0.41676109859154925
670541,FC,Cutter,Fastball,260,0.1782178217821782,0.6862745098039216,0.5375738596491229
670541,ST,Sweeper,Breaking,185,0.22666666666666666,0.38235294117647056,0.37641336363636363
670541,CU,Curveball,Breaking,168,0.3188405797101449,0.6585365853658537,0.5135762380952381
670541,FS,Splitter,Offspeed,114,0.25,0.4827586206896552,0.3070203636363636
670541,KC,Knuckle-Curve,Breaking,40,0.23076923076923078,0.8,0.5745696666666666
670623,FF,4-Seam FB,Fastball,731,0.11275964391691394,0.45806451612903226,0.33886975555555554
670623,SI,Sinker,Fastball,616,0.06405693950177936,0.5271317829457365,0.36135652229299364
670623,SL,Slider,Breaking,434,0.22641509433962265,0.33783783783783783,0.2733805185185185
670623,CH,Changeup,Offspeed,283,0.23357664233576642,0.3333333333333333,0.28046024999999997
670623,FC,Cutter,Fastball,255,0.13541666666666666,0.59375,0.4102424888888889
670623,ST,Sweeper,Breaking,232,0.23076923076923078,0.5128205128205128,0.28443102439024387
670623,CU,Curveball,Breaking,187,0.18309859154929578,0.25806451612903225,0.23320428571428573
670623,FS,Splitter,Offspeed,86,0.2,0.5,0.29795454545454547
670623,KC,Knuckle-Curve,Breaking,42,0.30434782608695654,0.1111111111111111,0.27355555555555555
670764,FF,4-Seam FB,Fastball,639,0.2,0.3611111111111111,0.26854208588957057
670764,SI,Sinker,Fastball,216,0.11764705882352941,0.2807017543859649,0.3230107575757576
670764,CH,Changeup,Offspeed,187,0.3229166666666667,0.14583333333333334,0.14636835999999998
670764,SL,Slider,Breaking,164,0.3275862068965517,0.14814814814814814,0.17721993749999998
670764,FC,Cutter,Fastball,156,0.1267605633802817,0.4722222222222222,0.31400225000000004
670764,CU,Curveball,Breaking,128,0.25,0.09523809523809523,0.2167066956521739
670764,ST,Sweeper,Breaking,72,0.19047619047619047,0.2,0.19514866666666664
670764,FS,Splitter,Offspeed,65,0.6666666666666666,0.3333333333333333,0.1544936923076923
670764,KC,Knuckle-Curve,Breaking,39,0.08333333333333333,0.2857142857142857,0.20142725
670770,FF,4-Seam FB,Fastball,434,0.15846994535519127,0.2803738317757009,0.2517858571428572
670770,SI,Sinker,Fastball,160,0.06349206349206349,0.4,0.37407627027027024
670770,CH,Changeup,Offspeed,150,0.5068493150684932,0.02857142857142857,0.12182733333333334
670770,CU,Curveball,Breaking,82,0.3076923076923077,0.38461538461538464,0.25369453333333336
670770,SL,Slider,Breaking,65,0.3076923076923077,0.14285714285714285,0.28300882352941176
670770,FC,Cutter,Fastball,58,0.15384615384615385,0.3333333333333333,0.28476120000000005
670770,FS,Splitter,Offspeed,57,0.41935483870967744,0.5,0.2973
670770,ST,Sweeper,Breaking,49,0.36363636363636365,0.14285714285714285,0.15224414285714283
671056,FF,4-Seam FB,Fastball,758,0.13850415512465375,0.39759036144578314,0.330586547368421
671056,SI,Sinker,Fastball,614,0.11475409836065574,0.4074074074074074,0.38079941007194246
671056,SL,Slider,Breaking,363,0.3176470588235294,0.4342105263157895,0.3876908222222222
671056,ST,Sweeper,Breaking,304,0.2421875,0.35064935064935066,0.27901381395348834
671056,CH,Changeup,Offspeed,294,0.312,0.35,0.3365518260869565
671056,FC,Cutter,Fastball,206,0.1717171717171717,0.35714285714285715,0.3188799069767442
671056,CU,Curveball,Breaking,198,0.2289156626506024,0.3333333333333333,0.2845316170212766
671056,FS,Splitter,Offspeed,52,0.391304347826087,0.5454545454545454,0.3122150909090909
671056,KC,Knuckle-Curve,Breaking,28,0.42857142857142855,0.375,0.19712499999999997
671083,FF,4-Seam FB,Fastball,74,0.2,0.09090909090909091,0.32366100000000003
671083,SI,Sinker,Fastball,38,0.14285714285714285,0.2,0.2784366
671083,CH,Changeup,Offspeed,36,0.6153846153846154,0.1111111111111111,0.07066666666666666
671083,SL,Slider,Breaking,30,0.36363636363636365,0.0,0.007
671155,FF,4-Seam FB,Fastball,32,0.4,0.625,0.2538836
671218,FF,4-Seam FB,Fastball,523,0.35135135135135137,0.33980582524271846,0.2833714107142857
671218,SI,Sinker,Fastball,410,0.16666666666666666,0.48484848484848486,0.33731654716981135
671218,SL,Slider,Breaking,215,0.3482142857142857,0.5882352941176471,0.3983623018867924
671218,CH,Changeup,Offspeed,146,0.26582278481012656,0.23255813953488372,0.3092557727272727
671218,ST,Sweeper,Breaking,143,0.323943661971831,0.24390243902439024,0.21412218604651165
671218,FC,Cutter,Fastball,142,0.2857142857142857,0.16,0.40612515384615383
671218,CU,Curveball,Breaking,79,0.23076923076923078,0.7391304347826086,0.5433636363636364
671218,FS,Splitter,Offspeed,39,0.45454545454545453,1.0,0.3841666666666666
671218,KC,Knuckle-Curve,Breaking,33,0.375,0.0,0.267403
671277,FF,4-Seam FB,Fastball,472,0.16917293233082706,0.49074074074074076,0.3862352142857142
671277,CH,Changeup,Offspeed,357,0.26288659793814434,0.4854368932038835,0.28925803846153847
671277,SI,Sinker,Fastball,310,0.11764705882352941,0.5632183908045977,0.35807231111111104
671277,SL,Slider,Breaking,284,0.28484848484848485,0.4186046511627907,0.32408136585365854
671277,CU,Curveball,Breaking,180,0.2857142857142857,0.6595744680851063,0.3704759555555555
671277,FC,Cutter,Fastball,159,0.1511627906976744,0.6666666666666666,0.33225
671277,FS,Splitter,Offspeed,122,0.1875,0.10810810810810811,0.1743888888888889
671277,ST,Sweeper,Breaking,90,0.2,1.15,0.564
671277,KC,Knuckle-Curve,Breaking,56,0.36,0.2727272727272727,0.30425781818181813
671289,FF,4-Seam FB,Fastball,307,0.09259259259259259,0.5,0.3482190256410257
671289,SI,Sinker,Fastball,250,0.03389830508474576,0.2,0.3423638974358974
671289,SL,Slider,Breaking,144,0.22388059701492538,0.39473684210526316,0.29625220512820516
671289,ST,Sweeper,Breaking,99,0.09433962264150944,0.15625,0.2549375
671289,CH,Changeup,Offspeed,87,0.19230769230769232,0.2692307692307692,0.23911538461538465
671289,FC,Cutter,Fastball,67,0.25806451612903225,0.2,0.17370000000000002
671289,CU,Curveball,Breaking,35,0.2,0.2,0.2756
671655,FF,4-Seam FB,Fastball,30,0.21428571428571427,0.5714285714285714,0.285
671732,FF,4-Seam FB,Fastball,747,0.27956989247311825,0.44525547445255476,0.3649216809815951
671732,SI,Sinker,Fastball,360,0.13043478260869565,0.21176470588235294,0.2872662580645161
671732,CH,Changeup,Offspeed,276,0.33587786259541985,0.3559322033898305,0.2833224918032787
671732,SL,Slider,Breaking,234,0.3838383838383838,0.48936170212765956,0.37127600000000005
671732,FC,Cutter,Fastball,195,0.2,0.6046511627906976,0.39997048888888886
671732,ST,Sweeper,Breaking,144,0.32786885245901637,0.48484848484848486,0.27932836363636365
671732,CU,Curveball,Breaking,131,0.3333333333333333,0.3,0.22175161904761906
671732,FS,Splitter,Offspeed,99,0.3333333333333333,0.34615384615384615,0.2965298571428572
671732,KC,Knuckle-Curve,Breaking,43,0.25,0.3,0.213
671739,FF,4-Seam FB,Fastball,567,0.21333333333333335,0.5,0.3805090743801653
671739,SI,Sinker,Fastball,430,0.1336405529953917,0.36752136752136755,0.34609489075630256
671739,SL,Slider,Breaking,258,0.2926829268292683,0.5454545454545454,0.32930337078651684
671739,CH,Changeup,Offspeed,245,0.3082191780821918,0.4025974025974026,0.31426099999999996
671739,ST,Sweeper,Breaking,211,0.2692307692307692,0.5970149253731343,0.33366841791044777
671739,FC,Cutter,Fastball,177,0.1919191919191919,0.4146341463414634,0.3484736097560976
671739,CU,Curveball,Breaking,150,0.34065934065934067,0.35,0.23173170731707315
671739,FS,Splitter,Offspeed,78,0.30612244897959184,0.6666666666666666,0.38939130434782604
671739,KC,Knuckle-Curve,Breaking,38,0.4583333333333333,0.09090909090909091,0.1069090909090909
671739,SV,Slurve,Breaking,25,0.3333333333333333,1.0,0.4415714285714286
671976,FF,4-Seam FB,Fastball,555,0.2328767123287671,0.5151515151515151,0.36541243243243243
671976,SI,Sinker,Fastball,268,0.14788732394366197,0.3108108108108108,0.30271549999999997
671976,CH,Changeup,Offspeed,209,0.2459016393442623,0.32727272727272727,0.28148032727272726
671976,SL,Slider,Breaking,203,0.31092436974789917,0.5185185185185185,0.21206729824561402
671976,CU,Curveball,Breaking,166,0.26506024096385544,0.21621621621621623,0.25919478048780487
671976,FC,Cutter,Fastball,166,0.15294117647058825,0.6470588235294118,0.3800200487804878
671976,ST,Sweeper,Breaking,88,0.175,1.0666666666666667,0.32804900000000004
671976,FS,Splitter,Offspeed,74,0.3953488372093023,0.45454545454545453,0.3384285714285714
671976,KC,Knuckle-Curve,Breaking,34,0.15789473684210525,0.16666666666666666,0.4034808571428571
672012,FF,4-Seam FB,Fastball,49,0.21428571428571427,0.3333333333333333,0.07300000000000001
672016,FF,4-Seam FB,Fastball,139,0.19696969696969696,0.25,0.25736966666666666
672016,SI,Sinker,Fastball,71,0.36363636363636365,0.11764705882352941,0.16757877777777777
672016,SL,Slider,Breaking,54,0.5,0.14285714285714285,0.11472727272727273
672016,CH,Changeup,Offspeed,41,0.47058823529411764,0.09090909090909091,0.2149418
672016,ST,Sweeper,Breaking,28,0.2857142857142857,0.0,0.0
672016,CU,Curveball,Breaking,25,0.6666666666666666,0.0,0.15123633333333333
672275,FF,4-Seam FB,Fastball,438,0.24311926605504589,0.3978494623655914,0.34971815384615385
672275,SI,Sinker,Fastball,194,0.12631578947368421,0.3181818181818182,0.3009427916666667
672275,CH,Changeup,Offspeed,185,0.2708333333333333,0.21153846153846154,0.2309967843137255
672275,SL,Slider,Breaking,149,0.3372093023255814,0.47368421052631576,0.27173684210526317
672275,CU,Curveball,Breaking,99,0.425,0.09090909090909091,0.26518687999999996
672275,FC,Cutter,Fastball,98,0.25925925925925924,0.2727272727272727,0.31925800000000004
672275,ST,Sweeper,Breaking,79,0.40625,0.17647058823529413,0.26496576470588235
672275,FS,Splitter,Offspeed,64,0.375,0.15384615384615385,0.266
672275,KC,Knuckle-Curve,Breaking,37,0.25,0.375,0.43692955555555557
672284,FF,4-Seam FB,Fastball,100,0.21052631578947367,0.23076923076923078,0.47134425
672284,CH,Changeup,Offspeed,75,0.5121951219512195,0.3181818181818182,0.29242765217391303
672284,SL,Slider,Breaking,54,0.5333333333333333,0.1875,0.30315384615384616
672284,SI,Sinker,Fastball,44,0.14285714285714285,0.1111111111111111,0.37864180000000003
672284,FC,Cutter,Fastball,32,0.6363636363636364,0.25,0.01
672284,ST,Sweeper,Breaking,30,0.4444444444444444,0.5,0.44688359999999994
672356,FF,4-Seam FB,Fastball,209,0.4444444444444444,0.21153846153846154,0.15600889361702128
672356,SI,Sinker,Fastball,103,0.20454545454545456,0.2777777777777778,0.2968972941176471
672356,SL,Slider,Breaking,101,0.5,0.5,0.3657709
672356,ST,Sweeper,Breaking,71,0.5405405405405406,0.47619047619047616,0.28171428571428575
672356,CH,Changeup,Offspeed,51,0.6666666666666666,0.23076923076923078,0.15984615384615383
672356,CU,Curveball,Breaking,32,0.4117647058823529,1.1111111111111112,0.649888888888889
672386,SI,Sinker,Fastball,346,0.10638297872340426,0.4230769230769231,0.31674329411764707
672386,FF,4-Seam FB,Fastball,318,0.2222222222222222,0.4883720930232558,0.33376438297872346
672386,SL,Slider,Breaking,156,0.175,0.49019607843137253,0.3396041666666667
672386,FC,Cutter,Fastball,113,0.04,0.3793103448275862,0.3451325882352941
672386,ST,Sweeper,Breaking,103,0.25925925925925924,0.4666666666666667,0.14896666666666666
672386,CH,Changeup,Offspeed,83,0.15384615384615385,0.36363636363636365,0.31645454545454543
672386,CU,Curveball,Breaking,74,0.27586206896551724,0.1111111111111111,0.22696936842105264
672515,FF,4-Seam FB,Fastball,705,0.15202702702702703,0.5555555555555556,0.3969716226415094
672515,SI,Sinker,Fastball,475,0.03409090909090909,0.5531914893617021,0.4206709189189189
672515,SL,Slider,Breaking,363,0.20915032679738563,0.3888888888888889,0.2694033866666667
672515,ST,Sweeper,Breaking,211,0.17647058823529413,0.6444444444444445,0.40059114893617026
672515,CH,Changeup,Offspeed,204,0.14953271028037382,0.43137254901960786,0.34556730909090905
672515,FC,Cutter,Fastball,183,0.1774193548387097,0.5483870967741935,0.39467634285714287
672515,CU,Curveball,Breaking,131,0.21568627450980393,0.21739130434782608,0.24072358333333332
672515,FS,Splitter,Offspeed,67,0.2727272727272727,0.5,0.2612131111111111
672580,FF,4-Seam FB,Fastball,388,0.12574850299401197,0.41935483870967744,0.3582534455445544
672580,SI,Sinker,Fastball,322,0.07258064516129033,0.2911392405063291,0.32372456818181816
672580,ST,Sweeper,Breaking,150,0.2857142857142857,0.2727272727272727,0.24376362162162163
672580,SL,Slider,Breaking,142,0.2037037037037037,0.3142857142857143,0.2670787777777778
672580,FC,Cutter,Fastball,137,0.17543859649122806,0.4482758620689655,0.3195391875
672580,CH,Changeup,Offspeed,74,0.07142857142857142,0.4444444444444444,0.1775625
672580,CU,Curveball,Breaking,55,0.15,0.7142857142857143,0.41695842857142856
672613,FF,4-Seam FB,Fastball,61,0.19444444444444445,0.4117647058823529,0.20866666666666667
672640,FF,4-Seam FB,Fastball,590,0.12015503875968993,0.5984848484848485,0.42006401388888887
672640,SI,Sinker,Fastball,481,0.06598984771573604,0.49137931034482757,0.4389148088235294
672640,SL,Slider,Breaking,401,0.2830188679245283,0.47706422018348627,0.319145125
672640,ST,Sweeper,Breaking,272,0.20754716981132076,0.3275862068965517,0.26893603571428576
672640,CH,Changeup,Offspeed,268,0.2929936305732484,0.27848101265822783,0.18376565853658539
672640,FC,Cutter,Fastball,223,0.1326530612244898,0.4107142857142857,0.2949899655172413
672640,CU,Curveball,Breaking,145,0.29508196721311475,0.16666666666666666,0.18275260606060606
672640,FS,Splitter,Offspeed,84,0.3333333333333333,0.4666666666666667,0.2022903225806452
672640,KC,Knuckle-Curve,Breaking,50,0.35714285714285715,0.2777777777777778,0.19241211111111112
672695,FF,4-Seam FB,Fastball,997,0.10997442455242967,0.4722222222222222,0.3476625754716981
672695,SI,Sinker,Fastball,422,0.08928571428571429,0.297029702970297,0.33944815
672695,CH,Changeup,Offspeed,368,0.12574850299401197,0.367816091954023,0.3123452525252525
672695,SL,Slider,Breaking,307,0.1557377049180328,0.3880597014925373,0.32279744736842103
672695,FC,Cutter,Fastball,259,0.13333333333333333,0.20930232558139536,0.29288090196078437
672695,CU,Curveball,Breaking,186,0.125,0.2608695652173913,0.2965434074074074
672695,ST,Sweeper,Breaking,159,0.10869565217391304,0.45,0.3124446666666667
672695,FS,Splitter,Offspeed,106,0.14285714285714285,0.26666666666666666,0.2795296129032258
672695,KC,Knuckle-Curve,Breaking,40,0.09090909090909091,0.0,0.2896732
672724,FF,4-Seam FB,Fastball,446,0.256198347107438,0.32323232323232326,0.3029892452830189
672724,SI,Sinker,Fastball,260,0.11278195488721804,0.3793103448275862,0.31578310000000004
672724,SL,Slider,Breaking,205,0.34710743801652894,0.2962962962962963,0.21787755102040818
672724,CH,Changeup,Offspeed,154,0.3516483516483517,0.35714285714285715,0.22620333333333334
672724,CU,Curveball,Breaking,122,0.4482758620689655,0.1111111111111111,0.242096
672724,ST,Sweeper,Breaking,119,0.4090909090909091,0.42424242424242425,0.3065889444444445
672724,FC,Cutter,Fastball,86,0.2692307692307692,0.5,0.36746477777777775
672724,KC,Knuckle-Curve,Breaking,25,0.6923076923076923,0.0,0.014875
672761,FF,4-Seam FB,Fastball,238,0.1619047619047619,0.2413793103448276,0.27701569491525424
672761,CH,Changeup,Offspeed,123,0.24615384615384617,0.5294117647058824,0.19873993939393939
672761,SI,Sinker,Fastball,101,0.09615384615384616,0.5806451612903226,0.39456581818181824
672761,FC,Cutter,Fastball,57,0.21875,0.5333333333333333,0.2359584285714286
672761,SL,Slider,Breaking,55,0.17391304347826086,0.0,0.19285714285714287
672761,ST,Sweeper,Breaking,46,0.2,0.25,0.2867272727272727
672761,CU,Curveball,Breaking,42,0.18181818181818182,0.0,0.18733333333333335
672820,FF,4-Seam FB,Fastball,127,0.13636363636363635,0.30434782608695654,0.24131578947368415
672820,SI,Sinker,Fastball,72,0.20512820512820512,0.3181818181818182,0.2991904761904762
672820,SL,Slider,Breaking,72,0.2972972972972973,0.2,0.20973333333333335
672820,ST,Sweeper,Breaking,54,0.20689655172413793,0.15789473684210525,0.10305555555555555
672820,FC,Cutter,Fastball,52,0.1935483870967742,0.5454545454545454,0.4690365999999999
672820,CH,Changeup,Offspeed,45,0.3448275862068966,0.4117647058823529,0.3016
672820,CU,Curveball,Breaking,35,0.35,0.0,0.15244180000000002
672960,FF,4-Seam FB,Fastball,640,0.3079268292682927,0.5576923076923077,0.38777124137931035
672960,SI,Sinker,Fastball,520,0.228,0.48214285714285715,0.36052011290322583
672960,SL,Slider,Breaking,395,0.42613636363636365,0.45454545454545453,0.3098181632653061
672960,ST,Sweeper,Breaking,316,0.38095238095238093,0.4528301886792453,0.2885940689655172
672960,FC,Cutter,Fastball,290,0.37857142857142856,0.2962962962962963,0.23205237931034486
672960,CH,Changeup,Offspeed,238,0.3274336283185841,0.34615384615384615,0.30827341818181814
672960,CU,Curveball,Breaking,146,0.3472222222222222,0.25,0.1852289411764706
672960,FS,Splitter,Offspeed,54,0.34615384615384615,0.5,0.29903799999999997
672960,KC,Knuckle-Curve,Breaking,54,0.20833333333333334,0.5,0.42119999999999996
673237,FF,4-Seam FB,Fastball,268,0.25,0.5507246376811594,0.3100857746478873
673237,SI,Sinker,Fastball,231,0.13761467889908258,0.47619047619047616,0.32246281250000003
673237,SL,Slider,Breaking,187,0.2719298245614035,0.5636363636363636,0.35672727272727267
673237,CH,Changeup,Offspeed,117,0.2,0.5,0.2928129795918368
673237,ST,Sweeper,Breaking,113,0.19047619047619047,0.18421052631578946,0.2836486486486487
673237,FC,Cutter,Fastball,89,0.1896551724137931,0.3,0.31004406451612904
673237,CU,Curveball,Breaking,67,0.20588235294117646,0.2,0.19943635294117645
673237,FS,Splitter,Offspeed,32,0.35294117647058826,0.8888888888888888,0.42288945454545457
673237,KC,Knuckle-Curve,Breaking,32,0.3333333333333333,0.2857142857142857,0.21042857142857144
673357,FF,4-Seam FB,Fastball,268,0.25675675675675674,0.4857142857142857,0.3182885
673357,SI,Sinker,Fastball,205,0.12903225806451613,0.36363636363636365,0.3642390666666666
673357,SL,Slider,Breaking,130,0.40350877192982454,0.3448275862068966,0.3490861935483871
673357,ST,Sweeper,Breaking,98,0.3958333333333333,0.3684210526315789,0.16943635294117645
673357,CH,Changeup,Offspeed,97,0.36,0.23076923076923078,0.24064753846153847
673357,FC,Cutter,Fastball,58,0.3055555555555556,0.9285714285714286,0.5882629230769231
673357,CU,Curveball,Breaking,51,0.25,0.1,0.10966666666666666
673357,FS,Splitter,Offspeed,28,0.5,0.0,0.061
673490,FF,4-Seam FB,Fastball,225,0.24210526315789474,0.11363636363636363,0.20679016
673490,SI,Sinker,Fastball,139,0.05084745762711865,0.07142857142857142,0.22494367741935484
673490,SL,Slider,Breaking,59,0.22727272727272727,0.2727272727272727,0.3079515
673490,FC,Cutter,Fastball,53,0.2857142857142857,0.08333333333333333,0.18806030769230772
673490,ST,Sweeper,Breaking,44,0.2,0.1,0.1322418
673490,CH,Changeup,Offspeed,38,0.19047619047619047,0.14285714285714285,0.17442857142857143
673548,FF,4-Seam FB,Fastball,727,0.17105263157894737,0.5671641791044776,0.3851975176470588
673548,SI,Sinker,Fastball,491,0.12871287128712872,0.4727272727272727,0.3931770387596899
673548,SL,Slider,Breaking,458,0.2983425414364641,0.4673913043478261,0.29737344
673548,ST,Sweeper,Breaking,303,0.2966101694915254,0.3384615384615385,0.21392944117647056
673548,FC,Cutter,Fastball,210,0.32857142857142857,0.3333333333333333,0.31217185000000003
673548,CH,Changeup,Offspeed,200,0.3170731707317073,0.5,0.34450441025641027
673548,CU,Curveball,Breaking,149,0.26153846153846155,0.47368421052631576,0.3003709
673548,KC,Knuckle-Curve,Breaking,48,0.35,0.1111111111111111,0.2592418
673548,FS,Splitter,Offspeed,34,0.42857142857142855,0.3333333333333333,0.23657142857142857
673962,FF,4-Seam FB,Fastball,416,0.16417910447761194,0.5,0.3665545438596491
673962,SI,Sinker,Fastball,392,0.08648648648648649,0.36082474226804123,0.3305215384615385
673962,SL,Slider,Breaking,226,0.25471698113207547,0.38333333333333336,0.32718060000000004
673962,ST,Sweeper,Breaking,192,0.18292682926829268,0.35555555555555557,0.2678315111111111
673962,CH,Changeup,Offspeed,133,0.2676056338028169,0.5476190476190477,0.3024452888888889
673962,FC,Cutter,Fastball,129,0.20588235294117646,0.8148148148148148,0.4823120624999999
673962,CU,Curveball,Breaking,78,0.25,0.47058823529411764,0.43006599999999995
673962,KC,Knuckle-Curve,Breaking,38,0.4117647058823529,0.5555555555555556,0.26257840000000005
673962,FS,Splitter,Offspeed,29,0.3333333333333333,0.4,0.3076
675085,FF,4-Seam FB,Fastball,27,0.1,0.2,0.0
675659,FF,4-Seam FB,Fastball,39,0.34615384615384615,0.0,0.15892857142857145
675961,FF,4-Seam FB,Fastball,253,0.16447368421052633,0.4067796610169492,0.312828
675961,SI,Sinker,Fastball,174,0.09278350515463918,0.4117647058823529,0.31033080769230775
675961,SL,Slider,Breaking,125,0.36923076923076925,0.1935483870967742,0.1441
675961,CH,Changeup,Offspeed,92,0.26,0.2222222222222222,0.17096296296296296
675961,ST,Sweeper,Breaking,92,0.42857142857142855,0.19230769230769232,0.09677464000000001
675961,CU,Curveball,Breaking,56,0.4117647058823529,0.5714285714285714,0.21167724999999998
675961,FC,Cutter,Fastball,49,0.2,1.3333333333333333,0.31166666666666665
676070,FF,4-Seam FB,Fastball,29,0.4,0.5714285714285714,0.0
676356,FF,4-Seam FB,Fastball,418,0.21428571428571427,0.34579439252336447,0.2571180884955752
676356,SL,Slider,Breaking,219,0.37142857142857144,0.39285714285714285,0.2265894181818182
676356,SI,Sinker,Fastball,199,0.12612612612612611,0.5076923076923077,0.28375140983606556
676356,CH,Changeup,Offspeed,145,0.28735632183908044,0.3,0.21242097435897436
676356,FC,Cutter,Fastball,136,0.2,0.6551724137931034,0.35672413793103447
676356,ST,Sweeper,Breaking,85,0.3409090909090909,0.4375,0.22943283870967743
676356,CU,Curveball,Breaking,62,0.2962962962962963,0.2222222222222222,0.1408888888888889
676356,FS,Splitter,Offspeed,25,0.29411764705882354,0.4,0.3968
676369,FF,4-Seam FB,Fastball,157,0.4117647058823529,0.5111111111111111,0.28897
676369,CH,Changeup,Offspeed,67,0.5142857142857142,0.0,0.1091
676369,SI,Sinker,Fastball,65,0.21052631578947367,0.7058823529411765,0.5828647499999999
676369,FC,Cutter,Fastball,50,0.32,0.6666666666666666,0.4226
676369,ST,Sweeper,Breaking,49,0.42105263157894735,0.1111111111111111,0.3014285714285715
676369,SL,Slider,Breaking,45,0.3888888888888889,0.25,0.33205225
676369,CU,Curveball,Breaking,31,0.3333333333333333,0.42857142857142855,0.35931511111111114
676391,FF,4-Seam FB,Fastball,502,0.11458333333333333,0.4117647058823529,0.26989055128205125
676391,SI,Sinker,Fastball,392,0.03333333333333333,0.4482758620689655,0.31696245161290326
676391,SL,Slider,Breaking,248,0.25,0.40963855421686746,0.24975425287356326
676391,CH,Changeup,Offspeed,217,0.24087591240875914,0.32857142857142857,0.22246413888888888
676391,ST,Sweeper,Breaking,184,0.3,0.28,0.21625066666666667
676391,FC,Cutter,Fastball,166,0.14285714285714285,0.28,0.22347844444444445
676391,CU,Curveball,Breaking,119,0.14492753623188406,0.19047619047619047,0.20427499999999998
676391,KC,Knuckle-Curve,Breaking,40,0.2,0.23076923076923078,0.1926923076923077
676391,FS,Splitter,Offspeed,39,0.08695652173913043,0.36363636363636365,0.3780909090909091
676439,FF,4-Seam FB,Fastball,313,0.14383561643835616,0.42028985507246375,0.3872768974358974
676439,SI,Sinker,Fastball,142,0.17307692307692307,0.30303030303030304,0.275459641025641
676439,CH,Changeup,Offspeed,125,0.4,0.2962962962962963,0.3069941428571429
676439,SL,Slider,Breaking,117,0.34,0.20833333333333334,0.2714484761904762
676439,CU,Curveball,Breaking,100,0.21875,0.21052631578947367,0.2019411764705882
676439,FC,Cutter,Fastball,77,0.2,0.3888888888888889,0.44596576470588234
676439,ST,Sweeper,Breaking,73,0.2692307692307692,0.0,0.17581346666666667
676439,KC,Knuckle-Curve,Breaking,39,0.38461538461538464,0.125,0.064125
676439,FS,Splitter,Offspeed,37,0.3333333333333333,0.5714285714285714,0.4147254
676475,FF,4-Seam FB,Fastball,663,0.20809248554913296,0.4585987261146497,0.37749909756097566
676475,SI,Sinker,Fastball,386,0.20100502512562815,0.5631067961165048,0.44673860550458716
676475,CH,Changeup,Offspeed,342,0.20192307692307693,0.5204081632653061,0.324383572815534
676475,SL,Slider,Breaking,307,0.28654970760233917,0.38961038961038963,0.3524252926829268
676475,CU,Curveball,Breaking,233,0.25196850393700787,0.45614035087719296,0.3182193968253968
676475,FC,Cutter,Fastball,215,0.22935779816513763,0.5555555555555556,0.4230973809523809
676475,ST,Sweeper,Breaking,210,0.29591836734693877,0.20930232558139536,0.30910279166666665
676475,FS,Splitter,Offspeed,101,0.13043478260869565,0.36,0.3483582222222222
676475,KC,Knuckle-Curve,Breaking,25,0.3333333333333333,0.5,0.46222949999999996
676551,SI,Sinker,Fastball,55,0.43333333333333335,0.6,0.33934872727272725
676551,FF,4-Seam FB,Fastball,45,0.391304347826087,0.2,0.25343963636363637
676572,FF,4-Seam FB,Fastball,74,0.40476190476190477,0.5294117647058824,0.3399561176470588
676572,SI,Sinker,Fastball,43,0.05263157894736842,0.5555555555555556,0.3324285714285714
676572,CH,Changeup,Offspeed,36,0.23076923076923078,0.0,0.33730224999999997
676572,SL,Slider,Breaking,30,0.36363636363636365,0.6,0.5633333333333334
676572,FC,Cutter,Fastball,26,0.36363636363636365,0.16666666666666666,0.20579999999999998
676572,ST,Sweeper,Breaking,25,0.25,0.0,0.253561
676609,FF,4-Seam FB,Fastball,567,0.303951367781155,0.3333333333333333,0.2686112835820896
676609,SI,Sinker,Fastball,369,0.13609467455621302,0.38961038961038963,0.37192665060240965
676609,SL,Slider,Breaking,261,0.37012987012987014,0.36764705882352944,0.2648526956521739
676609,ST,Sweeper,Breaking,191,0.39473684210526316,0.15555555555555556,0.17229438297872338
676609,CH,Changeup,Offspeed,147,0.26582278481012656,0.2894736842105263,0.23870484210526316
676609,FC,Cutter,Fastball,144,0.1694915254237288,0.35,0.2949250833333333
676609,CU,Curveball,Breaking,106,0.17647058823529413,0.6071428571428571,0.27894553333333333
676609,FS,Splitter,Offspeed,50,0.2647058823529412,0.7142857142857143,0.4755833333333334
676609,KC,Knuckle-Curve,Breaking,25,0.42857142857142855,0.0,0.0935
676694,FF,4-Seam FB,Fastball,181,0.11764705882352941,0.391304347826087,0.2874218775510204
676694,SL,Slider,Breaking,91,0.4358974358974359,0.05263157894736842,0.19960245454545456
676694,SI,Sinker,Fastball,87,0.2,0.6071428571428571,0.3752084285714285
676694,ST,Sweeper,Breaking,68,0.3125,0.29411764705882354,0.182772875
676694,CH,Changeup,Offspeed,58,0.3333333333333333,0.11764705882352941,0.16340000000000002
676694,FC,Cutter,Fastball,42,0.041666666666666664,0.1875,0.1761875
676694,CU,Curveball,Breaking,29,0.125,0.2,0.157
676724,FF,4-Seam FB,Fastball,451,0.2318181818181818,0.37209302325581395,0.3458264536082474
676724,SI,Sinker,Fastball,194,0.10256410256410256,0.3469387755102041,0.3004734615384615
676724,CH,Changeup,Offspeed,151,0.24691358024691357,0.47058823529411764,0.3740690857142857
676724,SL,Slider,Breaking,141,0.36363636363636365,0.375,0.26865045454545455
676724,FC,Cutter,Fastball,126,0.17647058823529413,0.5142857142857142,0.34625178947368423
676724,CU,Curveball,Breaking,111,0.2647058823529412,0.6,0.3421314615384615
676724,ST,Sweeper,Breaking,106,0.37254901960784315,0.3333333333333333,0.21763895238095238
676724,FS,Splitter,Offspeed,50,0.16,0.5294117647058824,0.29075
676724,KC,Knuckle-Curve,Breaking,41,0.4,0.4,0.24924179999999999
676914,FF,4-Seam FB,Fastball,275,0.3963963963963964,0.24444444444444444,0.2918938888888889
676914,SL,Slider,Breaking,115,0.3695652173913043,0.0,0.13238906666666667
676914,SI,Sinker,Fastball,96,0.11764705882352941,0.75,0.41028359999999997
676914,FC,Cutter,Fastball,66,0.25,0.2222222222222222,0.3692958181818182
676914,ST,Sweeper,Breaking,63,0.3333333333333333,0.06666666666666667,0.16399035294117648
676914,CH,Changeup,Offspeed,48,0.2608695652173913,0.6875,0.363713625
676914,CU,Curveball,Breaking,32,0.2222222222222222,0.14285714285714285,0.15871428571428572
677008,FF,4-Seam FB,Fastball,38,0.5,0.0,0.02075
677060,FF,4-Seam FB,Fastball,76,0.3076923076923077,0.09090909090909091,0.22168360000000004
677060,SL,Slider,Breaking,32,0.26666666666666666,0.2,0.20166666666666666
677060,SI,Sinker,Fastball,26,0.18181818181818182,0.0,0.26113933333333333
677347,FF,4-Seam FB,Fastball,28,0.21428571428571427,0.0,0.2612295
677587,FF,4-Seam FB,Fastball,669,0.1523545706371191,0.4666666666666667,0.33853920218579237
677587,CH,Changeup,Offspeed,371,0.3235294117647059,0.34545454545454546,0.2552958198198198
677587,SI,Sinker,Fastball,338,0.1111111111111111,0.3595505617977528,0.3065325567010309
677587,SL,Slider,Breaking,271,0.28346456692913385,0.2962962962962963,0.2950068474576271
677587,FC,Cutter,Fastball,176,0.17391304347826086,0.41025641025641024,0.3240294871794872
677587,CU,Curveball,Breaking,165,0.3442622950819672,0.11538461538461539,0.18227985714285716
677587,ST,Sweeper,Breaking,136,0.3,0.38095238095238093,0.2931513076923077
677587,FS,Splitter,Offspeed,76,0.28205128205128205,0.19047619047619047,0.19247619047619047
677587,KC,Knuckle-Curve,Breaking,39,0.3333333333333333,1.1428571428571428,0.20642857142857143
677588,FF,4-Seam FB,Fastball,384,0.27184466019417475,0.345679012345679,0.2988478390804598
677588,CH,Changeup,Offspeed,198,0.3644859813084112,0.2,0.23911568
677588,SI,Sinker,Fastball,160,0.22058823529411764,0.71875,0.4603161951219512
677588,SL,Slider,Breaking,154,0.44285714285714284,0.38461538461538464,0.22381630769230768
677588,CU,Curveball,Breaking,93,0.3684210526315789,0.25,0.18147368421052634
677588,ST,Sweeper,Breaking,85,0.48148148148148145,0.1,0.26480327272727266
677588,FC,Cutter,Fastball,71,0.24390243902439024,0.3888888888888889,0.3006546666666667
677588,FS,Splitter,Offspeed,51,0.5238095238095238,0.5384615384615384,0.37661538461538463
677592,SI,Sinker,Fastball,109,0.27586206896551724,0.24,0.2239833103448276
677592,FF,4-Seam FB,Fastball,108,0.2727272727272727,0.47368421052631576,0.3317694736842105
677592,CH,Changeup,Offspeed,64,0.5,0.6111111111111112,0.20026666666666665
677592,ST,Sweeper,Breaking,51,0.17391304347826086,1.0833333333333333,0.5674016363636363
677592,SL,Slider,Breaking,48,0.5555555555555556,0.8333333333333334,0.4452727272727273
677592,FC,Cutter,Fastball,37,0.34615384615384615,0.0,0.4037
677592,CU,Curveball,Breaking,28,0.7142857142857143,0.2222222222222222,0.11804644444444445
677594,FF,4-Seam FB,Fastball,634,0.234375,0.40425531914893614,0.35206588888888884
677594,SI,Sinker,Fastball,456,0.09583333333333334,0.44,0.3547401307189542
677594,SL,Slider,Breaking,358,0.330188679245283,0.42168674698795183,0.30543921348314607
677594,ST,Sweeper,Breaking,241,0.34513274336283184,0.24561403508771928,0.2772506333333334
677594,FC,Cutter,Fastball,238,0.2677165354330709,0.37254901960784315,0.335118
677594,CH,Changeup,Offspeed,235,0.328125,0.6078431372549019,0.4089021818181818
677594,CU,Curveball,Breaking,156,0.45454545454545453,0.2647058823529412,0.2923311891891892
677594,FS,Splitter,Offspeed,64,0.40540540540540543,0.3684210526315789,0.2265
677594,KC,Knuckle-Curve,Breaking,37,0.35714285714285715,0.2857142857142857,0.2065
677595,FF,4-Seam FB,Fastball,65,0.15,0.4117647058823529,0.3036314444444444
677595,SL,Slider,Breaking,32,0.4,0.23076923076923078,0.14450000000000002
677595,CH,Changeup,Offspeed,27,0.17647058823529413,0.6,0.2816666666666667
677649,FF,4-Seam FB,Fastball,752,0.2650918635170604,0.4357142857142857,0.32521284615384616
677649,SI,Sinker,Fastball,414,0.12558139534883722,0.40404040404040403,0.3582985871559633
677649,SL,Slider,Breaking,337,0.39779005524861877,0.5056179775280899,0.25971513978494626
677649,ST,Sweeper,Breaking,249,0.23308270676691728,0.5942028985507246,0.314825397260274
677649,CH,Changeup,Offspeed,193,0.23008849557522124,0.4666666666666667,0.26230078260869566
677649,FC,Cutter,Fastball,157,0.1839080459770115,0.2857142857142857,0.3064124210526316
677649,CU,Curveball,Breaking,111,0.35,0.2857142857142857,0.28850387096774194
677649,KC,Knuckle-Curve,Breaking,50,0.4482758620689655,0.13333333333333333,0.23678571428571424
677649,FS,Splitter,Offspeed,47,0.4444444444444444,0.16666666666666666,0.10916666666666665
677800,FF,4-Seam FB,Fastball,1047,0.2768595041322314,0.44571428571428573,0.3227721206030151
677800,SI,Sinker,Fastball,400,0.1358695652173913,0.5,0.40895559615384613
677800,CH,Changeup,Offspeed,292,0.33544303797468356,0.3595505617977528,0.3339283366336634
677800,SL,Slider,Breaking,291,0.28378378378378377,0.5540540540540541,0.37144180000000004
677800,FC,Cutter,Fastball,220,0.20689655172413793,0.45454545454545453,0.37903542372881355
677800,CU,Curveball,Breaking,173,0.1746031746031746,0.4,0.31964926315789477
677800,ST,Sweeper,Breaking,156,0.25757575757575757,0.5161290322580645,0.37835888235294113
677800,FS,Splitter,Offspeed,111,0.14516129032258066,0.34375,0.29625
677800,KC,Knuckle-Curve,Breaking,31,0.3333333333333333,0.5,0.16166666666666665
677870,FF,4-Seam FB,Fastball,256,0.17592592592592593,0.33962264150943394,0.3554947540983606
677870,SI,Sinker,Fastball,144,0.09836065573770492,0.2631578947368421,0.3881705
677870,SL,Slider,Breaking,118,0.2653061224489796,0.12,0.25044933333333336
677870,CH,Changeup,Offspeed,102,0.3888888888888889,0.25,0.21435924137931037
677870,ST,Sweeper,Breaking,71,0.5,0.08333333333333333,0.133182
677870,FC,Cutter,Fastball,58,0.13043478260869565,0.16666666666666666,0.28256966666666666
677870,CU,Curveball,Breaking,38,0.42857142857142855,0.0,0.4078262857142857
677942,FF,4-Seam FB,Fastball,433,0.28174603174603174,0.4057971014492754,0.3420298666666666
677942,SI,Sinker,Fastball,202,0.1206896551724138,0.3684210526315789,0.3979436774193548
677942,SL,Slider,Breaking,161,0.35064935064935066,0.4722222222222222,0.3989746842105263
677942,CH,Changeup,Offspeed,93,0.3018867924528302,0.26666666666666666,0.27656613793103446
677942,FC,Cutter,Fastball,77,0.17647058823529413,0.5384615384615384,0.30347999999999997
677942,ST,Sweeper,Breaking,76,0.2926829268292683,0.44,0.3684941739130435
677942,CU,Curveball,Breaking,71,0.3157894736842105,0.5,0.3259722857142857
677943,FF,4-Seam FB,Fastball,37,0.44,0.0,0.014499999999999999
677950,FF,4-Seam FB,Fastball,152,0.26373626373626374,0.37142857142857144,0.290869875
677950,SL,Slider,Breaking,69,0.3888888888888889,0.5294117647058824,0.4160321538461539
677950,CH,Changeup,Offspeed,62,0.2647058823529412,0.75,0.259
677950,CU,Curveball,Breaking,54,0.27586206896551724,0.0,0.12686666666666666
677950,SI,Sinker,Fastball,47,0.17391304347826086,0.6,0.33743490909090906
677950,FS,Splitter,Offspeed,34,0.34782608695652173,0.4166666666666667,0.18733333333333335
677950,FC,Cutter,Fastball,33,0.125,0.2857142857142857,0.5012857142857142
677951,FF,4-Seam FB,Fastball,709,0.23652694610778444,0.47244094488188976,0.42021375163398694
677951,SI,Sinker,Fastball,345,0.12804878048780488,0.45918367346938777,0.3960543584905661
677951,SL,Slider,Breaking,326,0.37579617834394907,0.26744186046511625,0.31551786516853936
677951,ST,Sweeper,Breaking,287,0.34868421052631576,0.4567901234567901,0.2894249135802469
677951,FC,Cutter,Fastball,235,0.24545454545454545,0.5576923076923077,0.4363164561403508
677951,CH,Changeup,Offspeed,179,0.21568627450980393,0.48214285714285715,0.40753546428571424
677951,CU,Curveball,Breaking,146,0.12698412698412698,0.41025641025641024,0.32423545
677951,FS,Splitter,Offspeed,32,0.17647058823529413,0.5,0.4844882857142857
677951,KC,Knuckle-Curve,Breaking,27,0.3333333333333333,0.4,0.4344
677956,FF,4-Seam FB,Fastball,63,0.47058823529411764,0.23529411764705882,0.1704021176470588
677956,SI,Sinker,Fastball,49,0.125,1.0833333333333333,0.4350712727272727
677956,ST,Sweeper,Breaking,48,0.5769230769230769,0.0,0.0926418
677956,CH,Changeup,Offspeed,42,0.4827586206896552,0.0,0.246
677956,SL,Slider,Breaking,40,0.47368421052631576,0.8888888888888888,0.12566666666666668
677956,CU,Curveball,Breaking,26,0.35714285714285715,0.0,0.14806966666666665
678009,FF,4-Seam FB,Fastball,71,0.21212121212121213,0.25,0.242403
678009,CH,Changeup,Offspeed,37,0.21052631578947367,0.3,0.1677
678009,SI,Sinker,Fastball,28,0.0,0.4444444444444444,0.26725
678011,FF,4-Seam FB,Fastball,269,0.248,0.44642857142857145,0.3643522089552239
678011,CH,Changeup,Offspeed,71,0.15151515151515152,0.22727272727272727,0.23485075
678011,SI,Sinker,Fastball,63,0.09090909090909091,0.42857142857142855,0.5237595555555556
678011,FC,Cutter,Fastball,62,0.13513513513513514,0.6,0.25525
678011,CU,Curveball,Breaking,60,0.36,0.4,0.29789866666666664
678011,SL,Slider,Breaking,48,0.391304347826087,0.36363636363636365,0.21811816666666664
678011,FS,Splitter,Offspeed,29,0.3333333333333333,0.3,0.0931
678011,ST,Sweeper,Breaking,25,0.1,0.4,0.2976
678218,FF,4-Seam FB,Fastball,396,0.18840579710144928,0.3,0.31445722772277224
678218,CH,Changeup,Offspeed,168,0.3684210526315789,0.3142857142857143,0.2958717297297297
678218,SI,Sinker,Fastball,134,0.18181818181818182,0.5,0.2725481818181818
678218,FC,Cutter,Fastball,102,0.12727272727272726,0.17391304347826086,0.33245016
678218,CU,Curveball,Breaking,93,0.4358974358974359,0.25,0.22222389473684212
678218,SL,Slider,Breaking,83,0.3090909090909091,0.9473684210526315,0.4558728181818182
678218,FS,Splitter,Offspeed,50,0.4074074074074074,0.4166666666666667,0.28275
678218,ST,Sweeper,Breaking,44,0.21052631578947367,0.14285714285714285,0.324204
678218,KC,Knuckle-Curve,Breaking,27,0.6428571428571429,0.16666666666666666,0.1585
678246,FF,4-Seam FB,Fastball,970,0.2494331065759637,0.45077720207253885,0.3686616153846154
678246,SI,Sinker,Fastball,496,0.09210526315789473,0.52,0.3988845323741007
678246,SL,Slider,Breaking,405,0.2742857142857143,0.4,0.33239368316831686
678246,FC,Cutter,Fastball,268,0.3055555555555556,0.5555555555555556,0.39723568421052635
678246,ST,Sweeper,Breaking,216,0.18292682926829268,0.5853658536585366,0.4553463902439024
678246,CH,Changeup,Offspeed,187,0.125,0.5208333333333334,0.42618964705882356
678246,CU,Curveball,Breaking,168,0.1780821917808219,0.28125,0.3379717368421053
678246,KC,Knuckle-Curve,Breaking,48,0.1111111111111111,0.4444444444444444,0.3585305454545455
678246,FS,Splitter,Offspeed,39,0.46153846153846156,0.0,0.14750000000000002
678391,FF,4-Seam FB,Fastball,455,0.10294117647058823,0.32978723404255317,0.3233092631578947
678391,SI,Sinker,Fastball,188,0.09782608695652174,0.3269230769230769,0.2668890666666667
678391,CH,Changeup,Offspeed,161,0.36904761904761907,0.2,0.22963014634146345
678391,SL,Slider,Breaking,156,0.20689655172413793,0.2894736842105263,0.23676280952380954
678391,FC,Cutter,Fastball,116,0.08571428571428572,0.3793103448275862,0.345038
678391,ST,Sweeper,Breaking,83,0.25,0.5,0.2738307368421053
678391,CU,Curveball,Breaking,78,0.3235294117647059,0.4117647058823529,0.3171176470588235
678391,FS,Splitter,Offspeed,61,0.36363636363636365,0.2222222222222222,0.2305232222222222
678391,KC,Knuckle-Curve,Breaking,27,0.25,0.625,0.45469488888888887
678489,FF,4-Seam FB,Fastball,325,0.2602739726027397,0.28378378378378377,0.20790440540540542
678489,SI,Sinker,Fastball,104,0.15789473684210525,0.7142857142857143,0.37891882352941175
678489,CH,Changeup,Offspeed,80,0.21951219512195122,0.631578947368421,0.3315787777777778
678489,SL,Slider,Breaking,79,0.30303030303030304,0.26666666666666666,0.1424584285714286
678489,FC,Cutter,Fastball,69,0.3939393939393939,0.75,0.2977015
678489,CU,Curveball,Breaking,54,0.3684210526315789,0.18181818181818182,0.18043963636363636
678489,FS,Splitter,Offspeed,36,0.21052631578947367,0.25,0.14925
678489,ST,Sweeper,Breaking,32,0.3333333333333333,0.5714285714285714,0.18967074999999997
678545,FF,4-Seam FB,Fastball,172,0.2403846153846154,0.42105263157894735,0.311210243902439
678545,SI,Sinker,Fastball,101,0.046511627906976744,0.4444444444444444,0.33882864285714287
678545,CH,Changeup,Offspeed,77,0.28125,0.3333333333333333,0.26921026086956523
678545,SL,Slider,Breaking,74,0.3076923076923077,0.11764705882352941,0.133713625
678545,FC,Cutter,Fastball,54,0.21739130434782608,0.09090909090909091,0.17303800000000003
678545,ST,Sweeper,Breaking,39,0.42105263157894735,0.8,0.38733333333333336
678545,CU,Curveball,Breaking,34,0.18181818181818182,0.2,0.4513943333333333
678554,FF,4-Seam FB,Fastball,430,0.14814814814814814,0.4578313253012048,0.3620719340659341
678554,SI,Sinker,Fastball,299,0.10185185185185185,0.6206896551724138,0.4298559682539682
678554,SL,Slider,Breaking,210,0.23376623376623376,0.37209302325581395,0.34703524
678554,CH,Changeup,Offspeed,136,0.13846153846153847,0.375,0.36444229411764706
678554,FC,Cutter,Fastball,129,0.17857142857142858,0.68,0.3923479310344828
678554,ST,Sweeper,Breaking,121,0.39473684210526316,0.3333333333333333,0.21111041379310344
678554,CU,Curveball,Breaking,69,0.3103448275862069,0.6428571428571429,0.260637625
678554,FS,Splitter,Offspeed,25,0.16666666666666666,0.7142857142857143,0.3989094285714286
678577,FF,4-Seam FB,Fastball,53,0.23333333333333334,0.07142857142857142,0.25985714285714284
678662,FF,4-Seam FB,Fastball,670,0.2810126582278481,0.3055555555555556,0.24273075496688742
678662,SL,Slider,Breaking,320,0.32195121951219513,0.44155844155844154,0.27894805194805194
678662,SI,Sinker,Fastball,268,0.14482758620689656,0.4406779661016949,0.386486
678662,ST,Sweeper,Breaking,176,0.3761467889908257,0.2857142857142857,0.2616798431372549
678662,CH,Changeup,Offspeed,160,0.4247787610619469,0.40816326530612246,0.21922916666666667
678662,FC,Cutter,Fastball,131,0.24675324675324675,0.2413793103448276,0.35689418181818183
678662,CU,Curveball,Breaking,80,0.32608695652173914,0.2413793103448276,0.23541406451612903
678662,FS,Splitter,Offspeed,40,0.4444444444444444,0.0,0.12517725000000002
678662,KC,Knuckle-Curve,Breaking,25,0.3157894736842105,0.6363636363636364,0.41509090909090907
678882,FF,4-Seam FB,Fastball,659,0.26356589147286824,0.3375796178343949,0.2594343375
678882,SI,Sinker,Fastball,393,0.16591928251121077,0.37373737373737376,0.3310879405940594
678882,SL,Slider,Breaking,317,0.2556818181818182,0.575,0.3277562222222222
678882,CH,Changeup,Offspeed,209,0.2601626016260163,0.453125,0.25696565079365075
678882,FC,Cutter,Fastball,184,0.25773195876288657,0.4772727272727273,0.28897124999999996
678882,ST,Sweeper,Breaking,184,0.2833333333333333,0.6538461538461539,0.2786
678882,CU,Curveball,Breaking,140,0.2911392405063291,0.3611111111111111,0.19810227027027028
678882,FS,Splitter,Offspeed,41,0.36,1.2307692307692308,0.3159090909090909
678882,KC,Knuckle-Curve,Breaking,26,0.4,0.125,0.209375
679529,FF,4-Seam FB,Fastball,713,0.2467948717948718,0.541095890410959,0.3806016666666666
679529,SI,Sinker,Fastball,418,0.1457286432160804,0.59375,0.4236445272727273
679529,SL,Slider,Breaking,418,0.3712574850299401,0.4675324675324675,0.3080460235294118
679529,CH,Changeup,Offspeed,303,0.4306569343065693,0.25,0.2047778666666667
679529,ST,Sweeper,Breaking,273,0.47619047619047616,0.3584905660377358,0.22587301694915254
679529,FC,Cutter,Fastball,261,0.32432432432432434,0.2037037037037037,0.2908479
679529,CU,Curveball,Breaking,147,0.41818181818181815,0.36666666666666664,0.09820689655172413
679529,FS,Splitter,Offspeed,49,0.65,0.07692307692307693,0.10930769230769231
679529,KC,Knuckle-Curve,Breaking,35,0.5,0.5,0.11225
679822,FF,4-Seam FB,Fastball,383,0.22994652406417113,0.37681159420289856,0.29281792
679822,SL,Slider,Breaking,146,0.29411764705882354,0.34210526315789475,0.32505951351351353
679822,SI,Sinker,Fastball,137,0.06666666666666667,0.6285714285714286,0.4020066842105263
679822,CH,Changeup,Offspeed,119,0.1724137931034483,0.5185185185185185,0.28077777777777774
679822,CU,Curveball,Breaking,76,0.08333333333333333,0.5714285714285714,0.41801188235294123
679822,ST,Sweeper,Breaking,74,0.3235294117647059,0.391304347826087,0.2509888333333334
679822,FC,Cutter,Fastball,58,0.25,0.8823529411764706,0.4484676666666666
679845,FF,4-Seam FB,Fastball,453,0.06372549019607843,0.5384615384615384,0.32913236363636367
679845,SI,Sinker,Fastball,295,0.05309734513274336,0.4057971014492754,0.2807351891891892
679845,SL,Slider,Breaking,246,0.2980769230769231,0.34,0.2643289090909091
679845,ST,Sweeper,Breaking,174,0.3333333333333333,0.23076923076923078,0.26213722727272726
679845,CH,Changeup,Offspeed,160,0.26865671641791045,0.2647058823529412,0.2616668108108108
679845,FC,Cutter,Fastball,159,0.15714285714285714,0.3783783783783784,0.34955225
679845,CU,Curveball,Breaking,97,0.43333333333333335,0.2631578947368421,0.23869100000000001
679845,FS,Splitter,Offspeed,29,0.3333333333333333,0.1,0.20155555555555557
680474,FF,4-Seam FB,Fastball,139,0.21875,0.2857142857142857,0.3266291333333334
680474,SI,Sinker,Fastball,72,0.1724137931034483,0.6666666666666666,0.4315991111111111
680474,SL,Slider,Breaking,63,0.25,0.2,0.28815755555555556
680474,CH,Changeup,Offspeed,60,0.53125,0.2727272727272727,0.1365418
680474,FC,Cutter,Fastball,35,0.5,0.6666666666666666,0.3073672
680474,ST,Sweeper,Breaking,30,0.38461538461538464,0.6666666666666666,0.3594
680574,FF,4-Seam FB,Fastball,672,0.297029702970297,0.3333333333333333,0.3187133284671533
680574,SI,Sinker,Fastball,376,0.11363636363636363,0.3793103448275862,0.3303820210526316
680574,SL,Slider,Breaking,282,0.39669421487603307,0.35135135135135137,0.26527225316455694
680574,ST,Sweeper,Breaking,207,0.3176470588235294,0.37735849056603776,0.25188862962962966
680574,CH,Changeup,Offspeed,155,0.34615384615384615,0.225,0.19398036842105265
680574,FC,Cutter,Fastball,124,0.2916666666666667,0.7142857142857143,0.4103000833333334
680574,CU,Curveball,Breaking,120,0.23809523809523808,0.28,0.28189238461538463
680574,FS,Splitter,Offspeed,41,0.5,0.36363636363636365,0.16136816666666665
680664,FF,4-Seam FB,Fastball,130,0.3188405797101449,0.45714285714285713,0.3176690857142857
680664,SI,Sinker,Fastball,99,0.125,0.5769230769230769,0.39227136
680664,SL,Slider,Breaking,64,0.3,0.3888888888888889,0.28633333333333333
680664,CH,Changeup,Offspeed,53,0.4444444444444444,0.8,0.4
680664,FC,Cutter,Fastball,49,0.1724137931034483,0.6,0.30100000000000005
680664,CU,Curveball,Breaking,41,0.11764705882352941,1.1428571428571428,0.5854285714285715
680700,FF,4-Seam FB,Fastball,485,0.14883720930232558,0.39090909090909093,0.35497807352941174
680700,SI,Sinker,Fastball,236,0.09090909090909091,0.3333333333333333,0.2681852702702702
680700,CH,Changeup,Offspeed,189,0.35294117647058826,0.4864864864864865,0.39507271794871796
680700,SL,Slider,Breaking,159,0.29545454545454547,0.3888888888888889,0.3035176842105263
680700,CU,Curveball,Breaking,129,0.22641509433962265,0.12,0.2077985217391304
680700,FC,Cutter,Fastball,109,0.13114754098360656,0.5769230769230769,0.3612686666666666
680700,ST,Sweeper,Breaking,85,0.23684210526315788,0.23076923076923078,0.14353846153846156
680700,FS,Splitter,Offspeed,61,0.29411764705882354,0.16666666666666666,0.16674999999999998
680700,KC,Knuckle-Curve,Breaking,53,0.28,0.23076923076923078,0.18107692307692308
680716,FF,4-Seam FB,Fastball,32,0.2727272727272727,0.4,0.31784179999999995
680718,FF,4-Seam FB,Fastball,68,0.28205128205128205,0.5555555555555556,0.22003799999999998
680718,SI,Sinker,Fastball,26,0.06666666666666667,0.0,0.17506966666666668
680718,FC,Cutter,Fastball,25,0.1,0.0,0.236806
680728,FF,4-Seam FB,Fastball,255,0.29850746268656714,0.29310344827586204,0.23739760655737704
680728,SI,Sinker,Fastball,115,0.1346153846153846,0.4230769230769231,0.3804545161290323
680728,CH,Changeup,Offspeed,104,0.3958333333333333,0.08695652173913043,0.13552173913043478
680728,SL,Slider,Breaking,98,0.27450980392156865,0.25925925925925924,0.21291096551724137
680728,CU,Curveball,Breaking,60,0.44,0.25,0.1814936923076923
680728,ST,Sweeper,Breaking,45,0.4,0.2857142857142857,0.3420928888888889
680728,FS,Splitter,Offspeed,38,0.35294117647058826,0.5,0.1300909090909091
680728,FC,Cutter,Fastball,37,0.045454545454545456,0.8,0.5868
680737,FF,4-Seam FB,Fastball,38,0.2,0.09090909090909091,0.15455555555555556
680757,FF,4-Seam FB,Fastball,1098,0.04918032786885246,0.37305699481865284,0.3367730742358079
680757,SI,Sinker,Fastball,486,0.030303030303030304,0.3225806451612903,0.39440754782608695
680757,SL,Slider,Breaking,297,0.1282051282051282,0.2962962962962963,0.289312488372093
680757,FC,Cutter,Fastball,231,0.13333333333333333,0.44,0.35349672
680757,CH,Changeup,Offspeed,187,0.10714285714285714,0.25925925925925924,0.2896515636363637
680757,ST,Sweeper,Breaking,129,0.2,0.2962962962962963,0.2297292142857143
680757,CU,Curveball,Breaking,121,0.10714285714285714,0.5,0.3203392
680757,FS,Splitter,Offspeed,79,0.14705882352941177,0.2222222222222222,0.2131418
680776,FF,4-Seam FB,Fastball,804,0.3251231527093596,0.36942675159235666,0.3100082080924855
680776,CH,Changeup,Offspeed,275,0.3835616438356164,0.3670886075949367,0.27303131707317074
680776,SL,Slider,Breaking,250,0.42142857142857143,0.23376623376623376,0.21853515789473682
680776,SI,Sinker,Fastball,247,0.15254237288135594,0.5,0.4544735873015874
680776,CU,Curveball,Breaking,197,0.40229885057471265,0.28888888888888886,0.29387990697674415
680776,FC,Cutter,Fastball,184,0.22105263157894736,0.5208333333333334,0.39964714285714287
680776,FS,Splitter,Offspeed,129,0.391304347826087,0.18421052631578946,0.17588251282051282
680776,ST,Sweeper,Breaking,124,0.40625,0.3333333333333333,0.2744398888888889
680776,KC,Knuckle-Curve,Breaking,47,0.5416666666666666,0.5,0.16319999999999998
680777,FF,4-Seam FB,Fastball,493,0.10849056603773585,0.2857142857142857,0.2999520172413793
680777,SI,Sinker,Fastball,246,0.09574468085106383,0.6730769230769231,0.4352846
680777,SL,Slider,Breaking,224,0.2808988764044944,0.4772727272727273,0.311002
680777,ST,Sweeper,Breaking,163,0.27941176470588236,0.5142857142857142,0.2417786857142857
680777,CH,Changeup,Offspeed,151,0.1694915254237288,0.32142857142857145,0.3475566470588235
680777,FC,Cutter,Fastball,122,0.14285714285714285,0.7027027027027027,0.4409528108108107
680777,CU,Curveball,Breaking,99,0.3333333333333333,0.5333333333333333,0.4349273684210526
680777,FS,Splitter,Offspeed,38,0.3157894736842105,0.2222222222222222,0.144875
680779,FF,4-Seam FB,Fastball,332,0.2972972972972973,0.3125,0.255204
680779,SI,Sinker,Fastball,250,0.09166666666666666,0.46296296296296297,0.419932
680779,CH,Changeup,Offspeed,124,0.3582089552238806,0.038461538461538464,0.16904889655172414
680779,SL,Slider,Breaking,119,0.3181818181818182,0.2413793103448276,0.2721641875
680779,ST,Sweeper,Breaking,118,0.24561403508771928,0.3076923076923077,0.2632853076923077
680779,FC,Cutter,Fastball,86,0.24,0.6521739130434783,0.2682727272727273
680779,CU,Curveball,Breaking,62,0.30303030303030304,0.2,0.1977142857142857
680779,FS,Splitter,Offspeed,26,0.16666666666666666,0.3333333333333333,0.5186666666666667
680869,FF,4-Seam FB,Fastball,453,0.3584070796460177,0.6153846153846154,0.3503490442477877
680869,SI,Sinker,Fastball,409,0.16161616161616163,0.36633663366336633,0.34739800000000004
680869,SL,Slider,Breaking,245,0.21875,0.40350877192982454,0.27997866666666665
680869,ST,Sweeper,Breaking,136,0.31746031746031744,0.5142857142857142,0.3284838333333333
680869,CH,Changeup,Offspeed,133,0.36764705882352944,0.3125,0.2789046666666667
680869,FC,Cutter,Fastball,110,0.25925925925925924,0.7058823529411765,0.39975021052631576
680869,CU,Curveball,Breaking,81,0.375,0.26666666666666666,0.222838625
680869,FS,Splitter,Offspeed,48,0.4090909090909091,0.6363636363636364,0.2851181666666667
680869,KC,Knuckle-Curve,Breaking,42,0.5625,0.18181818181818182,0.15503483333333332
680977,FF,4-Seam FB,Fastball,216,0.15384615384615385,0.7142857142857143,0.31539180952380946
680977,SI,Sinker,Fastball,157,0.13114754098360656,0.19444444444444445,0.3214856842105263
680977,SL,Slider,Breaking,84,0.22727272727272727,0.10526315789473684,0.16577777777777777
680977,FC,Cutter,Fastball,69,0.0,0.7857142857142857,0.461663076923077
680977,CH,Changeup,Offspeed,64,0.2647058823529412,0.4,0.3148770476190476
680977,CU,Curveball,Breaking,38,0.25,0.7777777777777778,0.43452109090909086
680977,ST,Sweeper,Breaking,38,0.29411764705882354,0.3,0.2556167272727273
681047,FF,4-Seam FB,Fastball,98,0.24324324324324326,0.26666666666666666,0.5486393333333334
681047,SL,Slider,Breaking,57,0.3333333333333333,0.07142857142857142,0.057357142857142863
681047,SI,Sinker,Fastball,36,0.2,0.25,0.16667320000000002
681047,ST,Sweeper,Breaking,28,0.23076923076923078,0.0,0.28578866666666664
681082,FF,4-Seam FB,Fastball,928,0.20441988950276244,0.4121212121212121,0.3672870526315789
681082,SI,Sinker,Fastball,396,0.09523809523809523,0.44047619047619047,0.36784422727272725
681082,SL,Slider,Breaking,270,0.24285714285714285,0.5238095238095238,0.30202250746268655
681082,CH,Changeup,Offspeed,243,0.20754716981132076,0.3387096774193548,0.3353244615384615
681082,CU,Curveball,Breaking,181,0.08333333333333333,0.23684210526315788,0.2634459
681082,FC,Cutter,Fastball,172,0.19444444444444445,0.6,0.3262843589743589
681082,ST,Sweeper,Breaking,153,0.22857142857142856,0.3684210526315789,0.2686980487804878
681082,FS,Splitter,Offspeed,126,0.19402985074626866,0.23076923076923078,0.2731688947368421
681082,KC,Knuckle-Curve,Breaking,32,0.2,0.18181818181818182,0.1887272727272727
681198,FF,4-Seam FB,Fastball,763,0.13648293963254593,0.4378698224852071,0.34286502617801046
681198,SI,Sinker,Fastball,347,0.0949367088607595,0.4268292682926829,0.37271754455445544
681198,SL,Slider,Breaking,331,0.34615384615384615,0.4647887323943662,0.2814187105263158
681198,CH,Changeup,Offspeed,256,0.184,0.38095238095238093,0.32296981538461544
681198,FC,Cutter,Fastball,199,0.1588785046728972,0.4375,0.33255942307692304
681198,ST,Sweeper,Breaking,188,0.2079207920792079,0.41818181818181815,0.3350940689655173
681198,CU,Curveball,Breaking,171,0.2898550724637681,0.47058823529411764,0.2928957368421053
681198,FS,Splitter,Offspeed,95,0.3269230769230769,0.43478260869565216,0.32680171428571425
681198,KC,Knuckle-Curve,Breaking,43,0.15789473684210525,0.3,0.22949999999999998
681230,FF,4-Seam FB,Fastball,31,0.2631578947368421,0.14285714285714285,0.055400000000000005
681297,FF,4-Seam FB,Fastball,498,0.20600858369098712,0.30927835051546393,0.37593664912280705
681297,CH,Changeup,Offspeed,293,0.36923076923076925,0.28125,0.22157078787878787
681297,SL,Slider,Breaking,221,0.5178571428571429,0.5192307692307693,0.3069771764705882
681297,SI,Sinker,Fastball,195,0.2894736842105263,0.5263157894736842,0.38905765957446803
681297,ST,Sweeper,Breaking,145,0.32075471698113206,0.21875,0.19667933333333334
681297,CU,Curveball,Breaking,138,0.4074074074074074,0.34782608695652173,0.19383718181818183
681297,FS,Splitter,Offspeed,104,0.4583333333333333,0.1,0.1656289090909091
681297,FC,Cutter,Fastball,97,0.21951219512195122,0.7222222222222222,0.5544378333333334
681297,KC,Knuckle-Curve,Breaking,28,0.36363636363636365,0.25,0.16
681351,FF,4-Seam FB,Fastball,296,0.19285714285714287,0.32857142857142857,0.3291104117647059
681351,SL,Slider,Breaking,185,0.3761467889908257,0.34615384615384615,0.2356821481481481
681351,SI,Sinker,Fastball,182,0.18072289156626506,0.27450980392156865,0.2728444406779661
681351,CH,Changeup,Offspeed,104,0.45098039215686275,0.1875,0.17395194117647056
681351,ST,Sweeper,Breaking,89,0.3,0.29411764705882354,0.17723529411764705
681351,FC,Cutter,Fastball,69,0.2571428571428571,0.1111111111111111,0.32372222222222224
681351,CU,Curveball,Breaking,61,0.29411764705882354,0.5714285714285714,0.39860317647058824
681393,FF,4-Seam FB,Fastball,447,0.276,0.4215686274509804,0.3038818596491228
681393,SI,Sinker,Fastball,239,0.11023622047244094,0.5409836065573771,0.40158283333333333
681393,SL,Slider,Breaking,210,0.44761904761904764,0.35294117647058826,0.22349684615384616
681393,CH,Changeup,Offspeed,169,0.38823529411764707,0.1388888888888889,0.26098509999999997
681393,ST,Sweeper,Breaking,138,0.423728813559322,0.52,0.3194646451612903
681393,FC,Cutter,Fastball,117,0.14285714285714285,0.391304347826087,0.3567727272727273
681393,CU,Curveball,Breaking,96,0.48148148148148145,0.05555555555555555,0.1505918
681393,FS,Splitter,Offspeed,42,0.3,0.5555555555555556,0.2987418
681481,FF,4-Seam FB,Fastball,330,0.2654320987654321,0.4155844155844156,0.31841394805194806
681481,CH,Changeup,Offspeed,144,0.2804878048780488,0.696969696969697,0.33383583333333333
681481,SL,Slider,Breaking,139,0.358974358974359,0.16129032258064516,0.1399285714285714
681481,CU,Curveball,Breaking,123,0.40425531914893614,0.32,0.2942910769230769
681481,SI,Sinker,Fastball,115,0.15384615384615385,0.25925925925925924,0.3677346666666667
681481,FC,Cutter,Fastball,101,0.21311475409836064,0.68,0.40460007407407406
681481,ST,Sweeper,Breaking,66,0.34615384615384615,0.45454545454545453,0.26675261538461537
681481,FS,Splitter,Offspeed,47,0.3793103448275862,0.07142857142857142,0.12638461538461537
681481,KC,Knuckle-Curve,Breaking,25,0.36363636363636365,0.0,0.16166666666666665
681508,FF,4-Seam FB,Fastball,229,0.056818181818181816,0.803921568627451,0.5210503076923076
681508,CH,Changeup,Offspeed,128,0.2545454545454545,0.37142857142857144,0.20007111764705882
681508,SI,Sinker,Fastball,121,0.1111111111111111,0.59375,0.3768748571428571
681508,SL,Slider,Breaking,118,0.2558139534883721,0.4,0.3856961904761905
681508,CU,Curveball,Breaking,78,0.2222222222222222,0.16666666666666666,0.09274999999999999
681508,FC,Cutter,Fastball,78,0.2222222222222222,0.0,0.2257066956521739
681508,ST,Sweeper,Breaking,42,0.1,0.16666666666666666,0.378122
681508,FS,Splitter,Offspeed,34,0.3888888888888889,0.4166666666666667,0.3135706153846154
681546,FF,4-Seam FB,Fastball,271,0.29850746268656714,0.32727272727272727,0.25444237931034486
681546,CH,Changeup,Offspeed,131,0.6301369863013698,0.10344827586206896,0.11981481481481483
681546,SL,Slider,Breaking,76,0.4186046511627907,0.2857142857142857,0.2467
681546,SI,Sinker,Fastball,65,0.2222222222222222,0.47058823529411764,0.43542725000000004
681546,CU,Curveball,Breaking,56,0.375,0.3076923076923077,0.2547702857142857
681546,FC,Cutter,Fastball,55,0.4411764705882353,0.6666666666666666,0.044
681546,ST,Sweeper,Breaking,53,0.48,0.8461538461538461,0.07680000000000001
681546,FS,Splitter,Offspeed,33,0.47058823529411764,0.15384615384615385,0.10415384615384617
681624,FF,4-Seam FB,Fastball,779,0.2066115702479339,0.38311688311688313,0.33197722807017543
681624,SI,Sinker,Fastball,499,0.14732142857142858,0.4491525423728814,0.3725578139534883
681624,SL,Slider,Breaking,331,0.25,0.3563218390804598,0.2882807415730337
681624,CH,Changeup,Offspeed,206,0.27380952380952384,0.36585365853658536,0.31758136585365854
681624,ST,Sweeper,Breaking,188,0.2553191489361702,0.6842105263157895,0.3538641052631579
681624,FC,Cutter,Fastball,185,0.15730337078651685,0.6486486486486487,0.4429502666666666
681624,CU,Curveball,Breaking,79,0.3076923076923077,0.7142857142857143,0.3114709
681624,FS,Splitter,Offspeed,44,0.2727272727272727,0.3,0.3897015
681624,KC,Knuckle-Curve,Breaking,27,0.5333333333333333,0.5,0.23226866666666668
681715,FF,4-Seam FB,Fastball,555,0.27241379310344827,0.42748091603053434,0.38960699300699303
681715,SI,Sinker,Fastball,387,0.22818791946308725,0.4125,0.3526444
681715,SL,Slider,Breaking,276,0.4049586776859504,0.6610169491525424,0.42413834782608695
681715,CH,Changeup,Offspeed,233,0.4536082474226804,0.38636363636363635,0.2821855102040816
681715,ST,Sweeper,Breaking,197,0.3181818181818182,0.35555555555555557,0.31209134782608694
681715,FC,Cutter,Fastball,146,0.34782608695652173,0.4838709677419355,0.30212511764705885
681715,CU,Curveball,Breaking,111,0.3,0.4074074074074074,0.2738219310344827
681715,FS,Splitter,Offspeed,39,0.6923076923076923,0.125,0.14215755555555554
681715,KC,Knuckle-Curve,Breaking,28,0.6875,0.2857142857142857,0.29733333333333334
681807,FF,4-Seam FB,Fastball,271,0.264,0.4626865671641791,0.2736726944444444
681807,SI,Sinker,Fastball,156,0.2,0.5151515151515151,0.3275368823529412
681807,SL,Slider,Breaking,142,0.4098360655737705,0.34782608695652173,0.1396521739130435
681807,CH,Changeup,Offspeed,120,0.36666666666666664,0.25,0.25267607407407405
681807,FC,Cutter,Fastball,79,0.2647058823529412,0.35714285714285715,0.350939875
681807,CU,Curveball,Breaking,73,0.2777777777777778,0.0,0.212508
681807,ST,Sweeper,Breaking,56,0.13636363636363635,0.1111111111111111,0.25466666666666665
681987,FF,4-Seam FB,Fastball,98,0.28,0.2857142857142857,0.3184585555555556
681987,SL,Slider,Breaking,66,0.375,0.07142857142857142,0.2140871111111111
681987,SI,Sinker,Fastball,50,0.10714285714285714,0.1111111111111111,0.31093533333333334
681987,CH,Changeup,Offspeed,36,0.5909090909090909,0.3333333333333333,0.10525
681987,ST,Sweeper,Breaking,29,0.2,0.0,0.4434726666666666
681987,FC,Cutter,Fastball,26,0.3333333333333333,0.0,0.3597568
682177,FF,4-Seam FB,Fastball,323,0.2710843373493976,0.4166666666666667,0.33976768421052633
682177,SL,Slider,Breaking,166,0.43333333333333335,0.2777777777777778,0.23430416216216213
682177,SI,Sinker,Fastball,164,0.2191780821917808,0.32432432432432434,0.3860215348837209
682177,CH,Changeup,Offspeed,141,0.4,0.1875,0.22896472727272726
682177,ST,Sweeper,Breaking,121,0.3684210526315789,0.23333333333333334,0.18011025806451614
682177,FC,Cutter,Fastball,118,0.2909090909090909,0.32,0.2585866923076923
682177,CU,Curveball,Breaking,67,0.1111111111111111,0.5294117647058824,0.33193333333333336
682177,FS,Splitter,Offspeed,52,0.41935483870967744,0.42857142857142855,0.2840714285714286
682622,FF,4-Seam FB,Fastball,203,0.22549019607843138,0.16981132075471697,0.15826607692307693
682622,SI,Sinker,Fastball,187,0.2159090909090909,0.3333333333333333,0.2751464324324324
682622,SL,Slider,Breaking,126,0.30120481927710846,0.2564102564102564,0.2784583684210526
682622,ST,Sweeper,Breaking,96,0.375,0.391304347826087,0.18916678260869565
682622,CH,Changeup,Offspeed,66,0.3170731707317073,0.7777777777777778,0.24021428571428574
682622,CU,Curveball,Breaking,53,0.3181818181818182,0.625,0.4854262222222222
682622,FC,Cutter,Fastball,52,0.20689655172413793,0.4,0.2679612
682626,SI,Sinker,Fastball,458,0.24210526315789474,0.4166666666666667,0.3571781414141414
682626,FF,4-Seam FB,Fastball,395,0.33658536585365856,0.41935483870967744,0.3360943838383838
682626,SL,Slider,Breaking,281,0.45255474452554745,0.5074626865671642,0.3163210144927536
682626,ST,Sweeper,Breaking,182,0.36619718309859156,0.38461538461538464,0.29826527272727277
682626,CH,Changeup,Offspeed,160,0.3670886075949367,0.3888888888888889,0.3242864
682626,FC,Cutter,Fastball,111,0.4318181818181818,0.05263157894736842,0.2086787619047619
682626,CU,Curveball,Breaking,87,0.2647058823529412,0.3125,0.239026125
682626,FS,Splitter,Offspeed,48,0.36,0.7142857142857143,0.4412857142857143
682626,KC,Knuckle-Curve,Breaking,26,0.45454545454545453,0.14285714285714285,0.24728571428571428
682634,FF,4-Seam FB,Fastball,54,0.24,0.3125,0.32020150000000003
682634,SL,Slider,Breaking,28,0.5,0.0,0.0165
682641,FF,4-Seam FB,Fastball,50,0.28125,0.08333333333333333,0.1325418
682657,FF,4-Seam FB,Fastball,440,0.14225941422594143,0.51,0.36087458715596327
682657,SI,Sinker,Fastball,240,0.1717171717171717,0.3013698630136986,0.2457391304347826
682657,CH,Changeup,Offspeed,216,0.22794117647058823,0.37142857142857144,0.25744776119402984
682657,SL,Slider,Breaking,171,0.24299065420560748,0.6904761904761905,0.3286757272727272
682657,FC,Cutter,Fastball,113,0.17647058823529413,0.9333333333333333,0.46068225806451607
682657,CU,Curveball,Breaking,104,0.24390243902439024,1.0555555555555556,0.4317425555555556
682657,ST,Sweeper,Breaking,89,0.38095238095238093,0.15789473684210525,0.10147368421052631
682657,FS,Splitter,Offspeed,80,0.2830188679245283,0.2857142857142857,0.22425
682657,KC,Knuckle-Curve,Breaking,30,0.2631578947368421,0.4,0.265
682663,FF,4-Seam FB,Fastball,248,0.25833333333333336,0.35714285714285715,0.2772797419354839
682663,SI,Sinker,Fastball,219,0.16363636363636364,0.32786885245901637,0.27816229850746266
682663,SL,Slider,Breaking,137,0.3283582089552239,0.4074074074074074,0.2599418
682663,CH,Changeup,Offspeed,114,0.42857142857142855,0.35294117647058826,0.3060491764705882
682663,ST,Sweeper,Breaking,94,0.2926829268292683,0.6428571428571429,0.40995471428571423
682663,FC,Cutter,Fastball,72,0.4857142857142857,0.4,0.2815224
682663,CU,Curveball,Breaking,59,0.3076923076923077,0.3333333333333333,0.2164936923076923
682663,FS,Splitter,Offspeed,50,0.4230769230769231,0.2857142857142857,0.29631557142857146
682668,FF,4-Seam FB,Fastball,218,0.1743119266055046,0.32727272727272727,0.33620924528301893
682668,SI,Sinker,Fastball,163,0.10344827586206896,0.23404255319148937,0.3273536170212766
682668,SL,Slider,Breaking,158,0.38271604938271603,0.2222222222222222,0.14640000000000003
682668,CH,Changeup,Offspeed,121,0.3888888888888889,0.16216216216216217,0.16024324324324324
682668,FC,Cutter,Fastball,63,0.3,0.26666666666666666,0.2966727142857143
682668,ST,Sweeper,Breaking,44,0.3333333333333333,0.42857142857142855,0.3077142857142857
682668,CU,Curveball,Breaking,43,0.14285714285714285,0.2,0.16666666666666666
682674,FF,4-Seam FB,Fastball,133,0.26666666666666666,0.48484848484848486,0.28238709677419355
682674,SL,Slider,Breaking,88,0.35714285714285715,0.6538461538461539,0.4193225217391304
682674,CH,Changeup,Offspeed,57,0.36363636363636365,0.5,0.3457272727272727
682674,SI,Sinker,Fastball,49,0.07692307692307693,0.625,0.30360000000000004
682674,CU,Curveball,Breaking,41,0.7058823529411765,0.0,0.1605714285714286
682729,FF,4-Seam FB,Fastball,36,0.2,0.25,0.1395
682729,SI,Sinker,Fastball,28,0.375,0.5,0.45010449999999996
682818,FF,4-Seam FB,Fastball,242,0.20155038759689922,0.32608695652173914,0.3748476603773585
682818,CH,Changeup,Offspeed,93,0.3125,0.4375,0.2662005625
682818,SI,Sinker,Fastball,85,0.12195121951219512,0.375,0.34505672
682818,SL,Slider,Breaking,69,0.3333333333333333,0.5,0.3106111111111111
682818,FC,Cutter,Fastball,64,0.30303030303030304,0.9,0.4854925454545454
682818,ST,Sweeper,Breaking,57,0.4482758620689655,0.15384615384615385,0.2159230769230769
682818,CU,Curveball,Breaking,41,0.42857142857142855,0.0,0.06258333333333334
682818,FS,Splitter,Offspeed,40,0.10526315789473684,0.8333333333333334,0.26118600000000003
682829,FF,4-Seam FB,Fastball,803,0.21597633136094674,0.6331360946745562,0.45196856684491976
682829,CH,Changeup,Offspeed,407,0.35135135135135137,0.5487804878048781,0.4099691162790698
682829,CU,Curveball,Breaking,354,0.4,0.2112676056338028,0.223426
682829,SI,Sinker,Fastball,326,0.16176470588235295,0.4827586206896552,0.3760036989247312
682829,SL,Slider,Breaking,214,0.34523809523809523,0.6274509803921569,0.3436243396226415
682829,ST,Sweeper,Breaking,199,0.36065573770491804,0.24324324324324326,0.21782334883720927
682829,FC,Cutter,Fastball,154,0.13559322033898305,0.5769230769230769,0.46194825
682829,FS,Splitter,Offspeed,122,0.43636363636363634,0.5384615384615384,0.28363700000000003
682829,KC,Knuckle-Curve,Breaking,43,0.3888888888888889,0.7777777777777778,0.41800000000000004
682848,FF,4-Seam FB,Fastball,212,0.22549019607843138,0.6666666666666666,0.3694943859649123
682848,CH,Changeup,Offspeed,84,0.34210526315789475,0.2222222222222222,0.25864180000000003
682848,FC,Cutter,Fastball,72,0.1935483870967742,0.7,0.48511942857142853
682848,SI,Sinker,Fastball,60,0.14285714285714285,0.3125,0.4142765263157895
682848,ST,Sweeper,Breaking,57,0.375,0.5625,0.33015755555555554
682848,SL,Slider,Breaking,51,0.2647058823529412,0.23076923076923078,0.1456923076923077
682848,CU,Curveball,Breaking,43,0.3076923076923077,0.14285714285714285,0.27805225
682877,FF,4-Seam FB,Fastball,137,0.2125,0.9166666666666666,0.41033671999999993
682877,CH,Changeup,Offspeed,74,0.358974358974359,0.15,0.17774544444444446
682877,SL,Slider,Breaking,53,0.4642857142857143,0.15384615384615385,0.25095523076923076
682877,FC,Cutter,Fastball,47,0.21428571428571427,0.23076923076923078,0.2988013846153846
682877,SI,Sinker,Fastball,47,0.09090909090909091,0.25,0.3311012857142857
682877,ST,Sweeper,Breaking,36,0.2631578947368421,0.3333333333333333,0.28383333333333327
682927,FF,4-Seam FB,Fastball,85,0.1702127659574468,0.3125,0.30467164705882355
682927,CH,Changeup,Offspeed,35,0.23529411764705882,0.7777777777777778,0.4416666666666667
682927,SI,Sinker,Fastball,35,0.14285714285714285,0.4166666666666667,0.30080138461538464
682928,FF,4-Seam FB,Fastball,737,0.26005361930294907,0.4794520547945205,0.36931442857142854
682928,SL,Slider,Breaking,394,0.3813953488372093,0.532608695652174,0.32971846464646465
682928,SI,Sinker,Fastball,351,0.12269938650306748,0.43037974683544306,0.37290353658536585
682928,CH,Changeup,Offspeed,262,0.3288590604026846,0.547945205479452,0.34113856756756755
682928,CU,Curveball,Breaking,243,0.37383177570093457,0.5,0.27031989830508474
682928,ST,Sweeper,Breaking,212,0.3333333333333333,0.3275862068965517,0.24283006451612904
682928,FC,Cutter,Fastball,162,0.24705882352941178,0.8717948717948718,0.33358421739130434
682928,FS,Splitter,Offspeed,94,0.36,0.45454545454545453,0.27375841666666667
682928,KC,Knuckle-Curve,Breaking,57,0.36363636363636365,0.35714285714285715,0.3504584285714286
682985,FF,4-Seam FB,Fastball,850,0.22769953051643194,0.5164835164835165,0.39674964
682985,CH,Changeup,Offspeed,376,0.43529411764705883,0.33766233766233766,0.2643285411764706
682985,SI,Sinker,Fastball,313,0.1171875,0.5915492957746479,0.4229872098765432
682985,SL,Slider,Breaking,260,0.3923076923076923,0.49230769230769234,0.3591066363636364
682985,FC,Cutter,Fastball,179,0.2976190476190476,0.5588235294117647,0.43105859999999996
682985,ST,Sweeper,Breaking,161,0.36363636363636365,0.5862068965517241,0.3700550285714286
682985,CU,Curveball,Breaking,158,0.3090909090909091,0.5454545454545454,0.5371392173913044
682985,FS,Splitter,Offspeed,149,0.45569620253164556,0.22857142857142856,0.2123311891891892
682985,KC,Knuckle-Curve,Breaking,27,0.16666666666666666,0.2,0.35679999999999995
682987,FF,4-Seam FB,Fastball,487,0.33204633204633205,0.45161290322580644,0.3401884423076923
682987,CH,Changeup,Offspeed,152,0.524390243902439,0.4864864864864865,0.21520605555555558
682987,SL,Slider,Breaking,143,0.4578313253012048,0.2777777777777778,0.29244180000000003
682987,SI,Sinker,Fastball,123,0.2807017543859649,0.6363636363636364,0.4342385384615385
682987,CU,Curveball,Breaking,95,0.47058823529411764,0.2857142857142857,0.2229280909090909
682987,FC,Cutter,Fastball,60,0.34615384615384615,0.8333333333333334,0.5324051428571429
682987,ST,Sweeper,Breaking,59,0.3235294117647059,0.9230769230769231,0.4106153846153846
682987,FS,Splitter,Offspeed,57,0.41935483870967744,0.09090909090909091,0.3363681666666667
682987,KC,Knuckle-Curve,Breaking,28,0.46153846153846156,0.16666666666666666,0.24050000000000002
682988,FF,4-Seam FB,Fastball,61,0.30434782608695654,0.125,0.315472909090909
682988,SL,Slider,Breaking,34,0.23529411764705882,0.2857142857142857,0.22680225
682988,SI,Sinker,Fastball,30,0.23529411764705882,0.2222222222222222,0.16999999999999998
682997,FF,4-Seam FB,Fastball,162,0.3684210526315789,0.4444444444444444,0.24629184210526317
682997,CH,Changeup,Offspeed,54,0.5428571428571428,0.23529411764705882,0.125125
682997,SL,Slider,Breaking,48,0.32,0.42857142857142855,0.24016666666666667
682997,FC,Cutter,Fastball,43,0.3076923076923077,0.5714285714285714,0.18655225000000003
682997,ST,Sweeper,Breaking,43,0.15789473684210525,0.3333333333333333,0.28324717647058817
682997,SI,Sinker,Fastball,38,0.1111111111111111,0.7777777777777778,0.4715714285714286
682997,CU,Curveball,Breaking,32,0.45454545454545453,0.0,0.32613933333333334
682997,FS,Splitter,Offspeed,28,0.4,0.16666666666666666,0.3065
682998,FF,4-Seam FB,Fastball,942,0.33649289099526064,0.4887640449438202,0.3434253205741627
682998,SI,Sinker,Fastball,416,0.2088607594936709,0.5316455696202531,0.3796551956521739
682998,SL,Slider,Breaking,297,0.2602739726027397,0.5625,0.3752533181818182
682998,CH,Changeup,Offspeed,262,0.2465753424657534,0.45121951219512196,0.34038662650602414
682998,ST,Sweeper,Breaking,185,0.27058823529411763,0.225,0.2883921304347826
682998,FC,Cutter,Fastball,182,0.2289156626506024,0.5675675675675675,0.3595044102564103
682998,CU,Curveball,Breaking,164,0.2711864406779661,0.42424242424242425,0.3212853939393939
682998,FS,Splitter,Offspeed,127,0.2702702702702703,0.2857142857142857,0.3108890256410257
682998,KC,Knuckle-Curve,Breaking,38,0.2857142857142857,0.46153846153846156,0.30915384615384617
683002,FF,4-Seam FB,Fastball,788,0.18157894736842106,0.28859060402684567,0.3207414117647059
683002,SI,Sinker,Fastball,494,0.13392857142857142,0.4396551724137931,0.36966668181818185
683002,SL,Slider,Breaking,398,0.32460732984293195,0.42105263157894735,0.26902818367346937
683002,CH,Changeup,Offspeed,362,0.24022346368715083,0.4482758620689655,0.29775323595505615
683002,FC,Cutter,Fastball,216,0.32989690721649484,0.6304347826086957,0.3874321176470588
683002,ST,Sweeper,Breaking,193,0.27956989247311825,0.47058823529411764,0.2615518596491228
683002,CU,Curveball,Breaking,173,0.2727272727272727,0.4358974358974359,0.32209229268292683
683002,FS,Splitter,Offspeed,143,0.2647058823529412,0.3235294117647059,0.38822725
683002,KC,Knuckle-Curve,Breaking,48,0.3,0.2727272727272727,0.24406430769230772
683011,FF,4-Seam FB,Fastball,314,0.2785714285714286,0.375,0.3429338260869565
683011,SI,Sinker,Fastball,171,0.14814814814814814,0.3684210526315789,0.35977104545454547
683011,SL,Slider,Breaking,136,0.2714285714285714,0.38095238095238093,0.2603353023255814
683011,CH,Changeup,Offspeed,86,0.32432432432432434,0.4117647058823529,0.23299999999999998
683011,ST,Sweeper,Breaking,78,0.23529411764705882,0.21428571428571427,0.2803474444444445
683011,FC,Cutter,Fastball,65,0.12,0.3076923076923077,0.13899999999999998
683011,CU,Curveball,Breaking,50,0.32,0.1875,0.19656250000000003
683021,FF,4-Seam FB,Fastball,49,0.03571428571428571,0.625,0.43016666666666675
683021,SI,Sinker,Fastball,35,0.09090909090909091,0.5,0.11950000000000001
683083,FF,4-Seam FB,Fastball,834,0.20665083135391923,0.25161290322580643,0.293410289017341
683083,SI,Sinker,Fastball,284,0.1282051282051282,0.14285714285714285,0.2800315942028985
683083,CH,Changeup,Offspeed,246,0.25757575757575757,0.2876712328767123,0.23285095774647888
683083,SL,Slider,Breaking,191,0.2777777777777778,0.2391304347826087,0.24751058333333334
683083,FC,Cutter,Fastball,149,0.25806451612903225,0.34375,0.29101976470588237
683083,CU,Curveball,Breaking,136,0.2553191489361702,0.1,0.1962527741935484
683083,ST,Sweeper,Breaking,108,0.16666666666666666,0.42105263157894735,0.3293751818181818
683083,FS,Splitter,Offspeed,42,0.3333333333333333,0.21428571428571427,0.19466666666666665
683146,FF,4-Seam FB,Fastball,674,0.25925925925925924,0.44370860927152317,0.347692421686747
683146,CH,Changeup,Offspeed,241,0.3392857142857143,0.38461538461538464,0.36541242105263155
683146,SL,Slider,Breaking,218,0.37623762376237624,0.3404255319148936,0.31897914814814815
683146,SI,Sinker,Fastball,213,0.1388888888888889,0.4528301886792453,0.3587119310344828
683146,ST,Sweeper,Breaking,165,0.39759036144578314,0.2,0.149011
683146,FC,Cutter,Fastball,138,0.19047619047619047,0.4230769230769231,0.35788910344827585
683146,CU,Curveball,Breaking,120,0.3617021276595745,0.15789473684210525,0.25937314285714286
683146,FS,Splitter,Offspeed,110,0.5178571428571429,0.16,0.13812000000000002
683146,KC,Knuckle-Curve,Breaking,38,0.35294117647058826,0.6666666666666666,0.4508941818181818
683227,FF,4-Seam FB,Fastball,140,0.140625,0.25,0.20431870588235293
683227,SI,Sinker,Fastball,76,0.10344827586206896,0.3125,0.2455785882352941
683227,FC,Cutter,Fastball,48,0.29411764705882354,0.0,0.055499999999999994
683227,SL,Slider,Breaking,44,0.2,0.6,0.30323633333333333
683227,CH,Changeup,Offspeed,27,0.1875,0.5555555555555556,0.3342418
683357,FF,4-Seam FB,Fastball,436,0.2872340425531915,0.5822784810126582,0.36798000000000003
683357,CH,Changeup,Offspeed,185,0.44554455445544555,0.5348837209302325,0.32729089361702124
683357,SL,Slider,Breaking,161,0.37362637362637363,0.27906976744186046,0.2543458297872341
683357,SI,Sinker,Fastball,154,0.17857142857142858,0.2571428571428571,0.31497442857142854
683357,CU,Curveball,Breaking,124,0.5208333333333334,0.2692307692307692,0.1664189655172414
683357,FC,Cutter,Fastball,110,0.24561403508771928,0.47619047619047616,0.3809312173913043
683357,ST,Sweeper,Breaking,110,0.4186046511627907,0.047619047619047616,0.1610895833333333
683357,FS,Splitter,Offspeed,63,0.41935483870967744,0.6428571428571429,0.32769230769230767
683357,KC,Knuckle-Curve,Breaking,37,0.6842105263157895,0.3,0.26980000000000004
683679,SI,Sinker,Fastball,58,0.19444444444444445,0.4444444444444444,0.40778899999999996
683679,FF,4-Seam FB,Fastball,56,0.21875,0.4166666666666667,0.2446181666666667
683679,SL,Slider,Breaking,25,0.3333333333333333,0.8571428571428571,0.265774
683734,FF,4-Seam FB,Fastball,380,0.11904761904761904,0.7362637362637363,0.41854033333333335
683734,SI,Sinker,Fastball,245,0.05154639175257732,0.36507936507936506,0.34354880597014925
683734,SL,Slider,Breaking,243,0.2911392405063291,0.27906976744186046,0.23696031818181817
683734,CH,Changeup,Offspeed,153,0.2962962962962963,0.34285714285714286,0.3269497368421053
683734,ST,Sweeper,Breaking,141,0.25925925925925924,0.2,0.2100391875
683734,FC,Cutter,Fastball,125,0.22916666666666666,0.47058823529411764,0.2796510476190476
683734,CU,Curveball,Breaking,77,0.42105263157894735,0.18181818181818182,0.3085836
683734,FS,Splitter,Offspeed,37,0.3125,0.5555555555555556,0.298375
683737,FF,4-Seam FB,Fastball,821,0.13513513513513514,0.41904761904761906,0.3323463189655172
683737,SL,Slider,Breaking,432,0.4262295081967213,0.4230769230769231,0.27086354022988507
683737,SI,Sinker,Fastball,386,0.16352201257861634,0.41379310344827586,0.4335322545454546
683737,CH,Changeup,Offspeed,367,0.4393063583815029,0.21348314606741572,0.22601874468085106
683737,FC,Cutter,Fastball,227,0.15625,0.5454545454545454,0.4469204285714285
683737,ST,Sweeper,Breaking,220,0.26506024096385544,0.48717948717948717,0.3323588695652174
683737,CU,Curveball,Breaking,188,0.38596491228070173,0.35714285714285715,0.3123634444444444
683737,FS,Splitter,Offspeed,82,0.3939393939393939,0.23529411764705882,0.21999136842105263
683737,KC,Knuckle-Curve,Breaking,53,0.25,0.5,0.5127295000000001
683748,FF,4-Seam FB,Fastball,376,0.29064039408866993,0.4473684210526316,0.34760954838709673
683748,SI,Sinker,Fastball,102,0.125,0.625,0.31700725714285716
683748,SL,Slider,Breaking,100,0.30357142857142855,0.5483870967741935,0.31978290909090906
683748,CH,Changeup,Offspeed,80,0.25,0.6923076923076923,0.42169230769230764
683748,CU,Curveball,Breaking,67,0.3,0.1,0.29103799999999996
683748,FC,Cutter,Fastball,59,0.22580645161290322,0.6428571428571429,0.43802786666666665
683748,ST,Sweeper,Breaking,46,0.08333333333333333,0.4166666666666667,0.15
683748,FS,Splitter,Offspeed,30,0.3181818181818182,0.3,0.3268
683766,FF,4-Seam FB,Fastball,256,0.272108843537415,0.3076923076923077,0.22710747692307692
683766,SI,Sinker,Fastball,145,0.14814814814814814,0.3617021276595745,0.3224427916666667
683766,SL,Slider,Breaking,98,0.5,0.2692307692307692,0.22209671999999997
683766,ST,Sweeper,Breaking,77,0.358974358974359,0.5,0.2772008181818182
683766,CH,Changeup,Offspeed,71,0.4883720930232558,0.2777777777777778,0.1545
683766,FC,Cutter,Fastball,66,0.1891891891891892,0.4444444444444444,0.2013125
683766,CU,Curveball,Breaking,36,0.13333333333333333,0.14285714285714285,0.3178836
683953,FF,4-Seam FB,Fastball,628,0.19195046439628483,0.5205479452054794,0.3438503515151515
683953,SI,Sinker,Fastball,319,0.12352941176470589,0.4634146341463415,0.33181687499999996
683953,SL,Slider,Breaking,297,0.35294117647058826,0.3787878787878788,0.21110574647887323
683953,CH,Changeup,Offspeed,244,0.4,0.38095238095238093,0.2433848936170213
683953,FC,Cutter,Fastball,176,0.24705882352941178,0.2903225806451613,0.38024747368421047
683953,ST,Sweeper,Breaking,164,0.29508196721311475,0.2571428571428571,0.2449538974358974
683953,CU,Curveball,Breaking,109,0.27586206896551724,0.35714285714285715,0.19633984615384617
683953,FS,Splitter,Offspeed,73,0.29411764705882354,0.2222222222222222,0.2728114736842105
683953,KC,Knuckle-Curve,Breaking,28,0.25,1.0,0.4282229999999999
685133,FF,4-Seam FB,Fastball,342,0.09467455621301775,0.4270833333333333,0.354447375
685133,SI,Sinker,Fastball,199,0.14473684210526316,0.24489795918367346,0.281331
685133,CH,Changeup,Offspeed,148,0.38461538461538464,0.3142857142857143,0.23982857142857142
685133,SL,Slider,Breaking,126,0.24489795918367346,0.375,0.33691676923076924
685133,CU,Curveball,Breaking,96,0.37037037037037035,0.125,0.24265755555555557
685133,FS,Splitter,Offspeed,85,0.3333333333333333,0.5714285714285714,0.29733333333333334
685133,FC,Cutter,Fastball,78,0.2,0.5833333333333334,0.3972382857142857
685133,ST,Sweeper,Breaking,75,0.2222222222222222,0.2631578947368421,0.2023183
686217,FF,4-Seam FB,Fastball,569,0.11353711790393013,0.32456140350877194,0.28704757723577234
686217,SI,Sinker,Fastball,265,0.02564102564102564,0.3037974683544304,0.2813399268292683
686217,SL,Slider,Breaking,162,0.13333333333333333,0.35,0.2194959
686217,FC,Cutter,Fastball,133,0.140625,0.3125,0.3054618918918919
686217,ST,Sweeper,Breaking,113,0.15555555555555556,0.16,0.22215384615384615
686217,CH,Changeup,Offspeed,92,0.08823529411764706,0.3125,0.4002365
686217,CU,Curveball,Breaking,76,0.17857142857142858,1.0666666666666667,0.43414285714285716
686217,FS,Splitter,Offspeed,49,0.03571428571428571,0.10526315789473684,0.18929411764705883
686452,FF,4-Seam FB,Fastball,216,0.14285714285714285,0.30952380952380953,0.3271596521739131
686452,SI,Sinker,Fastball,99,0.10714285714285714,0.35294117647058826,0.33403536842105264
686452,CH,Changeup,Offspeed,80,0.36585365853658536,0.3888888888888889,0.23557894736842105
686452,SL,Slider,Breaking,61,0.375,0.2222222222222222,0.2446174736842105
686452,CU,Curveball,Breaking,58,0.4090909090909091,0.07692307692307693,0.2192805
686452,FC,Cutter,Fastball,50,0.15384615384615385,0.21428571428571427,0.23948975
686452,ST,Sweeper,Breaking,33,0.3125,0.0,0.1851666666666667
686469,FF,4-Seam FB,Fastball,580,0.0975609756097561,0.45394736842105265,0.33301493491124257
686469,SI,Sinker,Fastball,275,0.06716417910447761,0.3150684931506849,0.343606825
686469,SL,Slider,Breaking,237,0.18085106382978725,0.5,0.3477065306122449
686469,CH,Changeup,Offspeed,207,0.27184466019417475,0.4883720930232558,0.3443972765957447
686469,FC,Cutter,Fastball,164,0.136986301369863,0.5555555555555556,0.40008187500000003
686469,ST,Sweeper,Breaking,163,0.2753623188405797,0.10714285714285714,0.20873855172413797
686469,CU,Curveball,Breaking,132,0.1509433962264151,0.23809523809523808,0.29084360000000004
686469,FS,Splitter,Offspeed,67,0.17857142857142858,0.7142857142857143,0.33898975
686469,KC,Knuckle-Curve,Breaking,27,0.3076923076923077,0.0,0.425903
686475,FF,4-Seam FB,Fastball,171,0.15942028985507245,0.3793103448275862,0.3205965625
686475,SI,Sinker,Fastball,88,0.1590909090909091,0.2962962962962963,0.3431304827586207
686475,CH,Changeup,Offspeed,72,0.5263157894736842,0.4117647058823529,0.30209663157894734
686475,ST,Sweeper,Breaking,70,0.4878048780487805,0.5625,0.21704917647058825
686475,SL,Slider,Breaking,55,0.3333333333333333,0.5,0.2858
686475,FC,Cutter,Fastball,50,0.27586206896551724,0.375,0.24136120000000003
686475,CU,Curveball,Breaking,29,0.25,0.375,0.28760199999999997
686527,FF,4-Seam FB,Fastball,479,0.1814516129032258,0.6307692307692307,0.44557027737226274
686527,CH,Changeup,Offspeed,305,0.2709677419354839,0.35443037974683544,0.28971870588235293
686527,SI,Sinker,Fastball,298,0.15625,0.39436619718309857,0.36452833734939755
686527,SL,Slider,Breaking,288,0.37341772151898733,0.42028985507246375,0.31552318421052633
686527,CU,Curveball,Breaking,166,0.3392857142857143,0.6206896551724138,0.2980671875
686527,FC,Cutter,Fastball,158,0.2028985507246377,0.5882352941176471,0.41031000000000006
686527,ST,Sweeper,Breaking,118,0.32608695652173914,0.28,0.21434858333333331
686527,FS,Splitter,Offspeed,99,0.4107142857142857,0.5185185185185185,0.3711202142857143
686527,KC,Knuckle-Curve,Breaking,45,0.42105263157894735,0.7142857142857143,0.0912
686555,FF,4-Seam FB,Fastball,823,0.17366946778711484,0.3068181818181818,0.3301302752293578
686555,SI,Sinker,Fastball,271,0.06796116504854369,0.46774193548387094,0.32169267605633806
686555,CH,Changeup,Offspeed,265,0.35454545454545455,0.2463768115942029,0.21201194285714287
686555,FC,Cutter,Fastball,192,0.15584415584415584,0.29411764705882354,0.2869792777777778
686555,CU,Curveball,Breaking,156,0.2857142857142857,0.045454545454545456,0.24842725
686555,SL,Slider,Breaking,122,0.32,0.45454545454545453,0.2604462857142857
686555,ST,Sweeper,Breaking,109,0.24444444444444444,0.3888888888888889,0.30229285714285714
686555,FS,Splitter,Offspeed,78,0.5,0.19047619047619047,0.218903652173913
686555,KC,Knuckle-Curve,Breaking,36,0.5,0.8,0.23106966666666665
686611,FF,4-Seam FB,Fastball,423,0.23868312757201646,0.45098039215686275,0.35043463247863244
686611,SI,Sinker,Fastball,366,0.12299465240641712,0.32727272727272727,0.3383100695652174
686611,SL,Slider,Breaking,240,0.5245901639344263,0.4897959183673469,0.31656404000000005
686611,ST,Sweeper,Breaking,168,0.38666666666666666,0.20588235294117646,0.3306405142857143
686611,CH,Changeup,Offspeed,145,0.48,0.18421052631578946,0.2026388888888889
686611,FC,Cutter,Fastball,134,0.25333333333333335,0.3611111111111111,0.2879655
686611,CU,Curveball,Breaking,62,0.37037037037037035,0.3333333333333333,0.19504575
686611,FS,Splitter,Offspeed,41,0.44,0.4166666666666667,0.28828049999999994
686668,FF,4-Seam FB,Fastball,285,0.21014492753623187,0.30357142857142855,0.2610059310344828
686668,SL,Slider,Breaking,145,0.4177215189873418,0.225,0.203511
686668,SI,Sinker,Fastball,99,0.1724137931034483,0.45161290322580644,0.33117271428571426
686668,CH,Changeup,Offspeed,95,0.46551724137931033,0.53125,0.233819935483871
686668,ST,Sweeper,Breaking,71,0.3684210526315789,0.19047619047619047,0.13441176470588237
686668,FC,Cutter,Fastball,64,0.2564102564102564,0.391304347826087,0.33068181818181813
686668,CU,Curveball,Breaking,38,0.3125,0.42857142857142855,0.0854
686681,FF,4-Seam FB,Fastball,590,0.16352201257861634,0.3782051282051282,0.2806731411764706
686681,SI,Sinker,Fastball,202,0.07920792079207921,0.40350877192982454,0.32896393333333335
686681,CH,Changeup,Offspeed,185,0.23076923076923078,0.32786885245901637,0.27338709677419354
686681,SL,Slider,Breaking,153,0.25609756097560976,0.696969696969697,0.37027322222222225
686681,FC,Cutter,Fastball,143,0.16,0.7272727272727273,0.4418810285714286
686681,ST,Sweeper,Breaking,131,0.39655172413793105,0.2222222222222222,0.22723572413793103
686681,CU,Curveball,Breaking,90,0.2631578947368421,1.0714285714285714,0.4022142857142857
686681,FS,Splitter,Offspeed,63,0.24324324324324326,0.15789473684210525,0.22910526315789473
686681,KC,Knuckle-Curve,Breaking,33,0.2631578947368421,0.5555555555555556,0.32380000000000003
686765,FF,4-Seam FB,Fastball,322,0.1437908496732026,0.5844155844155844,0.33767542528735633
686765,CH,Changeup,Offspeed,168,0.2857142857142857,0.40540540540540543,0.3059583684210527
686765,SI,Sinker,Fastball,164,0.17391304347826086,0.21212121212121213,0.33519540909090906
686765,SL,Slider,Breaking,130,0.32727272727272727,0.25925925925925924,0.19033917241379308
686765,CU,Curveball,Breaking,94,0.17391304347826086,0.3333333333333333,0.29730225
686765,FC,Cutter,Fastball,84,0.16666666666666666,0.4,0.36511475000000004
686765,FS,Splitter,Offspeed,56,0.2916666666666667,0.1,0.29903799999999997
686765,ST,Sweeper,Breaking,53,0.13043478260869565,0.3,0.3141486666666667
686780,FF,4-Seam FB,Fastball,277,0.1893939393939394,0.2857142857142857,0.31385489285714285
686780,SI,Sinker,Fastball,144,0.16,0.5625,0.3976763428571429
686780,CH,Changeup,Offspeed,122,0.5,0.22580645161290322,0.17794544827586206
686780,SL,Slider,Breaking,111,0.3220338983050847,0.3888888888888889,0.23191428571428574
686780,ST,Sweeper,Breaking,83,0.32608695652173914,0.2857142857142857,0.22996766666666668
686780,CU,Curveball,Breaking,69,0.23333333333333334,0.08333333333333333,0.18625892307692307
686780,FC,Cutter,Fastball,62,0.25925925925925924,0.0,0.2101
686797,FF,4-Seam FB,Fastball,638,0.17094017094017094,0.5512820512820513,0.30032692771084335
686797,CH,Changeup,Offspeed,481,0.26666666666666666,0.25833333333333336,0.213066406779661
686797,SI,Sinker,Fastball,317,0.1125,0.3146067415730337,0.3335869166666667
686797,SL,Slider,Breaking,282,0.27607361963190186,0.5921052631578947,0.2743388311688312
686797,CU,Curveball,Breaking,240,0.29357798165137616,0.2765957446808511,0.17691029787234042
686797,ST,Sweeper,Breaking,160,0.22077922077922077,0.1875,0.2813681081081081
686797,FC,Cutter,Fastball,156,0.125,0.85,0.39198053658536586
686797,FS,Splitter,Offspeed,84,0.17391304347826086,0.42857142857142855,0.24628571428571427
686797,KC,Knuckle-Curve,Breaking,47,0.23076923076923078,0.6666666666666666,0.27744444444444444
686823,FF,4-Seam FB,Fastball,51,0.0625,0.0,0.12666666666666668
686894,FF,4-Seam FB,Fastball,110,0.3333333333333333,0.7619047619047619,0.2935101
686894,SI,Sinker,Fastball,79,0.0625,0.6470588235294118,0.26745573333333333
686894,SL,Slider,Breaking,54,0.2916666666666667,0.0,0.2793672
686894,CH,Changeup,Offspeed,41,0.3333333333333333,0.75,0.4737025714285714
686894,ST,Sweeper,Breaking,39,0.4666666666666667,0.1,0.2583151111111111
686894,FC,Cutter,Fastball,30,0.36363636363636365,1.25,0.680306
686894,CU,Curveball,Breaking,27,0.46153846153846156,0.2222222222222222,0.04842857142857143
686948,FF,4-Seam FB,Fastball,701,0.20113314447592068,0.5683453237410072,0.4207002013422819
686948,SI,Sinker,Fastball,428,0.12376237623762376,0.5154639175257731,0.43281396551724133
686948,SL,Slider,Breaking,309,0.3727810650887574,0.4025974025974026,0.253873425
686948,CH,Changeup,Offspeed,249,0.2605042016806723,0.3709677419354839,0.3449308888888889
686948,FC,Cutter,Fastball,223,0.2636363636363636,0.4375,0.3209218
686948,ST,Sweeper,Breaking,195,0.28431372549019607,0.41304347826086957,0.36348238297872343
686948,CU,Curveball,Breaking,134,0.328125,0.4473684210526316,0.38743005
686948,FS,Splitter,Offspeed,97,0.24242424242424243,0.5185185185185185,0.38847761538461534
686948,KC,Knuckle-Curve,Breaking,47,0.52,0.16666666666666666,0.14333984615384615
687093,FF,4-Seam FB,Fastball,500,0.17903930131004367,0.4948453608247423,0.365465
687093,SI,Sinker,Fastball,354,0.14450867052023122,0.2692307692307692,0.32063696703296707
687093,SL,Slider,Breaking,231,0.3508771929824561,0.3728813559322034,0.2584940625
687093,CH,Changeup,Offspeed,172,0.23655913978494625,0.22448979591836735,0.2605065882352941
687093,ST,Sweeper,Breaking,154,0.27380952380952384,0.46511627906976744,0.26361742222222223
687093,CU,Curveball,Breaking,133,0.23880597014925373,0.4444444444444444,0.27152063157894735
687093,FC,Cutter,Fastball,129,0.16666666666666666,0.8260869565217391,0.47804292857142855
687093,FS,Splitter,Offspeed,40,0.45,0.0,0.21561199999999997
687221,FF,4-Seam FB,Fastball,351,0.3485714285714286,0.4625,0.3188690120481928
687221,CH,Changeup,Offspeed,156,0.36585365853658536,0.34210526315789475,0.2926974871794872
687221,SI,Sinker,Fastball,115,0.08571428571428572,0.5294117647058824,0.39459263636363634
687221,SL,Slider,Breaking,107,0.3114754098360656,0.7419354838709677,0.3981333333333333
687221,FC,Cutter,Fastball,102,0.25,0.2608695652173913,0.38140808
687221,ST,Sweeper,Breaking,74,0.48484848484848486,0.5,0.24075000000000002
687221,CU,Curveball,Breaking,59,0.44,0.7857142857142857,0.4737608421052631
687221,FS,Splitter,Offspeed,35,0.4,0.2222222222222222,0.22200000000000003
687231,FF,4-Seam FB,Fastball,232,0.2644628099173554,0.3023255813953488,0.2681161960784314
687231,SI,Sinker,Fastball,109,0.0625,0.2903225806451613,0.31187748387096775
687231,SL,Slider,Breaking,103,0.29411764705882354,0.24,0.2773265
687231,CH,Changeup,Offspeed,81,0.3584905660377358,0.15384615384615385,0.20877170370370368
687231,ST,Sweeper,Breaking,60,0.38461538461538464,0.6666666666666666,0.30184127272727274
687231,FC,Cutter,Fastball,34,0.05555555555555555,0.2857142857142857,0.071
687231,CU,Curveball,Breaking,32,0.25,0.5,0.101
687263,FF,4-Seam FB,Fastball,676,0.2111111111111111,0.5548780487804879,0.36432476666666663
687263,SL,Slider,Breaking,464,0.40234375,0.35789473684210527,0.2573043106796117
687263,SI,Sinker,Fastball,438,0.20574162679425836,0.5638297872340425,0.42716454054054054
687263,CH,Changeup,Offspeed,340,0.43103448275862066,0.2987012987012987,0.25190420930232554
687263,ST,Sweeper,Breaking,298,0.4647887323943662,0.4393939393939394,0.22623177464788732
687263,CU,Curveball,Breaking,214,0.5747126436781609,0.15555555555555556,0.17484832653061225
687263,FC,Cutter,Fastball,202,0.2,0.5609756097560976,0.4349138695652173
687263,FS,Splitter,Offspeed,106,0.4716981132075472,0.0,0.22611165217391307
687263,KC,Knuckle-Curve,Breaking,45,0.5263157894736842,0.0,0.15705971428571425
687282,FF,4-Seam FB,Fastball,124,0.25675675675675674,0.15384615384615385,0.19469762962962964
687282,CH,Changeup,Offspeed,45,0.27586206896551724,0.4375,0.2668666666666667
687282,SI,Sinker,Fastball,37,0.0,0.3333333333333333,0.24192955555555556
687282,CU,Curveball,Breaking,36,0.4117647058823529,0.0,0.025000000000000005
687282,SL,Slider,Breaking,35,0.3333333333333333,0.3333333333333333,0.20566666666666666
687282,ST,Sweeper,Breaking,27,0.4444444444444444,0.6666666666666666,0.3516666666666666
687363,FF,4-Seam FB,Fastball,253,0.2066115702479339,0.20833333333333334,0.2639861176470588
687363,SI,Sinker,Fastball,127,0.14285714285714285,0.2727272727272727,0.30335200000000007
687363,SL,Slider,Breaking,90,0.24,0.2916666666666667,0.28545149999999997
687363,CH,Changeup,Offspeed,73,0.4666666666666667,0.25,0.199838625
687363,ST,Sweeper,Breaking,62,0.4411764705882353,0.1111111111111111,0.13772222222222222
687363,FC,Cutter,Fastball,50,0.23076923076923078,0.42857142857142855,0.3315612
687363,CU,Curveball,Breaking,48,0.2631578947368421,0.38461538461538464,0.3470281538461539
687363,FS,Splitter,Offspeed,25,0.14285714285714285,0.0,0.2956045
687401,FF,4-Seam FB,Fastball,523,0.1946564885496183,0.3879310344827586,0.3164435572519084
687401,SI,Sinker,Fastball,319,0.07407407407407407,0.46153846153846156,0.38068022988505745
687401,SL,Slider,Breaking,247,0.2376237623762376,0.3333333333333333,0.2027141034482759
687401,ST,Sweeper,Breaking,162,0.2463768115942029,0.43243243243243246,0.24689042105263156
687401,CH,Changeup,Offspeed,123,0.23636363636363636,0.34615384615384615,0.24915344
687401,FC,Cutter,Fastball,116,0.12244897959183673,0.32,0.3455494814814815
687401,CU,Curveball,Breaking,79,0.4074074074074074,0.5625,0.2635625
687401,FS,Splitter,Offspeed,38,0.5238095238095238,0.0,0.06454545454545453
687462,FF,4-Seam FB,Fastball,614,0.12878787878787878,0.37777777777777777,0.35464072151898735
687462,SI,Sinker,Fastball,266,0.09375,0.3392857142857143,0.3428086956521739
687462,SL,Slider,Breaking,213,0.20224719101123595,0.46808510638297873,0.28960342857142857
687462,CH,Changeup,Offspeed,192,0.13333333333333333,0.34285714285714286,0.33200705555555554
687462,ST,Sweeper,Breaking,158,0.19718309859154928,0.13513513513513514,0.25389735135135133
687462,FC,Cutter,Fastball,156,0.21052631578947367,0.38235294117647056,0.19366908571428573
687462,CU,Curveball,Breaking,110,0.25,0.36363636363636365,0.31288808
687462,FS,Splitter,Offspeed,53,0.45,0.5384615384615384,0.2614168571428571
687462,KC,Knuckle-Curve,Breaking,31,0.26666666666666666,0.6,0.34848085714285715
687515,FF,4-Seam FB,Fastball,175,0.28431372549019607,0.35294117647058826,0.2720245
687515,CH,Changeup,Offspeed,79,0.32608695652173914,0.14285714285714285,0.1589470909090909
687515,SL,Slider,Breaking,57,0.3611111111111111,0.45454545454545453,0.2622
687515,SI,Sinker,Fastball,47,0.3333333333333333,0.21428571428571427,0.2101666666666667
687515,CU,Curveball,Breaking,38,0.43478260869565216,0.5,0.3198181818181818
687515,ST,Sweeper,Breaking,31,0.3684210526315789,0.18181818181818182,0.18958345454545453
687515,FC,Cutter,Fastball,26,0.375,1.125,0.4242
687529,FF,4-Seam FB,Fastball,139,0.28846153846153844,0.38461538461538464,0.34252241176470594
687529,SL,Slider,Breaking,60,0.5357142857142857,0.26666666666666666,0.1758278666666667
687529,SI,Sinker,Fastball,47,0.1,0.2857142857142857,0.30628571428571433
687529,ST,Sweeper,Breaking,40,0.45,0.0,0.07366666666666667
687529,FC,Cutter,Fastball,39,0.14285714285714285,0.5,0.4605
687529,CH,Changeup,Offspeed,32,0.4444444444444444,0.0,0.072
687551,FF,4-Seam FB,Fastball,540,0.1813953488372093,0.4297520661157025,0.34597674999999994
687551,SI,Sinker,Fastball,211,0.17721518987341772,0.27906976744186046,0.3412132156862745
687551,CH,Changeup,Offspeed,195,0.2978723404255319,0.36363636363636365,0.28702726086956526
687551,FC,Cutter,Fastball,149,0.17567567567567569,0.5,0.40127230769230765
687551,SL,Slider,Breaking,147,0.26785714285714285,0.2962962962962963,0.2616519285714286
687551,ST,Sweeper,Breaking,129,0.2786885245901639,0.59375,0.3456724864864865
687551,CU,Curveball,Breaking,104,0.16666666666666666,0.47058823529411764,0.34086666666666665
687551,FS,Splitter,Offspeed,74,0.3103448275862069,0.3333333333333333,0.3275298571428572
687551,KC,Knuckle-Curve,Breaking,43,0.35294117647058826,0.08333333333333333,0.25872727272727275
687597,FF,4-Seam FB,Fastball,207,0.19444444444444445,0.32558139534883723,0.2005041951219512
687597,SL,Slider,Breaking,135,0.38666666666666666,0.4,0.2591237419354839
687597,SI,Sinker,Fastball,126,0.17857142857142858,0.3333333333333333,0.28286567741935487
687597,CH,Changeup,Offspeed,82,0.4727272727272727,0.28,0.21997354545454548
687597,ST,Sweeper,Breaking,66,0.3939393939393939,0.0,0.2063155714285714
687597,CU,Curveball,Breaking,61,0.25925925925925924,0.38461538461538464,0.32158333333333333
687597,FC,Cutter,Fastball,37,0.3157894736842105,0.375,0.356602
687605,FF,4-Seam FB,Fastball,28,0.26666666666666666,0.5555555555555556,0.28763636363636363
687605,SL,Slider,Breaking,25,0.7142857142857143,0.2,0.20373633333333332
687637,FF,4-Seam FB,Fastball,482,0.17699115044247787,0.39805825242718446,0.32020506306306307
687637,CH,Changeup,Offspeed,190,0.3026315789473684,0.43902439024390244,0.3185019565217391
687637,SI,Sinker,Fastball,180,0.15584415584415584,0.4418604651162791,0.35703524000000003
687637,SL,Slider,Breaking,160,0.27692307692307694,0.2972972972972973,0.32835804761904763
687637,FC,Cutter,Fastball,148,0.3088235294117647,0.17647058823529413,0.26707031578947366
687637,CU,Curveball,Breaking,120,0.325,0.3333333333333333,0.15097118181818184
687637,ST,Sweeper,Breaking,114,0.3611111111111111,0.25,0.14022575
687637,FS,Splitter,Offspeed,52,0.4090909090909091,0.3,0.22729999999999997
687749,FF,4-Seam FB,Fastball,99,0.1568627450980392,0.41935483870967744,0.3297184827586207
687749,SI,Sinker,Fastball,94,0.2894736842105263,0.0,0.17115112500000002
687749,CH,Changeup,Offspeed,50,0.4642857142857143,0.35294117647058826,0.17607692307692308
687749,SL,Slider,Breaking,44,0.48,0.375,0.3194666666666667
687749,FC,Cutter,Fastball,31,0.2631578947368421,0.6666666666666666,0.24383333333333335
687859,FF,4-Seam FB,Fastball,593,0.2793103448275862,0.39603960396039606,0.36893310924369743
687859,SI,Sinker,Fastball,224,0.15217391304347827,0.40384615384615385,0.37560217241379307
687859,CH,Changeup,Offspeed,207,0.25396825396825395,0.35714285714285715,0.28419739130434785
687859,SL,Slider,Breaking,201,0.25396825396825395,0.43333333333333335,0.27403551612903226
687859,FC,Cutter,Fastball,115,0.12,0.2857142857142857,0.28400000000000003
687859,ST,Sweeper,Breaking,104,0.2982456140350877,0.4,0.2729532307692307
687859,CU,Curveball,Breaking,99,0.3269230769230769,0.6428571428571429,0.34310329032258063
687859,FS,Splitter,Offspeed,45,0.26666666666666666,0.47058823529411764,0.27396270588235294
687859,KC,Knuckle-Curve,Breaking,42,0.25925925925925924,0.5333333333333333,0.1781727142857143
687952,FF,4-Seam FB,Fastball,256,0.2251655629139073,0.6166666666666667,0.35267503125
687952,SI,Sinker,Fastball,149,0.2571428571428571,0.3333333333333333,0.3256143571428571
687952,SL,Slider,Breaking,102,0.36764705882352944,0.41379310344827586,0.2681329375
687952,CH,Changeup,Offspeed,74,0.2830188679245283,0.7727272727272727,0.5270181739130434
687952,FC,Cutter,Fastball,70,0.2653061224489796,0.7142857142857143,0.4208571428571428
687952,ST,Sweeper,Breaking,58,0.36363636363636365,0.46153846153846156,0.2519394814814815
687952,CU,Curveball,Breaking,38,0.25,0.0,0.25404644444444446
687957,FF,4-Seam FB,Fastball,150,0.08823529411764706,0.37209302325581395,0.30717586956521736
687957,SI,Sinker,Fastball,69,0.08108108108108109,0.2857142857142857,0.36512647058823533
687957,CH,Changeup,Offspeed,61,0.2702702702702703,0.7,0.31865
687957,SL,Slider,Breaking,54,0.46153846153846156,0.2,0.2683681666666667
687957,ST,Sweeper,Breaking,53,0.3157894736842105,0.625,0.39826866666666666
687957,CU,Curveball,Breaking,40,0.23809523809523808,0.16666666666666666,0.19533333333333333
688363,FF,4-Seam FB,Fastball,211,0.15,0.4423076923076923,0.3083461454545455
688363,CH,Changeup,Offspeed,105,0.2653061224489796,0.34782608695652173,0.21839130434782608
688363,SI,Sinker,Fastball,77,0.17857142857142858,0.375,0.323487052631579
688363,FC,Cutter,Fastball,69,0.24324324324324326,0.25,0.1643076923076923
688363,SL,Slider,Breaking,56,0.26666666666666666,0.14285714285714285,0.11908333333333333
688363,CU,Curveball,Breaking,55,0.37037037037037035,0.5,0.15942786666666667
688363,ST,Sweeper,Breaking,32,0.07692307692307693,0.4,0.33266666666666667
688363,FS,Splitter,Offspeed,27,0.2857142857142857,0.0,0.09825
689414,FF,4-Seam FB,Fastball,588,0.05054151624548736,0.4088050314465409,0.3434259325842697
689414,SI,Sinker,Fastball,326,0.029197080291970802,0.39325842696629215,0.3172912857142857
689414,CH,Changeup,Offspeed,247,0.19298245614035087,0.484375,0.29308978461538454
689414,SL,Slider,Breaking,226,0.23958333333333334,0.5192307692307693,0.28696617241379313
689414,FC,Cutter,Fastball,174,0.07792207792207792,0.5454545454545454,0.3807782564102564
689414,CU,Curveball,Breaking,168,0.125,0.6,0.34234881481481483
689414,ST,Sweeper,Breaking,151,0.11363636363636363,0.18518518518518517,0.2600452903225806
689414,FS,Splitter,Offspeed,101,0.2857142857142857,0.3181818181818182,0.27376808
689414,KC,Knuckle-Curve,Breaking,39,0.5,0.0,0.37126875000000004
690022,FF,4-Seam FB,Fastball,56,0.2857142857142857,0.8,0.121
690291,FF,4-Seam FB,Fastball,38,0.07692307692307693,0.25,0.425209
690924,FF,4-Seam FB,Fastball,126,0.375,0.20833333333333334,0.24906
690924,SI,Sinker,Fastball,60,0.14814814814814814,1.0,0.4108836
690924,SL,Slider,Breaking,54,0.41935483870967744,0.06666666666666667,0.08466666666666667
690924,CH,Changeup,Offspeed,35,0.4444444444444444,0.0,0.026857142857142857
690924,CU,Curveball,Breaking,31,0.3333333333333333,0.2,0.1052
690924,ST,Sweeper,Breaking,27,0.36363636363636365,0.0,0.10566666666666667
690976,FF,4-Seam FB,Fastball,385,0.21301775147928995,0.5,0.3898356455696202
690976,CH,Changeup,Offspeed,174,0.3939393939393939,0.08108108108108109,0.249768487804878
690976,SL,Slider,Breaking,149,0.47058823529411764,0.2608695652173913,0.33572059259259257
690976,SI,Sinker,Fastball,147,0.13846153846153847,0.2631578947368421,0.29170953846153846
690976,FC,Cutter,Fastball,98,0.19047619047619047,0.4090909090909091,0.15631578947368419
690976,CU,Curveball,Breaking,90,0.4117647058823529,0.1875,0.270463625
690976,ST,Sweeper,Breaking,65,0.2857142857142857,0.3157894736842105,0.2552388181818182
690976,FS,Splitter,Offspeed,48,0.4117647058823529,0.5,0.2487015
690984,FF,4-Seam FB,Fastball,222,0.31746031746031744,0.43137254901960786,0.3177979629629629
690984,SI,Sinker,Fastball,101,0.24193548387096775,0.43333333333333335,0.36513333333333337
690984,SL,Slider,Breaking,79,0.37777777777777777,0.2777777777777778,0.2283529411764706
690984,ST,Sweeper,Breaking,69,0.2222222222222222,0.0,0.172488
690984,CH,Changeup,Offspeed,67,0.15555555555555556,0.18518518518518517,0.29516
690984,FC,Cutter,Fastball,66,0.275,0.11764705882352941,0.22714652631578952
690984,CU,Curveball,Breaking,32,0.125,0.38461538461538464,0.28484615384615386
690993,FF,4-Seam FB,Fastball,554,0.1411764705882353,0.35,0.33477137007874014
690993,CH,Changeup,Offspeed,277,0.3381294964028777,0.44594594594594594,0.25060310526315793
690993,SI,Sinker,Fastball,202,0.09523809523809523,0.3333333333333333,0.3699404307692308
690993,FC,Cutter,Fastball,157,0.15789473684210525,0.6388888888888888,0.4043911282051282
690993,SL,Slider,Breaking,155,0.3333333333333333,0.46153846153846156,0.32767147368421057
690993,CU,Curveball,Breaking,113,0.3333333333333333,0.5217391304347826,0.44227344
690993,FS,Splitter,Offspeed,108,0.41304347826086957,0.16666666666666666,0.21989672
690993,ST,Sweeper,Breaking,91,0.3103448275862069,0.4117647058823529,0.42760200000000004
691002,FF,4-Seam FB,Fastball,44,0.19047619047619047,0.7142857142857143,0.4217142857142857
691002,SL,Slider,Breaking,35,0.3181818181818182,0.6363636363636364,0.4853636363636364
691011,FF,4-Seam FB,Fastball,222,0.2,0.3508771929824561,0.30618669841269835
691011,CH,Changeup,Offspeed,150,0.3950617283950617,0.125,0.18330823255813955
691011,SL,Slider,Breaking,87,0.2708333333333333,0.5,0.37236151999999995
691011,CU,Curveball,Breaking,70,0.39285714285714285,0.0,0.12295773333333336
691011,SI,Sinker,Fastball,61,0.18181818181818182,0.5263157894736842,0.4215835238095238
691011,FC,Cutter,Fastball,49,0.25806451612903225,0.4166666666666667,0.2478783076923077
691011,ST,Sweeper,Breaking,45,0.4375,0.25,0.13292955555555555
691011,FS,Splitter,Offspeed,43,0.6190476190476191,0.1,0.12211111111111111
691016,FF,4-Seam FB,Fastball,421,0.15865384615384615,0.53,0.39033245378151255
691016,SI,Sinker,Fastball,385,0.11794871794871795,0.46551724137931033,0.3268923739837399
691016,SL,Slider,Breaking,249,0.4,0.4489795918367347,0.34515280701754386
691016,CH,Changeup,Offspeed,212,0.358695652173913,0.2894736842105263,0.2141139512195122
691016,FC,Cutter,Fastball,135,0.19402985074626866,0.48717948717948717,0.3785427804878049
691016,ST,Sweeper,Breaking,119,0.32432432432432434,0.5555555555555556,0.21617715789473682
691016,CU,Curveball,Breaking,113,0.3076923076923077,0.7222222222222222,0.24288235294117644
691016,FS,Splitter,Offspeed,94,0.22727272727272727,0.25,0.21676866666666667
691016,KC,Knuckle-Curve,Breaking,37,0.35,0.25,0.168
691019,FF,4-Seam FB,Fastball,165,0.375,0.30303030303030304,0.29688517073170734
691019,SI,Sinker,Fastball,106,0.16,0.43478260869565216,0.3958397037037037
691019,SL,Slider,Breaking,86,0.45,0.1,0.1753532380952381
691019,CH,Changeup,Offspeed,55,0.37037037037037035,0.14285714285714285,0.2874262222222222
691019,CU,Curveball,Breaking,53,0.3,0.2857142857142857,0.2675315555555556
691019,FC,Cutter,Fastball,42,0.48,0.875,0.536602
691019,ST,Sweeper,Breaking,39,0.3333333333333333,0.2857142857142857,0.341204
691023,FF,4-Seam FB,Fastball,569,0.2523364485981308,0.5098039215686274,0.3358792784810126
691023,SI,Sinker,Fastball,494,0.2018348623853211,0.3770491803278688,0.37676047887323943
691023,SL,Slider,Breaking,365,0.4221105527638191,0.41935483870967744,0.24132726315789477
691023,ST,Sweeper,Breaking,337,0.32460732984293195,0.3764705882352941,0.2997557727272727
691023,CH,Changeup,Offspeed,208,0.4473684210526316,0.5,0.3607348333333333
691023,FC,Cutter,Fastball,173,0.32941176470588235,0.7368421052631579,0.4397402380952381
691023,CU,Curveball,Breaking,143,0.4383561643835616,0.3684210526315789,0.3506923076923077
691023,FS,Splitter,Offspeed,49,0.6086956521739131,0.7,0.42831966666666665
691026,FF,4-Seam FB,Fastball,779,0.21362229102167182,0.21428571428571427,0.3185622962962963
691026,SI,Sinker,Fastball,336,0.0967741935483871,0.3950617283950617,0.34094590909090905
691026,SL,Slider,Breaking,300,0.30327868852459017,0.3076923076923077,0.2814336712328767
691026,ST,Sweeper,Breaking,208,0.29213483146067415,0.34,0.27982301886792454
691026,FC,Cutter,Fastball,167,0.2125,0.46511627906976744,0.295953488372093
691026,CH,Changeup,Offspeed,162,0.34328358208955223,0.42105263157894735,0.3216709268292683
691026,CU,Curveball,Breaking,138,0.30612244897959184,0.38235294117647056,0.23169383783783787
691026,FS,Splitter,Offspeed,44,0.36,0.06666666666666667,0.0966
691026,KC,Knuckle-Curve,Breaking,27,0.2222222222222222,0.3333333333333333,0.15583333333333335
691176,FF,4-Seam FB,Fastball,314,0.18666666666666668,0.21052631578947367,0.2486655945945946
691176,CH,Changeup,Offspeed,147,0.3132530120481928,0.55,0.2708794210526316
691176,SI,Sinker,Fastball,102,0.13333333333333333,0.45454545454545453,0.38201976470588234
691176,FC,Cutter,Fastball,70,0.19047619047619047,0.38095238095238093,0.35208109090909095
691176,SL,Slider,Breaking,70,0.24324324324324326,0.7222222222222222,0.33085655555555554
691176,FS,Splitter,Offspeed,62,0.5142857142857142,0.25,0.2132
691176,CU,Curveball,Breaking,51,0.375,0.75,0.274375
691176,ST,Sweeper,Breaking,44,0.17391304347826086,0.2,0.2215366
691181,FF,4-Seam FB,Fastball,49,0.22727272727272727,0.8,0.637481076923077
691181,CH,Changeup,Offspeed,30,0.55,0.16666666666666666,0.16208333333333333
691181,ST,Sweeper,Breaking,25,0.3,0.75,0.43425
691182,FF,4-Seam FB,Fastball,122,0.15384615384615385,0.6,0.29735168749999996
691182,SL,Slider,Breaking,40,0.11764705882352941,0.45454545454545453,0.15172727272727274
691182,CH,Changeup,Offspeed,37,0.15,0.2,0.18958345454545453
691182,SI,Sinker,Fastball,36,0.06666666666666667,0.875,0.38838359999999994
691182,CU,Curveball,Breaking,25,0.3,0.8,0.3008262857142857
691182,FC,Cutter,Fastball,25,0.06666666666666667,0.0,0.29275
691277,FF,4-Seam FB,Fastball,37,0.14285714285714285,0.25,0.1085
691373,FF,4-Seam FB,Fastball,69,0.32653061224489793,0.22727272727272727,0.3151343333333333
691373,SL,Slider,Breaking,36,0.5217391304347826,0.0,0.011222222222222222
691373,ST,Sweeper,Breaking,31,0.3684210526315789,0.14285714285714285,0.29700000000000004
691373,SI,Sinker,Fastball,28,0.16666666666666666,0.5,0.4528732
691406,FF,4-Seam FB,Fastball,575,0.22568093385214008,0.6440677966101694,0.4335592686567164
691406,SI,Sinker,Fastball,535,0.11403508771929824,0.5746268656716418,0.3825400805369127
691406,SL,Slider,Breaking,438,0.265,0.48598130841121495,0.3404227567567567
691406,CH,Changeup,Offspeed,299,0.31386861313868614,0.34375,0.3186429444444444
691406,ST,Sweeper,Breaking,290,0.35507246376811596,0.4492753623188406,0.27632805555555556
691406,FC,Cutter,Fastball,228,0.1326530612244898,0.5227272727272727,0.3778618
691406,CU,Curveball,Breaking,145,0.31343283582089554,0.3783783783783784,0.27091887179487184
691406,FS,Splitter,Offspeed,105,0.391304347826087,0.631578947368421,0.4265015833333334
691406,KC,Knuckle-Curve,Breaking,59,0.4166666666666667,0.4666666666666667,0.266
691458,FF,4-Seam FB,Fastball,204,0.13274336283185842,0.46938775510204084,0.3170465
691458,SI,Sinker,Fastball,140,0.14864864864864866,0.23076923076923078,0.2831306976744186
691458,SL,Slider,Breaking,121,0.2698412698412698,0.3333333333333333,0.34163510344827586
691458,ST,Sweeper,Breaking,74,0.24242424242424243,0.35294117647058826,0.28425988235294114
691458,CH,Changeup,Offspeed,73,0.2708333333333333,0.5333333333333333,0.3557666666666667
691458,FC,Cutter,Fastball,46,0.32142857142857145,0.25,0.15091666666666667
691458,CU,Curveball,Breaking,39,0.29411764705882354,0.5,0.589098
691594,FF,4-Seam FB,Fastball,413,0.1267605633802817,0.4411764705882353,0.3075849724770642
691594,SI,Sinker,Fastball,365,0.05,0.49038461538461536,0.36282090265486727
691594,SL,Slider,Breaking,230,0.17424242424242425,0.5066666666666667,0.24766666666666665
691594,ST,Sweeper,Breaking,164,0.18072289156626506,0.34146341463414637,0.18117661904761903
691594,FC,Cutter,Fastball,163,0.075,0.5897435897435898,0.31464102564102564
691594,CH,Changeup,Offspeed,150,0.13861386138613863,0.39285714285714285,0.2378302962962963
691594,CU,Curveball,Breaking,90,0.125,0.25,0.2222131111111111
691594,FS,Splitter,Offspeed,33,0.18181818181818182,0.4444444444444444,0.47928360000000003
691718,FF,4-Seam FB,Fastball,960,0.25057471264367814,0.6205128205128205,0.3673953793103448
691718,SL,Slider,Breaking,385,0.3076923076923077,0.64,0.41005522727272725
691718,SI,Sinker,Fastball,373,0.14450867052023122,0.49411764705882355,0.37936692783505155
691718,CH,Changeup,Offspeed,330,0.2752808988764045,0.5185185185185185,0.40310329545454543
691718,ST,Sweeper,Breaking,220,0.2975206611570248,0.4444444444444444,0.28306464285714283
691718,FC,Cutter,Fastball,192,0.30275229357798167,0.5,0.33262841025641027
691718,CU,Curveball,Breaking,180,0.3684210526315789,0.5,0.3459818048780488
691718,FS,Splitter,Offspeed,121,0.30434782608695654,0.9666666666666667,0.507651125
691718,KC,Knuckle-Curve,Breaking,43,0.16129032258064516,0.4666666666666667,0.39139999999999997
691720,FF,4-Seam FB,Fastball,534,0.11494252873563218,0.6377952755905512,0.4048902739726028
691720,SI,Sinker,Fastball,338,0.09876543209876543,0.3977272727272727,0.33547675789473685
691720,SL,Slider,Breaking,313,0.3925925925925926,0.265625,0.2730546376811594
691720,ST,Sweeper,Breaking,225,0.42857142857142855,0.15625,0.24952551219512195
691720,CH,Changeup,Offspeed,178,0.3218390804597701,0.275,0.31755635
691720,FC,Cutter,Fastball,137,0.23728813559322035,0.375,0.3081304347826087
691720,CU,Curveball,Breaking,90,0.41379310344827586,0.26666666666666666,0.25595566666666664
691720,FS,Splitter,Offspeed,35,0.5,0.375,0.44525000000000003
691723,FF,4-Seam FB,Fastball,458,0.16964285714285715,0.4666666666666667,0.4127021333333333
691723,SL,Slider,Breaking,351,0.4444444444444444,0.5581395348837209,0.29439759036144575
691723,SI,Sinker,Fastball,283,0.15555555555555556,0.532258064516129,0.40249934328358206
691723,ST,Sweeper,Breaking,229,0.32727272727272727,0.15217391304347827,0.14542429166666668
691723,CH,Changeup,Offspeed,199,0.42857142857142855,0.5,0.3347288085106383
691723,FC,Cutter,Fastball,166,0.345679012345679,0.5,0.399172125
691723,CU,Curveball,Breaking,142,0.2807017543859649,0.6,0.33507864285714284
691723,FS,Splitter,Offspeed,28,0.375,0.125,0.13625
691728,FF,4-Seam FB,Fastball,107,0.5172413793103449,0.125,0.17216685714285715
691728,FC,Cutter,Fastball,39,0.18181818181818182,0.25,0.35478360000000003
691728,SI,Sinker,Fastball,39,0.29411764705882354,0.25,0.21275
691728,CH,Changeup,Offspeed,27,0.5625,0.7142857142857143,0.35342724999999997
691728,SL,Slider,Breaking,25,0.3333333333333333,0.75,0.355
691740,FF,4-Seam FB,Fastball,156,0.14432989690721648,0.35,0.29048380487804876
691740,SI,Sinker,Fastball,118,0.06557377049180328,0.29411764705882354,0.3223586153846154
691740,SL,Slider,Breaking,99,0.3684210526315789,0.45,0.27991211111111114
691740,CH,Changeup,Offspeed,82,0.375,0.55,0.28575
691740,ST,Sweeper,Breaking,58,0.4,0.0625,0.09086666666666665
691740,FC,Cutter,Fastball,48,0.28,0.6666666666666666,0.35650000000000004
691740,CU,Curveball,Breaking,31,0.06666666666666667,0.36363636363636365,0.3782141538461538
691777,FF,4-Seam FB,Fastball,317,0.25609756097560976,0.6805555555555556,0.3799563846153846
691777,SI,Sinker,Fastball,246,0.19130434782608696,0.4339622641509434,0.3122287368421053
691777,SL,Slider,Breaking,174,0.4421052631578947,0.30952380952380953,0.26149060869565216
691777,ST,Sweeper,Breaking,138,0.38571428571428573,0.2,0.15940660606060605
691777,CH,Changeup,Offspeed,115,0.39344262295081966,0.16129032258064516,0.2717554193548387
691777,FC,Cutter,Fastball,77,0.34375,0.6923076923076923,0.32841676923076923
691777,CU,Curveball,Breaking,58,0.3076923076923077,0.23076923076923078,0.1852629230769231
691777,FS,Splitter,Offspeed,26,0.6666666666666666,0.0,0.10562371428571428
691781,FF,4-Seam FB,Fastball,353,0.3081081081081081,0.43902439024390244,0.3493741590909091
691781,SI,Sinker,Fastball,270,0.16911764705882354,0.32432432432432434,0.353374
691781,SL,Slider,Breaking,183,0.3516483516483517,0.5,0.28232690196078436
691781,ST,Sweeper,Breaking,173,0.30120481927710846,0.5609756097560976,0.4243547441860466
691781,CH,Changeup,Offspeed,111,0.417910447761194,0.2962962962962963,0.31029022222222225
691781,FC,Cutter,Fastball,90,0.3617021276595745,0.3333333333333333,0.3064332941176471
691781,CU,Curveball,Breaking,64,0.3076923076923077,0.1111111111111111,0.17612726315789476
691781,FS,Splitter,Offspeed,29,0.29411764705882354,0.16666666666666666,0.3309471666666667
691783,FF,4-Seam FB,Fastball,188,0.2608695652173913,0.5227272727272727,0.3663227727272727
691783,SI,Sinker,Fastball,95,0.19607843137254902,0.4,0.3304262142857143
691783,SL,Slider,Breaking,76,0.26666666666666666,0.375,0.231
691783,CH,Changeup,Offspeed,66,0.2,0.8181818181818182,0.5478894545454546
691783,ST,Sweeper,Breaking,56,0.3684210526315789,0.0,0.036199999999999996
691783,FC,Cutter,Fastball,41,0.4117647058823529,0.5714285714285714,0.2063076923076923
691783,CU,Curveball,Breaking,36,0.25,0.2222222222222222,0.2823366
691785,FF,4-Seam FB,Fastball,289,0.16560509554140126,0.34285714285714286,0.3035299701492537
691785,CH,Changeup,Offspeed,187,0.46511627906976744,0.12121212121212122,0.2587051351351351
691785,SL,Slider,Breaking,117,0.37254901960784315,0.2903225806451613,0.23672038888888888
691785,CU,Curveball,Breaking,100,0.3023255813953488,0.23809523809523808,0.217563619047619
691785,SI,Sinker,Fastball,100,0.09615384615384616,0.5142857142857142,0.25890694117647056
691785,FS,Splitter,Offspeed,59,0.2413793103448276,0.17647058823529413,0.14952941176470588
691785,FC,Cutter,Fastball,54,0.20588235294117646,0.08333333333333333,0.33854545454545454
691785,ST,Sweeper,Breaking,40,0.4,0.6666666666666666,0.2812025714285714
691788,FF,4-Seam FB,Fastball,331,0.13125,0.5641025641025641,0.33389265060240964
691788,CH,Changeup,Offspeed,206,0.44554455445544555,0.2857142857142857,0.21584836
691788,SI,Sinker,Fastball,177,0.125,0.3953488372093023,0.323876875
691788,SL,Slider,Breaking,152,0.2876712328767123,0.3055555555555556,0.28006549999999997
691788,CU,Curveball,Breaking,118,0.2653061224489796,0.22727272727272727,0.22810513043478267
691788,FC,Cutter,Fastball,99,0.2222222222222222,0.5517241379310345,0.364057375
691788,ST,Sweeper,Breaking,97,0.42857142857142855,0.34782608695652173,0.22403015384615385
691788,FS,Splitter,Offspeed,53,0.2727272727272727,0.2,0.3376
691788,KC,Knuckle-Curve,Breaking,34,0.3684210526315789,0.1,0.0651
691858,FF,4-Seam FB,Fastball,32,0.3157894736842105,0.25,0.08525
691907,FF,4-Seam FB,Fastball,74,0.45161290322580644,0.13333333333333333,0.23657858823529415
692216,FF,4-Seam FB,Fastball,73,0.2619047619047619,0.46153846153846156,0.43454575000000006
692216,SI,Sinker,Fastball,30,0.0625,0.42857142857142855,0.3760836
692216,CH,Changeup,Offspeed,25,0.6666666666666666,1.25,1.362
693304,FF,4-Seam FB,Fastball,592,0.16139240506329114,0.375,0.3544459594594594
693304,SI,Sinker,Fastball,536,0.17921146953405018,0.40875912408759124,0.3340856732026144
693304,SL,Slider,Breaking,281,0.32857142857142857,0.421875,0.3562401492537314
693304,ST,Sweeper,Breaking,201,0.19642857142857142,0.4098360655737705,0.3033436666666667
693304,CH,Changeup,Offspeed,198,0.2912621359223301,0.3617021276595745,0.27820926530612244
693304,FC,Cutter,Fastball,194,0.24603174603174602,0.3090909090909091,0.2883225555555555
693304,CU,Curveball,Breaking,118,0.3191489361702128,0.5185185185185185,0.319938
693304,FS,Splitter,Offspeed,59,0.48484848484848486,0.15384615384615385,0.2367856
693307,FF,4-Seam FB,Fastball,668,0.16720257234726688,0.5128205128205128,0.39270766081871344
693307,SI,Sinker,Fastball,542,0.10980392156862745,0.39316239316239315,0.369583453125
693307,SL,Slider,Breaking,273,0.3228346456692913,0.6896551724137931,0.3245351379310345
693307,CH,Changeup,Offspeed,241,0.3448275862068966,0.34375,0.26737068656716423
693307,FC,Cutter,Fastball,186,0.15,0.7111111111111111,0.398212695652174
693307,ST,Sweeper,Breaking,181,0.2087912087912088,0.5777777777777777,0.37203716666666664
693307,CU,Curveball,Breaking,171,0.4090909090909091,0.27906976744186046,0.17827404651162793
693307,FS,Splitter,Offspeed,63,0.3125,0.125,0.23286964705882354
693307,KC,Knuckle-Curve,Breaking,40,0.375,0.09090909090909091,0.20781818181818182
693409,FF,4-Seam FB,Fastball,41,0.15,0.08333333333333333,0.331186
693459,FF,4-Seam FB,Fastball,33,0.38095238095238093,0.14285714285714285,0.22440514285714283
694025,FF,4-Seam FB,Fastball,38,0.13043478260869565,0.8333333333333334,0.4324444444444444
694025,SL,Slider,Breaking,28,0.2631578947368421,0.4,0.09811111111111112
694192,FF,4-Seam FB,Fastball,606,0.2673611111111111,0.5895522388059702,0.3786799862068965
694192,SI,Sinker,Fastball,416,0.13157894736842105,0.41509433962264153,0.3466082564102564
694192,SL,Slider,Breaking,348,0.33557046979865773,0.2777777777777778,0.25502290410958905
694192,ST,Sweeper,Breaking,222,0.2909090909090909,0.36363636363636365,0.3041666666666667
694192,FC,Cutter,Fastball,205,0.3125,0.5,0.38477528301886793
694192,CH,Changeup,Offspeed,175,0.20202020202020202,0.5614035087719298,0.2923824642857143
694192,CU,Curveball,Breaking,110,0.25,0.5217391304347826,0.27247344
694192,FS,Splitter,Offspeed,62,0.35294117647058826,0.29411764705882354,0.333301
694192,KC,Knuckle-Curve,Breaking,31,0.35714285714285715,1.2857142857142858,0.46220257142857146
694197,FF,4-Seam FB,Fastball,128,0.15625,0.34285714285714286,0.3558334054054054
694197,SI,Sinker,Fastball,91,0.07142857142857142,0.2962962962962963,0.3096668387096774
694197,CH,Changeup,Offspeed,70,0.15384615384615385,0.1875,0.24014223529411768
694197,FC,Cutter,Fastball,60,0.3225806451612903,0.13333333333333333,0.2531049411764706
694197,SL,Slider,Breaking,52,0.34782608695652173,0.2727272727272727,0.2157272727272727
694197,CU,Curveball,Breaking,41,0.26666666666666666,0.2857142857142857,0.15585714285714286
694197,ST,Sweeper,Breaking,30,0.46153846153846156,0.625,0.24082422222222222
694203,FF,4-Seam FB,Fastball,338,0.24431818181818182,0.28125,0.22767779411764705
694203,SI,Sinker,Fastball,211,0.12871287128712872,0.34545454545454546,0.2923006428571428
694203,SL,Slider,Breaking,152,0.28735632183908044,0.29545454545454547,0.258639
694203,CH,Changeup,Offspeed,114,0.44285714285714284,0.35294117647058826,0.19810511111111112
694203,ST,Sweeper,Breaking,114,0.3333333333333333,0.1935483870967742,0.21179431249999997
694203,FC,Cutter,Fastball,72,0.19047619047619047,0.7777777777777778,0.49327474074074074
694203,CU,Curveball,Breaking,69,0.18518518518518517,0.4,0.2500696666666667
694208,FF,4-Seam FB,Fastball,446,0.32727272727272727,0.3870967741935484,0.30305225
694208,SL,Slider,Breaking,207,0.34579439252336447,0.28888888888888886,0.2541302916666667
694208,CH,Changeup,Offspeed,195,0.2988505747126437,0.2826086956521739,0.25057541666666666
694208,SI,Sinker,Fastball,154,0.1348314606741573,0.4,0.30001944186046514
694208,FC,Cutter,Fastball,98,0.16666666666666666,0.5909090909090909,0.29348633333333335
694208,ST,Sweeper,Breaking,88,0.2777777777777778,0.25,0.24549453333333332
694208,CU,Curveball,Breaking,77,0.3333333333333333,0.4782608695652174,0.29647575
694208,FS,Splitter,Offspeed,63,0.15151515151515152,0.42105263157894735,0.41417090000000006
694208,KC,Knuckle-Curve,Breaking,31,0.29411764705882354,0.2857142857142857,0.3574285714285714
694212,FF,4-Seam FB,Fastball,404,0.2909090909090909,0.41284403669724773,0.32870585840707967
694212,SL,Slider,Breaking,226,0.39316239316239315,0.40816326530612246,0.3284451071428572
694212,CH,Changeup,Offspeed,197,0.2815533980582524,0.48214285714285715,0.2973673090909091
694212,SI,Sinker,Fastball,192,0.175,0.38461538461538464,0.37477613333333326
694212,ST,Sweeper,Breaking,151,0.31343283582089554,0.2222222222222222,0.27191719999999997
694212,FC,Cutter,Fastball,140,0.2,0.6,0.3480914838709677
694212,CU,Curveball,Breaking,120,0.40298507462686567,0.24242424242424243,0.21518876470588236
694212,FS,Splitter,Offspeed,54,0.2857142857142857,0.75,0.43425
694212,KC,Knuckle-Curve,Breaking,32,0.5833333333333334,0.5,0.20270000000000002
694249,FF,4-Seam FB,Fastball,406,0.20833333333333334,0.47572815533980584,0.30214329090909087
694249,CH,Changeup,Offspeed,224,0.3135593220338983,0.5370370370370371,0.36436362068965517
694249,SI,Sinker,Fastball,189,0.12264150943396226,0.3125,0.35269312280701753
694249,SL,Slider,Breaking,159,0.3026315789473684,0.45454545454545453,0.29922038888888886
694249,CU,Curveball,Breaking,152,0.5084745762711864,0.36,0.14480874074074074
694249,FC,Cutter,Fastball,117,0.16417910447761194,0.782608695652174,0.35019208695652176
694249,ST,Sweeper,Breaking,66,0.3181818181818182,0.5454545454545454,0.3338681666666667
694249,FS,Splitter,Offspeed,53,0.3333333333333333,0.17647058823529413,0.20700000000000002
694362,FF,4-Seam FB,Fastball,163,0.19718309859154928,0.40625,0.33751200000000003
694362,SI,Sinker,Fastball,112,0.07272727272727272,0.3684210526315789,0.29667164705882354
694362,SL,Slider,Breaking,99,0.4,0.2857142857142857,0.1855925925925926
694362,ST,Sweeper,Breaking,46,0.42105263157894735,0.3,0.2157
694362,FC,Cutter,Fastball,45,0.18181818181818182,0.4444444444444444,0.4387123636363637
694362,CH,Changeup,Offspeed,43,0.4117647058823529,0.5,0.202186
694362,CU,Curveball,Breaking,25,0.2222222222222222,0.42857142857142855,0.37592075
694371,SI,Sinker,Fastball,134,0.14285714285714285,0.1935483870967742,0.21253688235294121
694371,FF,4-Seam FB,Fastball,125,0.11320754716981132,0.8,0.5089168571428571
694371,SL,Slider,Breaking,101,0.46153846153846156,0.07692307692307693,0.18095337500000003
694371,ST,Sweeper,Breaking,73,0.3157894736842105,0.047619047619047616,0.23079172727272726
694371,CH,Changeup,Offspeed,49,0.4782608695652174,0.5,0.2495706153846154
694371,CU,Curveball,Breaking,33,0.36363636363636365,0.25,0.08299999999999999
694371,FC,Cutter,Fastball,32,0.15789473684210525,0.38461538461538464,0.32699999999999996
694374,FF,4-Seam FB,Fastball,417,0.20276497695852536,0.25,0.2959363404255319
694374,SI,Sinker,Fastball,239,0.10091743119266056,0.5,0.40936515492957753
694374,SL,Slider,Breaking,211,0.32989690721649484,0.4666666666666667,0.309366
694374,ST,Sweeper,Breaking,176,0.4050632911392405,0.25,0.1878125
694374,FC,Cutter,Fastball,116,0.3492063492063492,0.4230769230769231,0.33093764285714283
694374,CH,Changeup,Offspeed,110,0.44642857142857145,0.6129032258064516,0.29671918518518514
694374,CU,Curveball,Breaking,58,0.3181818181818182,0.14285714285714285,0.20230225
694374,FS,Splitter,Offspeed,47,0.3448275862068966,0.6153846153846154,0.36141666666666666
694374,KC,Knuckle-Curve,Breaking,26,0.6666666666666666,0.3333333333333333,0.147
694376,FF,4-Seam FB,Fastball,156,0.2702702702702703,0.4166666666666667,0.29232877777777777
694376,SI,Sinker,Fastball,69,0.10810810810810811,0.4090909090909091,0.29925
694376,SL,Slider,Breaking,60,0.2571428571428571,0.07142857142857142,0.206
694376,ST,Sweeper,Breaking,55,0.20689655172413793,0.5,0.37406666666666666
694376,CH,Changeup,Offspeed,44,0.43478260869565216,0.13333333333333333,0.07959999999999999
694376,CU,Curveball,Breaking,33,0.45454545454545453,0.2,0.29390299999999997
694376,FC,Cutter,Fastball,27,0.3076923076923077,0.2,0.3190836
694377,FF,4-Seam FB,Fastball,165,0.21568627450980393,0.24242424242424243,0.3112085
694377,SI,Sinker,Fastball,94,0.12,0.4642857142857143,0.361954962962963
694377,CH,Changeup,Offspeed,86,0.2682926829268293,0.2608695652173913,0.2597
694377,SL,Slider,Breaking,61,0.3333333333333333,0.45454545454545453,0.22798633333333332
694377,ST,Sweeper,Breaking,42,0.21428571428571427,0.0,0.1817131111111111
694377,FC,Cutter,Fastball,35,0.1875,0.16666666666666666,0.396903
694377,CU,Curveball,Breaking,33,0.2,0.0,0.3744553333333333
694378,FF,4-Seam FB,Fastball,281,0.22289156626506024,0.3448275862068966,0.32837066666666664
694378,SI,Sinker,Fastball,125,0.16129032258064516,0.3225806451612903,0.3294177222222222
694378,CH,Changeup,Offspeed,104,0.1791044776119403,0.3333333333333333,0.24397142857142856
694378,SL,Slider,Breaking,88,0.2553191489361702,0.4166666666666667,0.2690416666666667
694378,FC,Cutter,Fastball,79,0.16666666666666666,0.07692307692307693,0.20445842857142857
694378,CU,Curveball,Breaking,57,0.20689655172413793,0.5555555555555556,0.41004179999999996
694378,FS,Splitter,Offspeed,57,0.3333333333333333,0.29411764705882354,0.2662454444444445
694378,ST,Sweeper,Breaking,40,0.15,0.3333333333333333,0.2832629230769231
694378,KC,Knuckle-Curve,Breaking,28,0.13333333333333333,0.25,0.3245
694384,FF,4-Seam FB,Fastball,565,0.1059322033898305,0.425,0.3775098550724638
694384,SI,Sinker,Fastball,245,0.05714285714285714,0.2876712328767123,0.35083322499999997
694384,CH,Changeup,Offspeed,222,0.16842105263157894,0.32608695652173914,0.2714905384615385
694384,SL,Slider,Breaking,212,0.2708333333333333,0.45454545454545453,0.36081646153846153
694384,FC,Cutter,Fastball,163,0.05333333333333334,0.3783783783783784,0.314072717948718
694384,ST,Sweeper,Breaking,141,0.22807017543859648,0.5,0.28087968750000003
694384,CU,Curveball,Breaking,99,0.2727272727272727,0.3333333333333333,0.30925552380952376
694384,FS,Splitter,Offspeed,67,0.4594594594594595,0.3125,0.27741211111111114
694388,FF,4-Seam FB,Fastball,150,0.25925925925925924,0.4722222222222222,0.39202374358974357
694388,SL,Slider,Breaking,86,0.42,0.11764705882352941,0.1530412631578947
694388,CH,Changeup,Offspeed,68,0.3076923076923077,0.16666666666666666,0.2654908888888889
694388,SI,Sinker,Fastball,63,0.15384615384615385,0.3076923076923077,0.2582015
694388,FC,Cutter,Fastball,55,0.35714285714285715,0.08333333333333333,0.18095523076923076
694388,ST,Sweeper,Breaking,49,0.2222222222222222,0.375,0.2932686666666667
694388,CU,Curveball,Breaking,42,0.3888888888888889,0.5555555555555556,0.32333333333333336
694410,FF,4-Seam FB,Fastball,81,0.07894736842105263,0.3888888888888889,0.17226866666666668
694410,SL,Slider,Breaking,34,0.25,0.3333333333333333,0.49600000000000005
694410,SI,Sinker,Fastball,29,0.0,0.16666666666666666,0.2352
694410,ST,Sweeper,Breaking,25,0.25,0.16666666666666666,0.26277399999999995
694497,FF,4-Seam FB,Fastball,568,0.1969111969111969,0.3888888888888889,0.3273331586206896
694497,CH,Changeup,Offspeed,320,0.3880597014925373,0.23529411764705882,0.21171125333333332
694497,SI,Sinker,Fastball,278,0.1651376146788991,0.38596491228070173,0.34258350000000004
694497,SL,Slider,Breaking,204,0.4146341463414634,0.3488372093023256,0.26594486274509804
694497,FC,Cutter,Fastball,143,0.31343283582089554,0.16666666666666666,0.22534248648648653
694497,ST,Sweeper,Breaking,121,0.38636363636363635,0.3,0.19535618181818182
694497,CU,Curveball,Breaking,108,0.4,0.05555555555555555,0.20965084210526316
694497,FS,Splitter,Offspeed,60,0.45454545454545453,0.1,0.1922
694497,KC,Knuckle-Curve,Breaking,44,0.42105263157894735,0.25,0.20336363636363639
694514,FF,4-Seam FB,Fastball,118,0.2786885245901639,0.3793103448275862,0.25474726666666664
694514,CH,Changeup,Offspeed,42,0.47058823529411764,0.0,0.23280599999999999
694514,SI,Sinker,Fastball,36,0.125,0.5,0.39327840000000003
694514,SL,Slider,Breaking,28,0.4375,0.5,0.29950000000000004
694671,FF,4-Seam FB,Fastball,603,0.22761194029850745,0.366412213740458,0.3083300666666667
694671,SI,Sinker,Fastball,341,0.11920529801324503,0.4473684210526316,0.36911861904761906
694671,SL,Slider,Breaking,262,0.2421875,0.603448275862069,0.38975018461538463
694671,CH,Changeup,Offspeed,205,0.37755102040816324,0.3333333333333333,0.25765536363636365
694671,ST,Sweeper,Breaking,176,0.29545454545454547,0.23333333333333334,0.21644460606060603
694671,FC,Cutter,Fastball,160,0.26744186046511625,0.38095238095238093,0.31374254545454544
694671,CU,Curveball,Breaking,83,0.2903225806451613,0.42857142857142855,0.3807765882352941
694671,FS,Splitter,Offspeed,41,0.5789473684210527,0.7272727272727273,0.2161818181818182
694673,FF,4-Seam FB,Fastball,169,0.22105263157894736,0.4878048780487805,0.3637268372093023
694673,SI,Sinker,Fastball,73,0.03225806451612903,0.16666666666666666,0.24403215384615384
694673,SL,Slider,Breaking,69,0.2682926829268293,0.3333333333333333,0.2637777777777778
694673,CH,Changeup,Offspeed,63,0.3225806451612903,0.4666666666666667,0.3164666666666667
694673,FC,Cutter,Fastball,52,0.19230769230769232,0.0,0.12162499999999998
694673,ST,Sweeper,Breaking,49,0.17391304347826086,0.4444444444444444,0.2204418
694673,FS,Splitter,Offspeed,46,0.3076923076923077,0.18181818181818182,0.1862015
694673,CU,Curveball,Breaking,34,0.4,0.0,0.082625
694728,FF,4-Seam FB,Fastball,342,0.38235294117647056,0.38235294117647056,0.3320102972972973
694728,SI,Sinker,Fastball,167,0.22666666666666666,0.5897435897435898,0.3380388837209302
694728,SL,Slider,Breaking,142,0.40625,0.1724137931034483,0.1795472666666667
694728,ST,Sweeper,Breaking,94,0.34210526315789475,0.4,0.229463625
694728,CH,Changeup,Offspeed,91,0.4772727272727273,0.125,0.11201672
694728,CU,Curveball,Breaking,77,0.47368421052631576,0.16666666666666666,0.11416666666666668
694728,FC,Cutter,Fastball,76,0.23076923076923078,0.55,0.38500000000000006
694728,FS,Splitter,Offspeed,27,0.5,0.0,0.030900000000000004
694876,FF,4-Seam FB,Fastball,32,0.14285714285714285,0.0,0.299322
695020,FF,4-Seam FB,Fastball,57,0.3448275862068966,0.23076923076923078,0.33602985714285716
695238,FF,4-Seam FB,Fastball,74,0.1,0.25,0.3941948888888889
695257,FF,4-Seam FB,Fastball,80,0.44,0.3157894736842105,0.181
695257,SI,Sinker,Fastball,33,0.0,0.14285714285714285,0.24788360000000004
695257,CH,Changeup,Offspeed,28,0.0,0.1,0.06528571428571428
695257,SL,Slider,Breaking,26,0.3333333333333333,0.42857142857142855,0.30242075
695257,ST,Sweeper,Breaking,25,0.375,0.09090909090909091,0.035800000000000005
695336,FF,4-Seam FB,Fastball,265,0.2923076923076923,0.3617021276595745,0.25230179999999996
695336,SI,Sinker,Fastball,119,0.07142857142857142,0.4444444444444444,0.4297890303030303
695336,SL,Slider,Breaking,82,0.3111111111111111,0.3,0.3128294285714286
695336,ST,Sweeper,Breaking,63,0.2702702702702703,0.2777777777777778,0.29084811764705887
695336,FC,Cutter,Fastball,56,0.3333333333333333,0.4166666666666667,0.33141666666666664
695336,CU,Curveball,Breaking,52,0.4482758620689655,0.6923076923076923,0.2331727142857143
695336,CH,Changeup,Offspeed,43,0.30434782608695654,0.21428571428571427,0.32931072727272725
695391,FF,4-Seam FB,Fastball,51,0.3,0.2727272727272727,0.229372
695391,SL,Slider,Breaking,27,0.26666666666666666,0.3333333333333333,0.28598036363636364
695490,FF,4-Seam FB,Fastball,176,0.1388888888888889,0.2978723404255319,0.3640374693877551
695490,CH,Changeup,Offspeed,95,0.3492063492063492,0.3448275862068966,0.2975863571428571
695490,CU,Curveball,Breaking,70,0.42857142857142855,0.14285714285714285,0.1004
695490,SI,Sinker,Fastball,67,0.14705882352941177,0.13333333333333333,0.29298975
695490,SL,Slider,Breaking,64,0.39473684210526316,0.13333333333333333,0.19893333333333332
695490,FC,Cutter,Fastball,39,0.25,0.14285714285714285,0.2656426666666667
695490,ST,Sweeper,Breaking,30,0.47058823529411764,0.3333333333333333,0.3987464
695491,FF,4-Seam FB,Fastball,90,0.4230769230769231,0.6333333333333333,0.25799324999999995
695491,SI,Sinker,Fastball,84,0.23404255319148937,0.2857142857142857,0.3638601739130435
695491,ST,Sweeper,Breaking,66,0.41935483870967744,0.2222222222222222,0.24134399999999998
695491,SL,Slider,Breaking,55,0.3125,0.8,0.413088625
695491,CH,Changeup,Offspeed,51,0.40625,0.5,0.20074999999999998
695506,FF,4-Seam FB,Fastball,479,0.27106227106227104,0.5476190476190477,0.4041234452554745
695506,SI,Sinker,Fastball,295,0.20689655172413793,0.3088235294117647,0.31981583999999996
695506,CH,Changeup,Offspeed,256,0.2962962962962963,0.4852941176470588,0.3345808767123288
695506,SL,Slider,Breaking,240,0.39855072463768115,0.7611940298507462,0.4542210724637681
695506,ST,Sweeper,Breaking,185,0.34951456310679613,0.4166666666666667,0.2895343921568627
695506,CU,Curveball,Breaking,184,0.3522727272727273,0.358974358974359,0.31966045
695506,FC,Cutter,Fastball,161,0.18681318681318682,0.4,0.32799609523809525
695506,FS,Splitter,Offspeed,83,0.3469387755102041,0.4090909090909091,0.26281818181818184
695506,KC,Knuckle-Curve,Breaking,39,0.32,0.5333333333333333,0.367088625
695508,FF,4-Seam FB,Fastball,93,0.35555555555555557,0.3888888888888889,0.1808487272727273
695508,SI,Sinker,Fastball,40,0.2,0.5714285714285714,0.2173333333333333
695508,SL,Slider,Breaking,39,0.5333333333333333,0.125,0.29119822222222225
695508,CH,Changeup,Offspeed,27,0.15384615384615385,0.4444444444444444,0.2561111111111111
695578,FF,4-Seam FB,Fastball,668,0.18326693227091634,0.6666666666666666,0.4754411645569621
695578,SI,Sinker,Fastball,424,0.13636363636363635,0.5,0.4510772
695578,SL,Slider,Breaking,386,0.436241610738255,0.7142857142857143,0.4403594324324325
695578,CH,Changeup,Offspeed,344,0.35294117647058826,0.3275862068965517,0.3406280277777778
695578,CU,Curveball,Breaking,244,0.45588235294117646,0.23255813953488372,0.25811846808510636
695578,ST,Sweeper,Breaking,240,0.38235294117647056,0.3898305084745763,0.36575188235294115
695578,FC,Cutter,Fastball,189,0.2988505747126437,0.4857142857142857,0.4135044102564102
695578,FS,Splitter,Offspeed,94,0.5428571428571428,0.07142857142857142,0.24942725
695578,KC,Knuckle-Curve,Breaking,48,0.5,0.0,0.162887
695600,FF,4-Seam FB,Fastball,853,0.3333333333333333,0.38926174496644295,0.2864913333333333
695600,SI,Sinker,Fastball,336,0.17424242424242425,0.45569620253164556,0.32704075862068965
695600,SL,Slider,Breaking,300,0.34782608695652173,0.44,0.35569560493827157
695600,CH,Changeup,Offspeed,248,0.24074074074074073,0.3684210526315789,0.33884200000000003
695600,ST,Sweeper,Breaking,213,0.3069306930693069,0.2982456140350877,0.1846042333333333
695600,FC,Cutter,Fastball,177,0.3488372093023256,0.8571428571428571,0.44750464864864864
695600,CU,Curveball,Breaking,164,0.26229508196721313,0.4,0.3038633846153846
695600,FS,Splitter,Offspeed,115,0.23529411764705882,0.7619047619047619,0.3662566153846154
695600,KC,Knuckle-Curve,Breaking,49,0.37037037037037035,0.5333333333333333,0.25443635294117645
695657,FF,4-Seam FB,Fastball,914,0.33403805496828753,0.31627906976744186,0.25233505627705627
695657,SL,Slider,Breaking,358,0.4787234042553192,0.375,0.2676492658227848
695657,SI,Sinker,Fastball,353,0.3027027027027027,0.5057471264367817,0.37039523711340205
695657,CH,Changeup,Offspeed,245,0.424,0.4482758620689655,0.2918659322033898
695657,ST,Sweeper,Breaking,220,0.46464646464646464,0.0625,0.22413796296296298
695657,CU,Curveball,Breaking,151,0.4393939393939394,0.3181818181818182,0.23665766666666666
695657,FC,Cutter,Fastball,135,0.2948717948717949,1.0,0.5618114736842105
695657,FS,Splitter,Offspeed,66,0.34210526315789475,0.5909090909090909,0.3707015
695657,KC,Knuckle-Curve,Breaking,41,0.42105263157894735,0.6666666666666666,0.3371111111111111
695670,FF,4-Seam FB,Fastball,183,0.2413793103448276,0.28125,0.37078140909090906
695670,SI,Sinker,Fastball,95,0.14285714285714285,0.2222222222222222,0.23360094736842107
695670,SL,Slider,Breaking,86,0.25,0.21428571428571427,0.24129453333333337
695670,CH,Changeup,Offspeed,44,0.30434782608695654,0.25,0.143375
695670,CU,Curveball,Breaking,36,0.5384615384615384,0.3,0.2004016363636363
695670,ST,Sweeper,Breaking,30,0.125,1.6,0.6260696666666666
695681,FF,4-Seam FB,Fastball,231,0.25396825396825395,0.23529411764705882,0.26019403636363636
695681,SI,Sinker,Fastball,71,0.2647058823529412,0.2857142857142857,0.3470557333333334
695681,ST,Sweeper,Breaking,64,0.5,0.35294117647058826,0.185
695681,SL,Slider,Breaking,63,0.42857142857142855,0.0625,0.16562500000000002
695681,CH,Changeup,Offspeed,45,0.5833333333333334,0.0,0.08360128571428571
695681,FC,Cutter,Fastball,29,0.14285714285714285,1.0,0.4003545
695681,CU,Curveball,Breaking,27,0.38461538461538464,0.3333333333333333,0.15833333333333333
695720,SI,Sinker,Fastball,174,0.16129032258064516,0.32608695652173914,0.2610308260869565
695720,FF,4-Seam FB,Fastball,170,0.15625,0.36363636363636365,0.4023519111111111
695720,SL,Slider,Breaking,103,0.36,0.4,0.33828
695720,CH,Changeup,Offspeed,73,0.2826086956521739,0.44,0.1776086956521739
695720,FC,Cutter,Fastball,65,0.23333333333333334,0.35714285714285715,0.3749552307692308
695720,ST,Sweeper,Breaking,65,0.3684210526315789,0.05555555555555555,0.16358823529411762
695720,CU,Curveball,Breaking,32,0.2222222222222222,0.14285714285714285,0.102
695731,FF,4-Seam FB,Fastball,336,0.23728813559322035,0.525,0.4132964693877551
695731,CH,Changeup,Offspeed,240,0.3333333333333333,0.23728813559322035,0.22647183870967744
695731,SI,Sinker,Fastball,206,0.29,0.3939393939393939,0.27309815
695731,SL,Slider,Breaking,155,0.3614457831325301,0.32432432432432434,0.28217528205128206
695731,FC,Cutter,Fastball,121,0.28169014084507044,0.38235294117647056,0.39672086486486485
695731,CU,Curveball,Breaking,112,0.2682926829268293,0.25,0.28456750000000003
695731,FS,Splitter,Offspeed,84,0.425531914893617,0.12,0.22988
695731,ST,Sweeper,Breaking,77,0.22580645161290322,0.14285714285714285,0.41175666666666666
695734,FF,4-Seam FB,Fastball,801,0.24553571428571427,0.425,0.32629984
695734,CH,Changeup,Offspeed,307,0.25280898876404495,0.3333333333333333,0.2958162156862745
695734,SL,Slider,Breaking,303,0.2833333333333333,0.45161290322580644,0.26718754347826085
695734,SI,Sinker,Fastball,287,0.12101910828025478,0.39436619718309857,0.400499641025641
695734,ST,Sweeper,Breaking,201,0.22772277227722773,0.41304347826086957,0.3388090833333333
695734,FC,Cutter,Fastball,193,0.20833333333333334,0.5333333333333333,0.38400183673469396
695734,CU,Curveball,Breaking,167,0.25675675675675674,0.475,0.3555662857142857
695734,FS,Splitter,Offspeed,101,0.3442622950819672,0.42857142857142855,0.24514705882352944
695734,KC,Knuckle-Curve,Breaking,27,0.2727272727272727,0.5714285714285714,0.3045714285714286
695734,SV,Slurve,Breaking,25,0.23076923076923078,0.875,0.35475
696030,FF,4-Seam FB,Fastball,342,0.18493150684931506,0.19298245614035087,0.3372665454545455
696030,SI,Sinker,Fastball,120,0.14,0.4074074074074074,0.28605765517241377
696030,CH,Changeup,Offspeed,109,0.12121212121212122,0.36363636363636365,0.23467115555555557
696030,SL,Slider,Breaking,81,0.22916666666666666,0.25,0.33069164285714286
696030,FC,Cutter,Fastball,63,0.05263157894736842,0.45454545454545453,0.35541828571428574
696030,CU,Curveball,Breaking,56,0.2,0.5,0.39037977777777777
696030,ST,Sweeper,Breaking,47,0.36,0.23076923076923078,0.27303215384615387
696100,FF,4-Seam FB,Fastball,692,0.2971576227390181,0.49673202614379086,0.3383106707317073
696100,SI,Sinker,Fastball,299,0.1875,0.8108108108108109,0.44889709090909086
696100,SL,Slider,Breaking,298,0.39520958083832336,0.691358024691358,0.32482526829268293
696100,ST,Sweeper,Breaking,246,0.45588235294117646,0.3387096774193548,0.2114036875
696100,CH,Changeup,Offspeed,227,0.3969465648854962,0.37735849056603776,0.25693372881355936
696100,CU,Curveball,Breaking,156,0.42105263157894735,0.48717948717948717,0.2680209
696100,FC,Cutter,Fastball,124,0.25,0.6333333333333333,0.3969294545454546
696100,FS,Splitter,Offspeed,46,0.34782608695652173,0.15384615384615385,0.21395523076923076
696100,KC,Knuckle-Curve,Breaking,38,0.5882352941176471,0.5,0.11480000000000001
696135,FF,4-Seam FB,Fastball,110,0.3793103448275862,0.5454545454545454,0.34139531428571435
696135,SL,Slider,Breaking,61,0.2857142857142857,0.3125,0.2234375
696135,FC,Cutter,Fastball,39,0.34615384615384615,0.0,0.06055555555555556
696135,CH,Changeup,Offspeed,35,0.625,0.0,0.0315
696135,SI,Sinker,Fastball,31,0.06666666666666667,0.25,0.21691666666666667
696285,FF,4-Seam FB,Fastball,497,0.17435897435897435,0.49557522123893805,0.3834565736434108
696285,SI,Sinker,Fastball,389,0.09302325581395349,0.33653846153846156,0.2886791818181818
696285,SL,Slider,Breaking,245,0.29310344827586204,0.25396825396825395,0.28974047058823527
696285,ST,Sweeper,Breaking,183,0.30666666666666664,0.2558139534883721,0.23842832558139537
696285,CH,Changeup,Offspeed,163,0.29411764705882354,0.37142857142857144,0.28185902702702703
696285,FC,Cutter,Fastball,137,0.22857142857142856,0.4838709677419355,0.3854311428571428
696285,CU,Curveball,Breaking,80,0.25,0.5,0.278026125
696285,FS,Splitter,Offspeed,36,0.375,0.45454545454545453,0.2675834545454545
699013,FF,4-Seam FB,Fastball,361,0.46875,0.5555555555555556,0.32606028260869563
699013,SI,Sinker,Fastball,253,0.24074074074074073,0.7368421052631579,0.42037102040816327
699013,CH,Changeup,Offspeed,139,0.5245901639344263,0.11764705882352941,0.1854125641025641
699013,SL,Slider,Breaking,137,0.39622641509433965,0.7096774193548387,0.45133143589743585
699013,ST,Sweeper,Breaking,126,0.4186046511627907,0.2608695652173913,0.24865026666666667
699013,FC,Cutter,Fastball,97,0.34146341463414637,0.7333333333333333,0.390401125
699013,CU,Curveball,Breaking,70,0.36363636363636365,0.16666666666666666,0.15491685714285713
699013,FS,Splitter,Offspeed,46,0.5,0.0,0.15634542857142858
699024,FF,4-Seam FB,Fastball,113,0.12727272727272726,0.5833333333333334,0.31583778947368424
699024,CU,Curveball,Breaking,49,0.375,0.42857142857142855,0.55480225
699024,SI,Sinker,Fastball,40,0.0625,0.375,0.4472686666666667
699024,SL,Slider,Breaking,36,0.5,0.6666666666666666,0.3525
699024,CH,Changeup,Offspeed,31,0.2857142857142857,0.2222222222222222,0.3349418
699024,ST,Sweeper,Breaking,27,0.3,0.0,0.128
699115,FF,4-Seam FB,Fastball,36,0.2222222222222222,0.16666666666666666,0.13675
699302,FF,4-Seam FB,Fastball,135,0.27631578947368424,0.25,0.15696576470588236
699302,SI,Sinker,Fastball,91,0.13333333333333333,0.5,0.35393121739130434
699302,CH,Changeup,Offspeed,80,0.3673469387755102,0.2608695652173913,0.2960174166666667
699302,CU,Curveball,Breaking,57,0.27586206896551724,0.07142857142857142,0.09609453333333332
699302,SL,Slider,Breaking,49,0.3103448275862069,0.14285714285714285,0.20085714285714287
699302,FC,Cutter,Fastball,30,0.1875,1.25,0.6063783999999999
699393,FF,4-Seam FB,Fastball,320,0.18497109826589594,0.42105263157894735,0.2939970975609756
699393,CH,Changeup,Offspeed,141,0.23684210526315788,0.4,0.2079185909090909
699393,SI,Sinker,Fastball,121,0.1320754716981132,0.3235294117647059,0.29049335135135135
699393,CU,Curveball,Breaking,95,0.5333333333333333,0.16666666666666666,0.14472046153846152
699393,SL,Slider,Breaking,80,0.11904761904761904,0.43478260869565216,0.3008571428571428
699393,ST,Sweeper,Breaking,74,0.1590909090909091,0.38095238095238093,0.2739047619047619
699393,FC,Cutter,Fastball,60,0.08333333333333333,0.7272727272727273,0.38125000000000003
699393,FS,Splitter,Offspeed,55,0.4,0.14285714285714285,0.35787927272727277
699625,FF,4-Seam FB,Fastball,188,0.23232323232323232,0.35294117647058826,0.3050176071428572
699625,CH,Changeup,Offspeed,87,0.5531914893617021,0.23529411764705882,0.25014179999999997
699625,CU,Curveball,Breaking,64,0.43478260869565216,0.0,0.09924414285714286
699625,SI,Sinker,Fastball,61,0.2413793103448276,0.07692307692307693,0.432953375
699625,SL,Slider,Breaking,59,0.5172413793103449,0.5833333333333334,0.28564353846153845
699625,FC,Cutter,Fastball,51,0.25,0.21428571428571427,0.24438461538461537
699625,ST,Sweeper,Breaking,35,0.23076923076923078,1.25,0.4679732
699912,FF,4-Seam FB,Fastball,182,0.2,0.3111111111111111,0.32422179999999995
699912,SI,Sinker,Fastball,178,0.08333333333333333,0.3488372093023256,0.3001685416666667
699912,SL,Slider,Breaking,137,0.15714285714285714,0.2619047619047619,0.24430952380952378
699912,CH,Changeup,Offspeed,99,0.44680851063829785,0.19047619047619047,0.13471428571428573
699912,FC,Cutter,Fastball,80,0.18181818181818182,0.6923076923076923,0.38058559999999997
699912,ST,Sweeper,Breaking,80,0.42424242424242425,0.5,0.31311111111111106
699912,CU,Curveball,Breaking,46,0.48148148148148145,0.5714285714285714,0.35957142857142854
699912,FS,Splitter,Offspeed,27,0.5454545454545454,0.0,0.08633333333333333
700246,FF,4-Seam FB,Fastball,43,0.20833333333333334,0.1111111111111111,0.3243836
700246,SI,Sinker,Fastball,42,0.13043478260869565,0.3,0.2365
700246,SL,Slider,Breaking,33,0.5,0.1,0.1298
700246,ST,Sweeper,Breaking,25,0.5384615384615384,0.6666666666666666,0.37539999999999996
700250,FF,4-Seam FB,Fastball,579,0.2,0.8359375,0.47673902816901403
700250,SI,Sinker,Fastball,478,0.14285714285714285,0.509090909090909,0.39604972580645165
700250,SL,Slider,Breaking,390,0.35,0.5308641975308642,0.35318791578947367
700250,CH,Changeup,Offspeed,319,0.2676056338028169,0.4657534246575342,0.3450601066666667
700250,ST,Sweeper,Breaking,269,0.2403846153846154,0.28888888888888886,0.3305168076923077
700250,FC,Cutter,Fastball,229,0.18584070796460178,0.4067796610169492,0.3719815223880597
700250,CU,Curveball,Breaking,226,0.35,0.4166666666666667,0.33813829090909087
700250,FS,Splitter,Offspeed,129,0.44642857142857145,0.25925925925925924,0.22283049999999996
700250,KC,Knuckle-Curve,Breaking,42,0.46153846153846156,1.0,0.2888337142857143
700337,FF,4-Seam FB,Fastball,375,0.28431372549019607,0.2222222222222222,0.293953
700337,SI,Sinker,Fastball,147,0.0684931506849315,0.2571428571428571,0.25073263414634145
700337,CH,Changeup,Offspeed,120,0.17307692307692307,0.2777777777777778,0.28752458823529414
700337,SL,Slider,Breaking,72,0.22580645161290322,0.375,0.42546833333333334
700337,FC,Cutter,Fastball,57,0.1875,0.2857142857142857,0.37452240000000003
700337,CU,Curveball,Breaking,49,0.3333333333333333,0.625,0.1785
700337,ST,Sweeper,Breaking,41,0.2631578947368421,0.0,0.17194236363636364
700337,FS,Splitter,Offspeed,27,0.14285714285714285,0.1111111111111111,0.1713
700932,FF,4-Seam FB,Fastball,492,0.264,0.43,0.3223185384615385
700932,SI,Sinker,Fastball,193,0.21686746987951808,0.5,0.4861832
700932,SL,Slider,Breaking,191,0.4673913043478261,0.425531914893617,0.23960639215686277
700932,CH,Changeup,Offspeed,175,0.3522727272727273,0.13333333333333333,0.22519576744186046
700932,FC,Cutter,Fastball,155,0.27631578947368424,0.5185185185185185,0.27028406250000003
700932,ST,Sweeper,Breaking,142,0.35,0.25925925925925924,0.29852214285714285
700932,CU,Curveball,Breaking,91,0.12,0.14285714285714285,0.2701264705882353
700932,FS,Splitter,Offspeed,53,0.4,0.3125,0.13099999999999998
700932,KC,Knuckle-Curve,Breaking,35,0.25,1.1666666666666667,0.229774
701162,FF,4-Seam FB,Fastball,173,0.21052631578947367,0.3142857142857143,0.3803343181818182
701162,CH,Changeup,Offspeed,82,0.5294117647058824,0.5833333333333334,0.2053076923076923
701162,SL,Slider,Breaking,73,0.2619047619047619,0.43478260869565216,0.2144515
701162,SI,Sinker,Fastball,64,0.034482758620689655,0.47058823529411764,0.3624101
701162,FC,Cutter,Fastball,50,0.2,0.25,0.3840169333333333
701162,CU,Curveball,Breaking,34,0.3333333333333333,1.25,0.42248359999999996
701162,ST,Sweeper,Breaking,30,0.4,0.1111111111111111,0.22184180000000003
701305,FF,4-Seam FB,Fastball,142,0.4189189189189189,0.5,0.2922929714285714
701305,SL,Slider,Breaking,40,0.5454545454545454,0.0,0.03638461538461538
701305,SI,Sinker,Fastball,38,0.058823529411764705,0.4,0.3407363333333333
701305,ST,Sweeper,Breaking,38,0.2,0.0,0.16068359999999998
701350,FF,4-Seam FB,Fastball,271,0.17757009345794392,0.3888888888888889,0.42416110344827584
701350,SI,Sinker,Fastball,170,0.16923076923076924,0.41025641025641024,0.3476611363636363
701350,SL,Slider,Breaking,123,0.3958333333333333,0.3448275862068966,0.29224180000000005
701350,CH,Changeup,Offspeed,116,0.4166666666666667,0.3333333333333333,0.22889089655172415
701350,CU,Curveball,Breaking,81,0.5,0.14285714285714285,0.28521252631578947
701350,ST,Sweeper,Breaking,80,0.38235294117647056,0.29411764705882354,0.29187977777777774
701350,FC,Cutter,Fastball,50,0.1111111111111111,0.9333333333333333,0.4922142857142857
701350,FS,Splitter,Offspeed,44,0.5263157894736842,0.1,0.2392418
701350,KC,Knuckle-Curve,Breaking,25,0.09090909090909091,0.14285714285714285,0.32167724999999997
701358,FF,4-Seam FB,Fastball,579,0.23417721518987342,0.45384615384615384,0.3250175277777778
701358,SI,Sinker,Fastball,457,0.1225296442687747,0.31007751937984496,0.34198437956204375
701358,SL,Slider,Breaking,329,0.35294117647058826,0.5689655172413793,0.4008985625
701358,ST,Sweeper,Breaking,279,0.5084745762711864,0.32075471698113206,0.1945769230769231
701358,CH,Changeup,Offspeed,218,0.49504950495049505,0.2727272727272727,0.21594544827586207
701358,FC,Cutter,Fastball,176,0.27184466019417475,0.2894736842105263,0.38083814285714285
701358,CU,Curveball,Breaking,158,0.1875,0.3076923076923077,0.31202985714285714
701358,FS,Splitter,Offspeed,66,0.4117647058823529,0.65,0.3316112380952381
701358,KC,Knuckle-Curve,Breaking,32,0.625,0.25,0.22381844444444443
701398,FF,4-Seam FB,Fastball,687,0.34464751958224543,0.5483870967741935,0.3488308457142857
701398,SI,Sinker,Fastball,578,0.18861209964412812,0.4782608695652174,0.3983253333333333
701398,SL,Slider,Breaking,419,0.2727272727272727,0.40476190476190477,0.2999859782608696
701398,ST,Sweeper,Breaking,353,0.2654320987654321,0.4024390243902439,0.30569651851851853
701398,CH,Changeup,Offspeed,231,0.27450980392156865,0.39215686274509803,0.3165454814814815
701398,CU,Curveball,Breaking,200,0.20689655172413793,0.47368421052631576,0.31445502702702705
701398,FC,Cutter,Fastball,185,0.30526315789473685,0.5641025641025641,0.40197015384615387
701398,FS,Splitter,Offspeed,66,0.325,0.5,0.3759280909090909
701398,KC,Knuckle-Curve,Breaking,29,0.13333333333333333,0.375,0.14885714285714285
701398,SV,Slurve,Breaking,28,0.2,0.2857142857142857,0.37483333333333335
701538,FF,4-Seam FB,Fastball,911,0.30332681017612523,0.4230769230769231,0.3577686636363636
701538,CH,Changeup,Offspeed,318,0.2711864406779661,0.3855421686746988,0.29971367816091954
701538,SI,Sinker,Fastball,306,0.10429447852760736,0.527027027027027,0.4040564155844156
701538,SL,Slider,Breaking,293,0.3063583815028902,0.4861111111111111,0.32294372972972973
701538,FC,Cutter,Fastball,221,0.3282442748091603,0.5111111111111111,0.40975730434782603
701538,ST,Sweeper,Breaking,168,0.3010752688172043,0.2894736842105263,0.3083521025641026
701538,CU,Curveball,Breaking,165,0.24719101123595505,0.5777777777777777,0.34869170833333335
701538,FS,Splitter,Offspeed,124,0.2535211267605634,0.22857142857142856,0.2926976571428571
701538,KC,Knuckle-Curve,Breaking,42,0.43333333333333335,0.1875,0.2236875
701675,FF,4-Seam FB,Fastball,688,0.19948849104859334,0.3140495867768595,0.28904909230769227
701675,CH,Changeup,Offspeed,244,0.2483221476510067,0.43902439024390244,0.2967656585365854
701675,SI,Sinker,Fastball,237,0.11570247933884298,0.26666666666666666,0.3256257611940298
701675,SL,Slider,Breaking,186,0.15789473684210525,0.4166666666666667,0.28932932258064514
701675,CU,Curveball,Breaking,135,0.1774193548387097,0.45,0.25910915
701675,ST,Sweeper,Breaking,115,0.3076923076923077,0.25,0.18972316129032255
701675,FC,Cutter,Fastball,95,0.20689655172413793,0.9411764705882353,0.3734601000000001
701675,FS,Splitter,Offspeed,68,0.20454545454545456,0.2777777777777778,0.27222222222222225
701678,FF,4-Seam FB,Fastball,433,0.2562814070351759,0.5934065934065934,0.3675047636363636
701678,SL,Slider,Breaking,209,0.36,0.375,0.2356667692307692
701678,SI,Sinker,Fastball,202,0.20930232558139536,0.3488372093023256,0.32687774468085107
701678,FC,Cutter,Fastball,141,0.32857142857142857,0.23684210526315788,0.22878947368421051
701678,CH,Changeup,Offspeed,124,0.27692307692307694,0.3333333333333333,0.2662181764705882
701678,ST,Sweeper,Breaking,108,0.1568627450980392,0.5333333333333333,0.3265941290322581
701678,CU,Curveball,Breaking,74,0.14705882352941177,0.42105263157894735,0.3415
701762,FF,4-Seam FB,Fastball,568,0.36693548387096775,0.5445544554455446,0.4294950236220472
701762,SI,Sinker,Fastball,344,0.2389937106918239,0.3815789473684211,0.3304793882352941
701762,SL,Slider,Breaking,268,0.40186915887850466,0.5882352941176471,0.38708491803278694
701762,CH,Changeup,Offspeed,246,0.3854166666666667,0.23255813953488372,0.3010696666666666
701762,ST,Sweeper,Breaking,145,0.4074074074074074,0.6785714285714286,0.3648206666666667
701762,FC,Cutter,Fastball,135,0.36363636363636365,0.36363636363636365,0.4093305925925926
701762,FS,Splitter,Offspeed,96,0.5652173913043478,0.5833333333333334,0.32295523076923077
701762,CU,Curveball,Breaking,72,0.41935483870967744,0.15384615384615385,0.18
701785,FF,4-Seam FB,Fastball,119,0.18181818181818182,0.5517241379310345,0.3214717575757576
701785,SL,Slider,Breaking,59,0.17857142857142858,0.36363636363636365,0.3341181666666666
701785,CH,Changeup,Offspeed,57,0.358974358974359,0.375,0.1903125
701785,SI,Sinker,Fastball,57,0.1111111111111111,0.5555555555555556,0.3620866
701785,ST,Sweeper,Breaking,51,0.4,0.16666666666666666,0.2965373333333333
701785,FC,Cutter,Fastball,42,0.16666666666666666,0.2222222222222222,0.29255555555555557
701785,CU,Curveball,Breaking,34,0.5882352941176471,0.125,0.148
701785,FS,Splitter,Offspeed,30,0.2,0.42857142857142855,0.4211666666666667
701807,FF,4-Seam FB,Fastball,872,0.17073170731707318,0.5027322404371585,0.3595982448979592
701807,SI,Sinker,Fastball,489,0.16666666666666666,0.3763440860215054,0.3963806111111111
701807,SL,Slider,Breaking,306,0.20437956204379562,0.4166666666666667,0.3461975675675676
701807,CH,Changeup,Offspeed,260,0.2949640287769784,0.42857142857142855,0.28256512328767125
701807,ST,Sweeper,Breaking,199,0.32941176470588235,0.35294117647058826,0.27138524324324326
701807,CU,Curveball,Breaking,193,0.2571428571428571,0.275,0.2743969090909091
701807,FC,Cutter,Fastball,175,0.08641975308641975,0.5106382978723404,0.4369000416666666
701807,FS,Splitter,Offspeed,108,0.3559322033898305,0.3235294117647059,0.24785294117647058
701807,KC,Knuckle-Curve,Breaking,49,0.4,0.07142857142857142,0.12945842857142859
701852,FF,4-Seam FB,Fastball,268,0.28169014084507044,0.35,0.29659075362318843
701852,SL,Slider,Breaking,91,0.3488372093023256,0.14285714285714285,0.2216209
701852,CH,Changeup,Offspeed,60,0.3225806451612903,0.26666666666666666,0.38140211764705884
701852,SI,Sinker,Fastball,58,0.0,0.4375,0.4104336
701852,FC,Cutter,Fastball,49,0.2608695652173913,0.125,0.318602
701852,CU,Curveball,Breaking,34,0.5714285714285714,0.0,0.31762500000000005
701852,ST,Sweeper,Breaking,34,0.36363636363636365,0.14285714285714285,0.17917725
702176,FF,4-Seam FB,Fastball,129,0.13636363636363635,0.4482758620689655,0.363686
702176,SI,Sinker,Fastball,62,0.10714285714285714,0.21428571428571427,0.39871094736842105
702176,ST,Sweeper,Breaking,45,0.25,0.2222222222222222,0.2953797777777778
702176,CU,Curveball,Breaking,37,0.16666666666666666,0.6666666666666666,0.4286666666666667
702176,FC,Cutter,Fastball,36,0.14285714285714285,0.1111111111111111,0.3735836
702176,CH,Changeup,Offspeed,30,0.1111111111111111,0.4166666666666667,0.32491666666666663
702222,FF,4-Seam FB,Fastball,681,0.18994413407821228,0.40310077519379844,0.31101493333333335
702222,SI,Sinker,Fastball,280,0.10869565217391304,0.4,0.30164402702702703
702222,SL,Slider,Breaking,164,0.12790697674418605,0.3333333333333333,0.2806521739130435
702222,CH,Changeup,Offspeed,142,0.20481927710843373,0.35294117647058826,0.30489461224489794
702222,FC,Cutter,Fastball,142,0.2,0.19444444444444445,0.19537394594594593
702222,CU,Curveball,Breaking,107,0.2222222222222222,0.35135135135135137,0.2345248108108108
702222,ST,Sweeper,Breaking,91,0.2549019607843137,0.5185185185185185,0.24430064285714284
702222,FS,Splitter,Offspeed,66,0.20454545454545456,0.16666666666666666,0.2598237692307693
702284,FF,4-Seam FB,Fastball,810,0.17464114832535885,0.3977272727272727,0.33071836756756756
702284,SI,Sinker,Fastball,403,0.10309278350515463,0.3302752293577982,0.34219339130434784
702284,SL,Slider,Breaking,297,0.3203125,0.4714285714285714,0.3108303846153846
702284,CH,Changeup,Offspeed,252,0.23308270676691728,0.35135135135135137,0.2654029863013698
702284,FC,Cutter,Fastball,217,0.23214285714285715,0.4807692307692308,0.3412808965517241
702284,ST,Sweeper,Breaking,177,0.3116883116883117,0.3170731707317073,0.19413722727272728
702284,CU,Curveball,Breaking,118,0.10526315789473684,0.6666666666666666,0.38760807999999997
702284,FS,Splitter,Offspeed,103,0.11764705882352941,0.35714285714285715,0.26782786666666664
702284,KC,Knuckle-Curve,Breaking,34,0.13333333333333333,0.0,0.3428333333333333
702332,FF,4-Seam FB,Fastball,643,0.15120274914089346,0.4068965517241379,0.32873691666666666
702332,SI,Sinker,Fastball,504,0.07883817427385892,0.34814814814814815,0.31524448322147647
702332,SL,Slider,Breaking,332,0.25,0.323943661971831,0.25168028571428575
702332,CH,Changeup,Offspeed,212,0.3148148148148148,0.2653061224489796,0.24334299999999998
702332,ST,Sweeper,Breaking,163,0.1791044776119403,0.47619047619047616,0.22228758139534882
702332,FC,Cutter,Fastball,159,0.1411764705882353,0.47368421052631576,0.26982
702332,CU,Curveball,Breaking,87,0.13793103448275862,0.45,0.32870647619047616
702332,FS,Splitter,Offspeed,52,0.21428571428571427,0.36363636363636365,0.24803049999999996
702616,FF,4-Seam FB,Fastball,467,0.2679425837320574,0.36633663366336633,0.3148733391304347
702616,SI,Sinker,Fastball,210,0.16666666666666666,0.38461538461538464,0.29502239999999996
702616,SL,Slider,Breaking,163,0.32926829268292684,0.20588235294117646,0.26829179999999997
702616,CH,Changeup,Offspeed,158,0.2682926829268293,0.27906976744186046,0.24896404545454545
702616,CU,Curveball,Breaking,104,0.4318181818181818,0.21428571428571427,0.17142820689655172
702616,FC,Cutter,Fastball,86,0.15789473684210525,0.6111111111111112,0.39064180000000004
702616,ST,Sweeper,Breaking,75,0.21428571428571427,0.125,0.36143442105263157
702616,FS,Splitter,Offspeed,59,0.3235294117647059,0.6111111111111112,0.3302105263157895
703155,FF,4-Seam FB,Fastball,75,0.46153846153846156,0.5454545454545454,0.33798738461538463
703155,SL,Slider,Breaking,30,0.5333333333333333,0.8888888888888888,0.37533333333333335
703197,FF,4-Seam FB,Fastball,36,0.25,0.16666666666666666,0.3389171111111111
703492,FF,4-Seam FB,Fastball,58,0.4,0.0,0.2510144285714286
703492,SI,Sinker,Fastball,37,0.14285714285714285,0.42857142857142855,0.39680225
703520,FF,4-Seam FB,Fastball,236,0.13861386138613863,0.3191489361702128,0.3316890344827586
703520,SI,Sinker,Fastball,152,0.09259259259259259,0.4,0.3338834705882353
703520,SL,Slider,Breaking,66,0.2,0.6842105263157895,0.3619
703520,FC,Cutter,Fastball,58,0.07692307692307693,0.6666666666666666,0.34703215384615393
703520,CU,Curveball,Breaking,55,0.15789473684210525,0.42857142857142855,0.16
703520,CH,Changeup,Offspeed,53,0.18518518518518517,0.3888888888888889,0.23294117647058823
703520,FS,Splitter,Offspeed,32,0.3684210526315789,0.125,0.168875
703520,ST,Sweeper,Breaking,32,0.16666666666666666,0.375,0.212
703601,FF,4-Seam FB,Fastball,283,0.11764705882352941,0.47540983606557374,0.32211655882352946
703601,SI,Sinker,Fastball,118,0.07692307692307693,0.5,0.3436094871794872
703601,SL,Slider,Breaking,76,0.35135135135135137,0.6666666666666666,0.42525
703601,CH,Changeup,Offspeed,57,0.2,0.0625,0.315531
703601,FC,Cutter,Fastball,55,0.043478260869565216,0.3,0.3819863333333333
703601,ST,Sweeper,Breaking,42,0.29411764705882354,1.1,0.39667436363636366
703601,CU,Curveball,Breaking,40,0.38461538461538464,0.18181818181818182,0.1783636363636364
703607,FF,4-Seam FB,Fastball,465,0.2863247863247863,0.38235294117647056,0.3282101391304348
703607,SI,Sinker,Fastball,465,0.25,0.38738738738738737,0.29957812403100775
703607,SL,Slider,Breaking,241,0.4576271186440678,0.44,0.3549785818181818
703607,CH,Changeup,Offspeed,158,0.3972602739726027,0.4473684210526316,0.29043005
703607,ST,Sweeper,Breaking,156,0.4125,0.3023255813953488,0.2967462727272727
703607,FC,Cutter,Fastball,91,0.2641509433962264,0.46153846153846156,0.3808734
703607,CU,Curveball,Breaking,72,0.4666666666666667,0.7692307692307693,0.42198213333333334
703607,FS,Splitter,Offspeed,54,0.42857142857142855,0.3076923076923077,0.2266012857142857
800050,FF,4-Seam FB,Fastball,664,0.14375,0.6217948717948718,0.3749996627906977
800050,SI,Sinker,Fastball,324,0.043795620437956206,0.45121951219512196,0.3627835208333334
800050,CH,Changeup,Offspeed,270,0.18446601941747573,0.22413793103448276,0.2669626896551724
800050,SL,Slider,Breaking,255,0.22857142857142856,0.631578947368421,0.36513946875
800050,ST,Sweeper,Breaking,183,0.16071428571428573,0.38235294117647056,0.316346358974359
800050,FC,Cutter,Fastball,177,0.15853658536585366,0.4166666666666667,0.3472570555555555
800050,CU,Curveball,Breaking,128,0.2,0.5454545454545454,0.3147630625
800050,FS,Splitter,Offspeed,88,0.14634146341463414,0.2916666666666667,0.3650097692307692
800050,KC,Knuckle-Curve,Breaking,39,0.15384615384615385,0.25,0.27926866666666667
800325,FF,4-Seam FB,Fastball,297,0.13934426229508196,0.5094339622641509,0.37347337931034486
800325,SI,Sinker,Fastball,120,0.21153846153846154,0.15625,0.2023255625
800325,SL,Slider,Breaking,103,0.12244897959183673,0.34782608695652173,0.36752185185185177
800325,CH,Changeup,Offspeed,101,0.23684210526315788,0.21428571428571427,0.3088248421052632
800325,FC,Cutter,Fastball,75,0.1951219512195122,0.2857142857142857,0.26913433333333336
800325,CU,Curveball,Breaking,62,0.2777777777777778,0.23076923076923078,0.2236923076923077
800325,ST,Sweeper,Breaking,54,0.3181818181818182,0.0,0.036153846153846154
800325,FS,Splitter,Offspeed,38,0.11764705882352941,0.45454545454545453,0.31
800543,FF,4-Seam FB,Fastball,42,0.17647058823529413,0.875,0.5054648571428572
800543,SI,Sinker,Fastball,36,0.0,0.23076923076923078,0.3684584285714286
800543,SL,Slider,Breaking,26,0.25,0.75,0.44028360000000005
801126,FF,4-Seam FB,Fastball,123,0.33962264150943394,0.22727272727272727,0.25050032
801126,CH,Changeup,Offspeed,54,0.46153846153846156,0.15384615384615385,0.158
801126,SI,Sinker,Fastball,44,0.25,0.5,0.42077400000000004
801126,FC,Cutter,Fastball,29,0.11764705882352941,1.0,0.117
801126,CU,Curveball,Breaking,25,0.2857142857142857,0.4,0.22799999999999998
801501,FF,4-Seam FB,Fastball,59,0.05,0.1,0.2811733846153846
802139,FF,4-Seam FB,Fastball,724,0.20648967551622419,0.5325443786982249,0.41050569948186527
802139,SI,Sinker,Fastball,512,0.17674418604651163,0.23684210526315788,0.3384103582089552
802139,SL,Slider,Breaking,307,0.18803418803418803,0.2878787878787879,0.3287012857142857
802139,CH,Changeup,Offspeed,262,0.20952380952380953,0.22413793103448276,0.26845108196721307
802139,ST,Sweeper,Breaking,190,0.2608695652173913,0.35135135135135137,0.3240122857142857
802139,FC,Cutter,Fastball,174,0.21794871794871795,0.47058823529411764,0.38161082051282047
802139,CU,Curveball,Breaking,166,0.16071428571428573,0.2647058823529412,0.2520437837837838
802139,FS,Splitter,Offspeed,68,0.2727272727272727,0.29411764705882354,0.2646374117647059
802139,KC,Knuckle-Curve,Breaking,36,0.5,0.3333333333333333,0.46795679999999995
802415,FF,4-Seam FB,Fastball,736,0.042666666666666665,0.39351851851851855,0.2826510263157895
802415,SI,Sinker,Fastball,359,0.042328042328042326,0.35384615384615387,0.24679856692913388
802415,SL,Slider,Breaking,196,0.20224719101123595,0.4909090909090909,0.2783318076923077
802415,CH,Changeup,Offspeed,194,0.25510204081632654,0.21052631578947367,0.25243571929824565
802415,FC,Cutter,Fastball,152,0.14102564102564102,0.3333333333333333,0.26737890909090906
802415,ST,Sweeper,Breaking,121,0.19607843137254902,0.375,0.19603125
802415,CU,Curveball,Breaking,111,0.2647058823529412,0.38095238095238093,0.2907818095238095
802415,FS,Splitter,Offspeed,64,0.12903225806451613,0.2777777777777778,0.28257877777777773
802415,KC,Knuckle-Curve,Breaking,38,0.1,0.2222222222222222,0.24142857142857146
803011,FF,4-Seam FB,Fastball,720,0.13694267515923567,0.5208333333333334,0.38288009356725144
803011,SI,Sinker,Fastball,393,0.11515151515151516,0.43956043956043955,0.39960360747663554
803011,SL,Slider,Breaking,246,0.14655172413793102,0.23728813559322035,0.2682571746031746
803011,CH,Changeup,Offspeed,240,0.17204301075268819,0.21428571428571427,0.25752343859649124
803011,FC,Cutter,Fastball,197,0.14678899082568808,0.37735849056603776,0.31803000000000003
803011,ST,Sweeper,Breaking,129,0.20454545454545456,0.2692307692307692,0.2780191875
803011,CU,Curveball,Breaking,125,0.1724137931034483,0.3888888888888889,0.3627961818181818
803011,FS,Splitter,Offspeed,71,0.26666666666666666,0.375,0.29433537499999995
803011,KC,Knuckle-Curve,Breaking,26,0.09090909090909091,0.6666666666666666,0.4041666666666666
804606,FF,4-Seam FB,Fastball,301,0.30612244897959184,0.53125,0.3460394571428571
804606,SI,Sinker,Fastball,287,0.1702127659574468,0.45454545454545453,0.3641895135135135
804606,SL,Slider,Breaking,193,0.34234234234234234,0.32653061224489793,0.27104347826086955
804606,CH,Changeup,Offspeed,134,0.4057971014492754,0.3142857142857143,0.22192622857142855
804606,ST,Sweeper,Breaking,122,0.30158730158730157,0.23333333333333334,0.23563987096774194
804606,FC,Cutter,Fastball,115,0.22857142857142856,0.38461538461538464,0.3283986923076923
804606,CU,Curveball,Breaking,71,0.375,0.2857142857142857,0.28382786666666665
804606,FS,Splitter,Offspeed,41,0.36,0.1111111111111111,0.277625
804668,FF,4-Seam FB,Fastball,194,0.34285714285714286,0.2391304347826087,0.2927075319148936
804668,SI,Sinker,Fastball,113,0.13333333333333333,0.4,0.3499713076923077
804668,SL,Slider,Breaking,93,0.3076923076923077,0.8181818181818182,0.4997015
804668,CH,Changeup,Offspeed,71,0.4375,0.375,0.23089453333333332
804668,CU,Curveball,Breaking,54,0.36363636363636365,0.9230769230769231,0.3728155714285715
804668,FC,Cutter,Fastball,46,0.2222222222222222,0.9090909090909091,0.49395150000000004
804668,ST,Sweeper,Breaking,46,0.2222222222222222,0.16666666666666666,0.08966666666666667
805249,FF,4-Seam FB,Fastball,57,0.36666666666666664,0.125,0.351774
805249,CH,Changeup,Offspeed,31,0.29411764705882354,0.0,0.087
805249,SI,Sinker,Fastball,28,0.058823529411764705,1.3333333333333333,0.1015
805249,SL,Slider,Breaking,25,0.3,0.14285714285714285,0.34950000000000003
805300,FF,4-Seam FB,Fastball,870,0.1005586592178771,0.35294117647058826,0.31851906912442396
805300,SI,Sinker,Fastball,379,0.09774436090225563,0.20238095238095238,0.3051067307692308
805300,SL,Slider,Breaking,253,0.2796610169491525,0.23809523809523808,0.22994236923076922
805300,FC,Cutter,Fastball,227,0.09523809523809523,0.5098039215686274,0.3410253442622951
805300,CH,Changeup,Offspeed,215,0.32989690721649484,0.46808510638297873,0.33529723076923074
805300,ST,Sweeper,Breaking,155,0.36363636363636365,0.34615384615384615,0.2784995333333333
805300,CU,Curveball,Breaking,128,0.20512820512820512,0.47619047619047616,0.3618902142857143
805300,FS,Splitter,Offspeed,76,0.4857142857142857,0.55,0.3318538181818182
805300,KC,Knuckle-Curve,Breaking,32,0.2222222222222222,0.125,0.4227202
805346,FF,4-Seam FB,Fastball,34,0.4,0.4444444444444444,0.18575000000000003
805347,FF,4-Seam FB,Fastball,151,0.15,0.3793103448275862,0.3402578181818182
805347,SI,Sinker,Fastball,72,0.03225806451612903,0.05,0.33440008695652174
805347,CH,Changeup,Offspeed,54,0.27586206896551724,0.4,0.23735000000000003
805347,SL,Slider,Breaking,50,0.2222222222222222,0.2857142857142857,0.1287142857142857
805347,FC,Cutter,Fastball,47,0.18518518518518517,0.4666666666666667,0.31673333333333337
805347,ST,Sweeper,Breaking,27,0.25,0.0,0.14133333333333334
805347,CU,Curveball,Breaking,26,0.5714285714285714,0.5,0.17600000000000002
805347,FS,Splitter,Offspeed,25,0.16666666666666666,0.0,0.1062
805367,FF,4-Seam FB,Fastball,846,0.1772853185595568,0.45348837209302323,0.3371919479166667
805367,SI,Sinker,Fastball,601,0.10714285714285714,0.423728813559322,0.329778
805367,SL,Slider,Breaking,367,0.24489795918367346,0.4230769230769231,0.2550278271604938
805367,CH,Changeup,Offspeed,245,0.2992125984251969,0.41025641025641024,0.28505848101265824
805367,FC,Cutter,Fastball,227,0.19,0.4411764705882353,0.3603454285714286
805367,ST,Sweeper,Breaking,201,0.27631578947368424,0.3,0.1774576226415094
805367,CU,Curveball,Breaking,120,0.14285714285714285,0.3333333333333333,0.24383073684210527
805367,FS,Splitter,Offspeed,66,0.2631578947368421,0.65,0.2700199047619048
805367,KC,Knuckle-Curve,Breaking,34,0.23529411764705882,0.125,0.142125
805779,SI,Sinker,Fastball,319,0.06779661016949153,0.4666666666666667,0.3145649019607843
805779,FF,4-Seam FB,Fastball,306,0.17341040462427745,0.3972602739726027,0.30582894871794875
805779,SL,Slider,Breaking,175,0.18,0.23255813953488372,0.26033333333333336
805779,CH,Changeup,Offspeed,106,0.17647058823529413,0.28888888888888886,0.22021428571428572
805779,FC,Cutter,Fastball,97,0.2,0.5769230769230769,0.30315384615384616
805779,ST,Sweeper,Breaking,94,0.13333333333333333,0.3333333333333333,0.2735115862068966
805779,CU,Curveball,Breaking,52,0.08333333333333333,0.0,0.06875
805805,FF,4-Seam FB,Fastball,81,0.2682926829268293,0.5555555555555556,0.3830120952380952
805805,SL,Slider,Breaking,45,0.21052631578947367,0.2857142857142857,0.43880225000000006
805805,ST,Sweeper,Breaking,41,0.29411764705882354,0.0,0.0257
805805,CH,Changeup,Offspeed,35,0.2608695652173913,0.21428571428571427,0.2445
805805,FC,Cutter,Fastball,33,0.47058823529411764,0.8333333333333334,0.24533333333333332
805805,SI,Sinker,Fastball,32,0.13333333333333333,0.1111111111111111,0.3550168333333333
805808,FF,4-Seam FB,Fastball,829,0.10880829015544041,0.4731182795698925,0.41413534222222226
805808,SI,Sinker,Fastball,433,0.056338028169014086,0.5317460317460317,0.38959946099290776
805808,CH,Changeup,Offspeed,380,0.296969696969697,0.34146341463414637,0.28854936363636363
805808,SL,Slider,Breaking,344,0.2462686567164179,0.30303030303030304,0.2802642535211267
805808,FC,Cutter,Fastball,254,0.14655172413793102,0.391304347826087,0.4009026071428572
805808,ST,Sweeper,Breaking,228,0.2682926829268293,0.3170731707317073,0.2635454347826087
805808,CU,Curveball,Breaking,223,0.1774193548387097,0.5925925925925926,0.29182376923076925
805808,FS,Splitter,Offspeed,102,0.175,0.2608695652173913,0.31118599999999996
805808,KC,Knuckle-Curve,Breaking,46,0.125,0.625,0.311375
805811,FF,4-Seam FB,Fastball,459,0.1735159817351598,0.6862745098039216,0.465896256
805811,SL,Slider,Breaking,299,0.46956521739130436,0.4528301886792453,0.3130284193548387
805811,SI,Sinker,Fastball,295,0.12686567164179105,0.352112676056338,0.3722244444444444
805811,CH,Changeup,Offspeed,229,0.39603960396039606,0.35294117647058826,0.35853215384615383
805811,CU,Curveball,Breaking,181,0.2916666666666667,0.5,0.3206573076923077
805811,FC,Cutter,Fastball,180,0.2268041237113402,0.3111111111111111,0.21304695833333334
805811,ST,Sweeper,Breaking,129,0.36363636363636365,0.5217391304347826,0.36951343999999997
805811,KC,Knuckle-Curve,Breaking,63,0.3076923076923077,0.07692307692307693,0.23853846153846153
805811,FS,Splitter,Offspeed,55,0.5,0.3333333333333333,0.1659090909090909
805904,FF,4-Seam FB,Fastball,94,0.5,0.30434782608695654,0.17988235294117647
805904,CH,Changeup,Offspeed,37,0.35714285714285715,1.0,0.2645
805904,SL,Slider,Breaking,34,0.42105263157894735,0.1111111111111111,0.22628571428571428
805904,FC,Cutter,Fastball,32,0.375,0.7142857142857143,0.5482
805904,ST,Sweeper,Breaking,32,0.6923076923076923,0.5555555555555556,0.16528571428571429
805904,FS,Splitter,Offspeed,25,0.6,0.0,0.051
805999,FF,4-Seam FB,Fastball,530,0.16049382716049382,0.3644859813084112,0.38812514728682174
805999,SI,Sinker,Fastball,349,0.14375,0.45054945054945056,0.32924879207920793
805999,SL,Slider,Breaking,246,0.3252032520325203,0.18181818181818182,0.25672325423728815
805999,CH,Changeup,Offspeed,225,0.36363636363636365,0.2903225806451613,0.22992609677419357
805999,ST,Sweeper,Breaking,138,0.3770491803278688,0.48484848484848486,0.3631755789473684
805999,CU,Curveball,Breaking,128,0.3409090909090909,0.4,0.18311538461538462
805999,FC,Cutter,Fastball,119,0.08771929824561403,0.6923076923076923,0.39683634482758623
805999,FS,Splitter,Offspeed,82,0.39473684210526316,0.375,0.2326875
805999,KC,Knuckle-Curve,Breaking,34,0.5,0.0,0.1722025714285714
806068,FF,4-Seam FB,Fastball,341,0.387434554973822,0.5,0.21459027397260277
806068,SI,Sinker,Fastball,157,0.20253164556962025,0.3235294117647059,0.36751009999999995
806068,SL,Slider,Breaking,103,0.4,0.20833333333333334,0.21280138461538464
806068,CH,Changeup,Offspeed,99,0.3888888888888889,0.4074074074074074,0.2318720714285714
806068,CU,Curveball,Breaking,84,0.38461538461538464,0.2777777777777778,0.1436875
806068,ST,Sweeper,Breaking,70,0.2777777777777778,0.3888888888888889,0.2470555555555556
806068,FC,Cutter,Fastball,68,0.3157894736842105,0.13636363636363635,0.23729721739130435
806068,FS,Splitter,Offspeed,39,0.14285714285714285,0.3333333333333333,0.36366666666666664
806068,KC,Knuckle-Curve,Breaking,26,0.3333333333333333,0.2,0.22190300000000004
806146,SI,Sinker,Fastball,191,0.17204301075268819,0.36538461538461536,0.26321498245614033
806146,FF,4-Seam FB,Fastball,152,0.4142857142857143,0.20833333333333334,0.2651799285714286
806146,SL,Slider,Breaking,90,0.1794871794871795,0.4782608695652174,0.2879340833333333
806146,FC,Cutter,Fastball,53,0.25,1.0,0.4572727272727273
806146,CH,Changeup,Offspeed,51,0.2727272727272727,0.09090909090909091,0.27695149999999996
806146,ST,Sweeper,Breaking,42,0.15,0.5,0.31226292307692305
806198,FF,4-Seam FB,Fastball,328,0.17880794701986755,0.375,0.29887080597014926
806198,SI,Sinker,Fastball,189,0.1794871794871795,0.2558139534883721,0.3849012173913043
806198,SL,Slider,Breaking,157,0.2676056338028169,0.46875,0.36331870588235293
806198,ST,Sweeper,Breaking,107,0.2765957446808511,0.5416666666666666,0.2697307692307692
806198,FC,Cutter,Fastball,85,0.2222222222222222,0.3333333333333333,0.27657363636363635
806198,CH,Changeup,Offspeed,77,0.1702127659574468,0.28,0.16316
806198,CU,Curveball,Breaking,64,0.17391304347826086,0.6,0.46537813333333333
806198,FS,Splitter,Offspeed,30,0.45,0.0,0.14504644444444445
806367,FF,4-Seam FB,Fastball,138,0.0967741935483871,0.3888888888888889,0.36928785714285717
806367,SI,Sinker,Fastball,114,0.06818181818181818,0.15384615384615385,0.27075400000000005
806367,SL,Slider,Breaking,61,0.2727272727272727,0.0,0.25034542857142855
806367,CH,Changeup,Offspeed,48,0.19047619047619047,0.125,0.15366666666666667
806367,CU,Curveball,Breaking,41,0.11764705882352941,0.7777777777777778,0.31033659999999996
806367,FC,Cutter,Fastball,25,0.14285714285714285,0.4,0.3719765714285715
806367,ST,Sweeper,Breaking,25,0.125,0.6666666666666666,0.5886045
806956,FF,4-Seam FB,Fastball,46,0.17857142857142858,0.8666666666666667,0.22746666666666665
807712,FF,4-Seam FB,Fastball,683,0.11392405063291139,0.5063291139240507,0.3399620786516854
807712,SI,Sinker,Fastball,425,0.10843373493975904,0.44554455445544555,0.39047570731707315
807712,SL,Slider,Breaking,333,0.26573426573426573,0.43902439024390244,0.3029282988505747
807712,ST,Sweeper,Breaking,227,0.225,0.2926829268292683,0.2281072608695652
807712,CH,Changeup,Offspeed,219,0.27835051546391754,0.24489795918367346,0.2420007169811321
807712,FC,Cutter,Fastball,212,0.11320754716981132,0.3269230769230769,0.33358906666666666
807712,CU,Curveball,Breaking,128,0.1864406779661017,0.2,0.16081045714285713
807712,FS,Splitter,Offspeed,46,0.4375,0.36363636363636365,0.2892848333333333
807712,KC,Knuckle-Curve,Breaking,30,0.0,0.3333333333333333,0.34410450000000004
807713,FF,4-Seam FB,Fastball,237,0.25,0.5789473684210527,0.32642918032786883
807713,SI,Sinker,Fastball,166,0.13513513513513514,0.3157894736842105,0.26450464864864864
807713,SL,Slider,Breaking,134,0.22807017543859648,0.5,0.39853278260869557
807713,ST,Sweeper,Breaking,93,0.16216216216216217,0.125,0.2500215294117647
807713,CH,Changeup,Offspeed,73,0.2926829268292683,0.42857142857142855,0.23701990476190476
807713,FC,Cutter,Fastball,55,0.22727272727272727,0.2857142857142857,0.41230225
807713,CU,Curveball,Breaking,52,0.16666666666666666,0.5714285714285714,0.16719514285714285
807726,FF,4-Seam FB,Fastball,104,0.22033898305084745,0.0625,0.3879045
807726,SI,Sinker,Fastball,46,0.045454545454545456,0.5454545454545454,0.4973458333333333
807726,SL,Slider,Breaking,40,0.16666666666666666,0.125,0.43917725
807726,CH,Changeup,Offspeed,33,0.5263157894736842,0.08333333333333333,0.14749254545454546
807727,FF,4-Seam FB,Fastball,124,0.2318840579710145,0.3333333333333333,0.25990531034482756
807727,SI,Sinker,Fastball,93,0.05405405405405406,0.3157894736842105,0.3042842727272727
807727,CH,Changeup,Offspeed,54,0.25925925925925924,0.29411764705882354,0.23938888888888885
807727,ST,Sweeper,Breaking,35,0.3888888888888889,0.1111111111111111,0.10482422222222221
807727,SL,Slider,Breaking,32,0.2222222222222222,0.1,0.2378
807747,FF,4-Seam FB,Fastball,41,0.13043478260869565,0.16666666666666666,0.2796666666666667
807799,FF,4-Seam FB,Fastball,396,0.062146892655367235,0.42424242424242425,0.3353296111111111
807799,SI,Sinker,Fastball,157,0.13559322033898305,0.3888888888888889,0.31985978947368426
807799,CH,Changeup,Offspeed,144,0.24615384615384617,0.4358974358974359,0.335884243902439
807799,CU,Curveball,Breaking,113,0.34146341463414637,0.25,0.16024627272727274
807799,FC,Cutter,Fastball,106,0.15384615384615385,0.42857142857142855,0.33474006666666667
807799,SL,Slider,Breaking,90,0.19444444444444445,0.47368421052631576,0.2697550588235294
807799,FS,Splitter,Offspeed,65,0.2,0.46153846153846156,0.3879890666666667
807799,ST,Sweeper,Breaking,43,0.2,0.4166666666666667,0.38310453333333333
807799,KC,Knuckle-Curve,Breaking,29,0.2857142857142857,0.125,0.22675
808959,FF,4-Seam FB,Fastball,668,0.4222972972972973,0.5524475524475524,0.38738681927710844
808959,SL,Slider,Breaking,449,0.5208333333333334,0.27380952380952384,0.2922579603960396
808959,SI,Sinker,Fastball,325,0.3253968253968254,0.48333333333333334,0.38781013888888893
808959,CH,Changeup,Offspeed,276,0.4642857142857143,0.6046511627906976,0.34626687999999994
808959,ST,Sweeper,Breaking,259,0.4423076923076923,0.30434782608695654,0.24190142307692308
808959,FC,Cutter,Fastball,166,0.29411764705882354,0.48,0.348779
808959,CU,Curveball,Breaking,147,0.26666666666666666,0.5714285714285714,0.4563136875
808959,FS,Splitter,Offspeed,69,0.5555555555555556,0.26666666666666666,0.110276125
808959,KC,Knuckle-Curve,Breaking,46,0.45454545454545453,1.3333333333333333,0.6144808571428572
808975,FF,4-Seam FB,Fastball,170,0.18666666666666668,0.4666666666666667,0.44458906666666664
808975,SI,Sinker,Fastball,103,0.23636363636363636,0.5714285714285714,0.355258
808975,CH,Changeup,Offspeed,97,0.32,0.1,0.19822786666666664
808975,SL,Slider,Breaking,66,0.27586206896551724,0.2,0.22967271428571429
808975,FC,Cutter,Fastball,44,0.2,0.5714285714285714,0.38110449999999996
808975,CU,Curveball,Breaking,40,0.25,0.36363636363636365,0.31440300000000004
808975,ST,Sweeper,Breaking,31,0.3076923076923077,0.3333333333333333,0.34833333333333333
808975,FS,Splitter,Offspeed,29,0.6,0.0,0.07533333333333332
808982,FF,4-Seam FB,Fastball,679,0.10149253731343283,0.489010989010989,0.3134102139037433
808982,SI,Sinker,Fastball,425,0.12849162011173185,0.26,0.3305204385964913
808982,SL,Slider,Breaking,311,0.174496644295302,0.38271604938271603,0.2896208333333333
808982,CH,Changeup,Offspeed,184,0.10112359550561797,0.3695652173913043,0.3164438695652174
808982,FC,Cutter,Fastball,174,0.17582417582417584,0.34146341463414637,0.3462779047619047
808982,ST,Sweeper,Breaking,149,0.09722222222222222,0.55,0.2869802325581396
808982,CU,Curveball,Breaking,140,0.12121212121212122,0.3235294117647059,0.28724051428571423
808982,FS,Splitter,Offspeed,51,0.20833333333333334,0.8,0.49329999999999996
808982,KC,Knuckle-Curve,Breaking,43,0.0625,0.7272727272727273,0.3052848333333333
810938,FF,4-Seam FB,Fastball,386,0.07692307692307693,0.34831460674157305,0.33058891304347826
810938,SL,Slider,Breaking,194,0.25925925925925924,0.3125,0.2656363636363636
810938,SI,Sinker,Fastball,173,0.0945945945945946,0.45454545454545453,0.2612868181818182
810938,FC,Cutter,Fastball,120,0.14893617021276595,0.47368421052631576,0.37619373913043475
810938,CH,Changeup,Offspeed,95,0.3,0.14285714285714285,0.2621220714285714
810938,ST,Sweeper,Breaking,93,0.43333333333333335,0.2631578947368421,0.175022
810938,CU,Curveball,Breaking,50,0.21052631578947367,0.3076923076923077,0.2927692307692308
810938,FS,Splitter,Offspeed,28,0.08333333333333333,0.5714285714285714,0.22957142857142854
811965,FF,4-Seam FB,Fastball,88,0.14,0.47619047619047616,0.3304183
811965,SL,Slider,Breaking,41,0.13636363636363635,0.8333333333333334,0.3791
811965,SI,Sinker,Fastball,31,0.07692307692307693,0.2857142857142857,0.2831666666666667
813841,FF,4-Seam FB,Fastball,238,0.4330708661417323,0.3225806451612903,0.22089747826086956
813841,SI,Sinker,Fastball,87,0.2,0.6190476190476191,0.43197354545454547
813841,SL,Slider,Breaking,57,0.42424242424242425,0.1,0.1525
813841,CH,Changeup,Offspeed,54,0.46153846153846156,0.25,0.1839069411764706
813841,ST,Sweeper,Breaking,51,0.5,0.1,0.052500000000000005
813841,FC,Cutter,Fastball,42,0.30434782608695654,0.5,0.36791685714285716
813841,CU,Curveball,Breaking,35,0.15384615384615385,0.8888888888888888,0.4201111111111111
814154,FF,4-Seam FB,Fastball,42,0.47368421052631576,0.0,0.099774
814430,FF,4-Seam FB,Fastball,105,0.2807017543859649,0.4074074074074074,0.3298564137931035
814430,CH,Changeup,Offspeed,32,0.2857142857142857,0.625,0.42692955555555556
814439,FF,4-Seam FB,Fastball,290,0.20175438596491227,0.36666666666666664,0.3727554782608696
814439,SI,Sinker,Fastball,206,0.14130434782608695,0.2765957446808511,0.34450876923076923
814439,SL,Slider,Breaking,164,0.3698630136986301,0.7837837837837838,0.3485287179487179
814439,ST,Sweeper,Breaking,160,0.49295774647887325,0.24242424242424243,0.2203358235294118
814439,CH,Changeup,Offspeed,101,0.3673469387755102,0.2727272727272727,0.1899505625
814439,FC,Cutter,Fastball,88,0.20833333333333334,0.42857142857142855,0.34874479999999997
814439,CU,Curveball,Breaking,68,0.5714285714285714,0.23076923076923078,0.12376923076923077
814439,FS,Splitter,Offspeed,43,0.6842105263157895,0.1,0.07194236363636364
815873,FF,4-Seam FB,Fastball,60,0.13513513513513514,0.42857142857142855,0.36202786666666664
815873,SL,Slider,Breaking,40,0.35294117647058826,0.0,0.23417839999999995
815873,CH,Changeup,Offspeed,37,0.4,0.16666666666666666,0.18083333333333332
815873,SI,Sinker,Fastball,36,0.20833333333333334,0.25,0.2932857142857143
815873,ST,Sweeper,Breaking,28,0.3,0.25,0.271
815873,FC,Cutter,Fastball,27,0.45454545454545453,0.0,0.21810449999999998
823550,FF,4-Seam FB,Fastball,245,0.18627450980392157,0.25,0.24957287272727272
823550,SI,Sinker,Fastball,95,0.1794871794871795,0.1111111111111111,0.21553054545454542
823550,CH,Changeup,Offspeed,86,0.25,0.15789473684210525,0.2688493333333333
823550,FC,Cutter,Fastball,54,0.20833333333333334,0.38461538461538464,0.34014087499999995
823550,SL,Slider,Breaking,54,0.3333333333333333,0.21428571428571427,0.21095842857142857
823550,ST,Sweeper,Breaking,31,0.3333333333333333,0.4,0.22479999999999997
823550,CU,Curveball,Breaking,26,0.3333333333333333,0.0,0.1778545
828599,FF,4-Seam FB,Fastball,56,0.4827586206896552,0.1,0.13058345454545453
828599,CH,Changeup,Offspeed,25,0.5833333333333334,0.0,0.11
