batter,family,pitches,whiff,slg,xwoba
457705,Breaking,126,0.46551724137931033,0.13636363636363635,0.16675
457705,Fastball,241,0.23636363636363636,0.35185185185185186,0.28423203636363636
457705,Offspeed,43,0.3888888888888889,0.3333333333333333,0.08875000000000001
467793,Fastball,91,0.21739130434782608,0.05,0.16764753846153846
467793,Offspeed,48,0.25,0.4,0.3254882857142857
500743,Breaking,249,0.24271844660194175,0.3728813559322034,0.31872412698412694
500743,Fastball,516,0.10071942446043165,0.4697986577181208,0.32167081578947365
500743,Offspeed,135,0.31746031746031744,0.2222222222222222,0.21025925925925926
502054,Fastball,58,0.28,0.16666666666666666,0.3153454285714286
502671,Breaking,503,0.2641509433962264,0.40404040404040403,0.2922348380952381
502671,Fastball,783,0.25961538461538464,0.4925373134328358,0.32013636190476186
502671,Offspeed,219,0.27835051546391754,0.3617021276595745,0.3263478846153846
506702,Breaking,41,0.21428571428571427,0.0,0.08
506702,Fastball,128,0.3116883116883117,0.14705882352941177,0.1219032258064516
514888,Breaking,718,0.275,0.3575418994413408,0.23119298876404495
514888,Fastball,1071,0.17782026768642448,0.41924398625429554,0.3009267949526813
514888,Offspeed,247,0.2631578947368421,0.38461538461538464,0.2388935925925926
516782,Breaking,175,0.32653061224489793,0.28846153846153844,0.22689969230769233
516782,Fastball,396,0.21890547263681592,0.3291139240506329,0.3243743095238095
516782,Offspeed,123,0.38461538461538464,0.375,0.28543333333333337
518595,Breaking,80,0.41025641025641024,0.3333333333333333,0.24110800000000002
518595,Fastball,204,0.2727272727272727,0.22727272727272727,0.29024263829787234
518595,Offspeed,52,0.4482758620689655,0.1875,0.1004375
518692,Breaking,848,0.2928759894459103,0.3473053892215569,0.35533762841530053
518692,Fastball,1520,0.2065613608748481,0.49852507374631266,0.3753216426666666
518692,Offspeed,401,0.19318181818181818,0.3625,0.3404188292682927
519317,Breaking,130,0.5074626865671642,0.47368421052631576,0.3125755625
519317,Fastball,242,0.30097087378640774,0.35714285714285715,0.3096749268292683
519317,Offspeed,79,0.3157894736842105,0.5,0.37193121739130425
521692,Breaking,915,0.3264033264033264,0.3037974683544304,0.24579817959183672
521692,Fastball,1140,0.20030349013657056,0.4423076923076923,0.3909679572953737
521692,Offspeed,251,0.2331288343558282,0.4605263157894737,0.2334196
542303,Breaking,381,0.41916167664670656,0.2318840579710145,0.21430400000000002
542303,Fastball,739,0.19936708860759494,0.37209302325581395,0.3460725310734463
542303,Offspeed,188,0.4634146341463415,0.19230769230769232,0.26038241379310345
543309,Breaking,315,0.38345864661654133,0.13432835820895522,0.21116229850746268
543309,Fastball,424,0.15544041450777202,0.5510204081632653,0.34550044660194174
543309,Offspeed,81,0.46153846153846156,0.5384615384615384,0.32339087499999997
543510,Breaking,205,0.4214876033057851,0.5,0.24601328813559326
543510,Fastball,309,0.1897810218978102,0.4492753623188406,0.3596908985507246
543510,Offspeed,97,0.3392857142857143,0.34782608695652173,0.15583718181818182
543760,Breaking,793,0.30294906166219837,0.1787709497206704,0.21895479144385024
543760,Fastball,1070,0.16605839416058393,0.4626865671641791,0.3520105498281787
543760,Offspeed,221,0.2830188679245283,0.3673469387755102,0.32566378181818184
543807,Breaking,634,0.29194630872483224,0.4620253164556962,0.25518948780487805
543807,Fastball,1198,0.17301038062283736,0.44313725490196076,0.3389186142857143
543807,Offspeed,258,0.352,0.3275862068965517,0.279927873015873
543877,Breaking,304,0.31654676258992803,0.1791044776119403,0.16077367164179104
543877,Fastball,675,0.15030674846625766,0.39156626506024095,0.26383008045977013
543877,Offspeed,76,0.1891891891891892,0.14285714285714285,0.19225573333333335
545121,Breaking,503,0.21161825726141079,0.37735849056603776,0.26102158823529414
545121,Fastball,925,0.0947136563876652,0.4357976653696498,0.32276651660516603
545121,Offspeed,331,0.18652849740932642,0.28431372549019607,0.26677167307692307
545341,Breaking,289,0.35251798561151076,0.5915492957746479,0.31461892105263156
545341,Fastball,598,0.15282392026578073,0.5347222222222222,0.3532048591549296
545341,Offspeed,158,0.3619047619047619,0.5535714285714286,0.3221224489795918
545361,Breaking,682,0.3817427385892116,0.371900826446281,0.2899383458646617
545361,Fastball,1757,0.19543509272467904,0.4539877300613497,0.4212049095477387
545361,Offspeed,281,0.3357142857142857,0.45454545454545453,0.32000972602739725
547180,Breaking,964,0.3774703557312253,0.45,0.35450914655172416
547180,Fastball,1283,0.2487644151565074,0.5703125,0.4217907284345047
547180,Offspeed,435,0.30357142857142855,0.3482142857142857,0.3224666666666667
553869,Breaking,298,0.38922155688622756,0.41975308641975306,0.26382217073170733
553869,Fastball,536,0.2313167259786477,0.37254901960784315,0.25955449557522126
553869,Offspeed,80,0.2777777777777778,0.375,0.29393749999999996
553993,Breaking,629,0.4823943661971831,0.362962962962963,0.25785051006711407
553993,Fastball,1193,0.25137614678899084,0.4901185770750988,0.34114355319148937
553993,Offspeed,223,0.42718446601941745,0.20454545454545456,0.17716404081632656
571448,Breaking,861,0.3086734693877551,0.3248730964467005,0.23826767772511848
571448,Fastball,1266,0.17010309278350516,0.599250936329588,0.34819895945945945
571448,Offspeed,255,0.32608695652173914,0.3787878787878788,0.24806600000000004
571657,Fastball,83,0.4444444444444444,0.16666666666666666,0.18342857142857144
571771,Breaking,112,0.375,0.3333333333333333,0.18220703225806453
571771,Fastball,149,0.16049382716049382,0.4878048780487805,0.34388159999999995
571771,Offspeed,56,0.3448275862068966,0.1,0.24321981818181818
571912,Breaking,52,0.3333333333333333,0.06666666666666667,0.19181388235294117
571912,Fastball,103,0.22448979591836735,0.25,0.17295523076923078
571970,Breaking,816,0.37142857142857144,0.410958904109589,0.26542911392405066
571970,Fastball,1069,0.17886178861788618,0.6282051282051282,0.4331036029962547
571970,Offspeed,438,0.41125541125541126,0.336283185840708,0.26598968333333334
572233,Breaking,817,0.37851662404092073,0.5026737967914439,0.26953415706806283
572233,Fastball,1407,0.23004059539918809,0.3447204968944099,0.3101993722222222
572233,Offspeed,257,0.36,0.4666666666666667,0.3140490476190476
573262,Breaking,439,0.2692307692307692,0.41935483870967744,0.2683786138613861
573262,Fastball,1032,0.22511848341232227,0.43434343434343436,0.32866896035242293
573262,Offspeed,236,0.211864406779661,0.3125,0.2963011612903226
575929,Breaking,638,0.40468227424749165,0.40714285714285714,0.3183554896551724
575929,Fastball,1173,0.22654867256637168,0.5122950819672131,0.40949888157894737
575929,Offspeed,312,0.39520958083832336,0.6533333333333333,0.3424410769230769
592206,Breaking,189,0.41284403669724773,0.4444444444444444,0.2726608837209302
592206,Fastball,252,0.24675324675324675,0.3283582089552239,0.32181054838709683
592206,Offspeed,79,0.41025641025641024,0.058823529411764705,0.176125
592450,Breaking,405,0.3611111111111111,0.45977011494252873,0.3666856129032258
592450,Fastball,632,0.2720306513409962,0.5855855855855856,0.4310972030075188
592450,Offspeed,221,0.44554455445544555,0.46808510638297873,0.35988319230769233
592518,Breaking,840,0.315,0.3149171270718232,0.2521316097560976
592518,Fastball,1493,0.203125,0.4953560371517028,0.39378174725274734
592518,Offspeed,313,0.3081761006289308,0.21518987341772153,0.25109590804597703
592626,Breaking,520,0.34913793103448276,0.45871559633027525,0.3110554655172414
592626,Fastball,935,0.2840909090909091,0.5803108808290155,0.38893001809954747
592626,Offspeed,343,0.30952380952380953,0.2988505747126437,0.27212508695652177
592663,Breaking,574,0.3062200956937799,0.4095238095238095,0.2799842857142857
592663,Fastball,1046,0.19397363465160075,0.3281853281853282,0.33548962499999996
592663,Offspeed,238,0.336,0.22448979591836735,0.2980087692307692
592885,Breaking,613,0.425,0.2867132867132867,0.23318541891891895
592885,Fastball,1282,0.22673434856175972,0.38223938223938225,0.3448333
592885,Offspeed,212,0.3076923076923077,0.6041666666666666,0.31160907692307693
593428,Breaking,783,0.3242320819112628,0.27702702702702703,0.2742445487804878
593428,Fastball,1313,0.14210526315789473,0.40809968847352024,0.36498305722070845
593428,Offspeed,277,0.40458015267175573,0.15789473684210525,0.19668314754098362
593871,Breaking,160,0.3392857142857143,0.5151515151515151,0.2778521935483871
593871,Fastball,330,0.14743589743589744,0.14666666666666667,0.24762062162162163
593871,Offspeed,145,0.3287671232876712,0.16666666666666666,0.17275430769230768
595879,Breaking,296,0.366120218579235,0.23076923076923078,0.2139160930232558
595879,Fastball,329,0.2222222222222222,0.46153846153846156,0.30497384
595879,Offspeed,101,0.31746031746031744,0.4666666666666667,0.2838075172413793
595978,Breaking,289,0.35537190082644626,0.2459016393442623,0.21044799999999997
595978,Fastball,588,0.17557251908396945,0.41044776119402987,0.30321113548387096
595978,Offspeed,72,0.3783783783783784,0.4444444444444444,0.30077777777777776
596019,Breaking,515,0.3053097345132743,0.43010752688172044,0.2897685154639175
596019,Fastball,1096,0.20874751491053678,0.4188034188034188,0.3683754942528736
596019,Offspeed,370,0.27225130890052357,0.3695652173913043,0.2713370549450549
596103,Breaking,59,0.3157894736842105,0.4,0.17114285714285712
596103,Fastball,190,0.19,0.28205128205128205,0.2663553043478261
596103,Offspeed,65,0.5714285714285714,0.13333333333333333,0.19476923076923078
596115,Breaking,330,0.36082474226804123,0.3888888888888889,0.22158337142857146
596115,Fastball,573,0.25412541254125415,0.4112903225806452,0.28706349999999997
596115,Offspeed,104,0.3968253968253968,0.2222222222222222,0.18936
596117,Breaking,74,0.4473684210526316,0.2222222222222222,0.17972741176470589
596117,Fastball,175,0.0989010989010989,0.11627906976744186,0.22367184615384617
596142,Breaking,376,0.3511450381679389,0.30434782608695654,0.26154693150684927
596142,Fastball,559,0.14795918367346939,0.5462184873949579,0.4029365655172414
596142,Offspeed,194,0.4567901234567901,0.2894736842105263,0.24608352380952378
596146,Breaking,121,0.34285714285714286,0.2777777777777778,0.2213291282051282
596146,Fastball,281,0.19117647058823528,0.36507936507936506,0.3502476811594203
596146,Offspeed,130,0.3026315789473684,0.21212121212121213,0.1685626111111111
600869,Breaking,50,0.5769230769230769,0.0,0.29842044444444443
600869,Fastball,80,0.3488372093023256,0.6875,0.11374999999999999
602104,Breaking,125,0.23214285714285715,0.5483870967741935,0.3719996111111111
602104,Fastball,232,0.20909090909090908,0.26,0.2800430769230769
602104,Offspeed,42,0.36,0.16666666666666666,0.18625000000000003
605137,Breaking,639,0.3050847457627119,0.3969465648854962,0.3128493287671233
605137,Fastball,1285,0.1827956989247312,0.4533762057877814,0.36253264477611935
605137,Offspeed,598,0.26353790613718414,0.3053435114503817,0.2818493235294118
605141,Breaking,586,0.21800947867298578,0.4224137931034483,0.29197816129032256
605141,Fastball,1159,0.05979381443298969,0.48333333333333334,0.36073211801242233
605141,Offspeed,229,0.21367521367521367,0.3548387096774194,0.3116072063492063
605170,Breaking,384,0.36619718309859156,0.4153846153846154,0.3059715733333333
605170,Fastball,853,0.12266666666666666,0.33175355450236965,0.3249501276595745
605170,Offspeed,263,0.41739130434782606,0.20967741935483872,0.236121
605244,Fastball,56,0.22580645161290322,0.23529411764705882,0.2030909090909091
606115,Breaking,80,0.16666666666666666,0.2222222222222222,0.14057142857142857
606115,Fastball,117,0.22058823529411764,0.5,0.31226492857142857
606192,Breaking,558,0.416,0.38345864661654133,0.26001201449275363
606192,Fastball,1134,0.25981308411214954,0.49377593360995853,0.36416743968871595
606192,Offspeed,295,0.41333333333333333,0.4027777777777778,0.34998882051282054
606466,Breaking,602,0.25597269624573377,0.45774647887323944,0.3432065454545455
606466,Fastball,1041,0.10609037328094302,0.4927536231884058,0.37400396644295303
606466,Offspeed,582,0.298932384341637,0.2846715328467153,0.27640534246575343
606992,Breaking,119,0.5454545454545454,0.06451612903225806,0.13376666666666667
606992,Fastball,180,0.25842696629213485,0.7105263157894737,0.38968502325581394
607043,Breaking,727,0.2796610169491525,0.44654088050314467,0.3664059764705882
607043,Fastball,1544,0.20454545454545456,0.39285714285714285,0.3366161409214092
607043,Offspeed,319,0.27167630057803466,0.3877551020408163,0.3226521030927835
607208,Breaking,944,0.3557483731019523,0.3232758620689655,0.24052659166666665
607208,Fastball,1382,0.2,0.42507645259938837,0.33692639548022596
607208,Offspeed,322,0.3850574712643678,0.3068181818181818,0.2661253953488372
608070,Breaking,618,0.1588447653429603,0.3484848484848485,0.3144797142857143
608070,Fastball,1111,0.13609467455621302,0.452914798206278,0.3492100165975104
608070,Offspeed,466,0.19047619047619047,0.3220338983050847,0.29929779032258064
608324,Breaking,997,0.2681564245810056,0.5291005291005291,0.29048958293838867
608324,Fastball,1522,0.09183673469387756,0.4419889502762431,0.33693995145631067
608324,Offspeed,248,0.21296296296296297,0.48214285714285715,0.33922768253968255
608348,Breaking,553,0.2777777777777778,0.368,0.26976365671641794
608348,Fastball,941,0.11165048543689321,0.40271493212669685,0.3449113553719008
608348,Offspeed,169,0.3522727272727273,0.4594594594594595,0.2417062105263158
608369,Breaking,517,0.39919354838709675,0.35964912280701755,0.2851844
608369,Fastball,822,0.28854625550660795,0.4433497536945813,0.36850228193832596
608369,Offspeed,269,0.3712121212121212,0.4307692307692308,0.38118317647058825
608701,Breaking,169,0.40625,0.21212121212121213,0.17901771428571428
608701,Fastball,330,0.24528301886792453,0.2631578947368421,0.2931995616438356
608701,Offspeed,85,0.3055555555555556,0.2222222222222222,0.24487977777777775
608841,Fastball,49,0.17857142857142858,0.3125,0.387174
609280,Breaking,380,0.26256983240223464,0.38823529411764707,0.262417075
609280,Fastball,475,0.11678832116788321,0.38345864661654133,0.3329413037037037
609280,Offspeed,130,0.275,0.4864864864864865,0.2320657222222222
620443,Breaking,347,0.3630573248407643,0.3023255813953488,0.19338163218390805
620443,Fastball,643,0.14516129032258066,0.48872180451127817,0.36413175510204077
620443,Offspeed,104,0.14545454545454545,0.3333333333333333,0.23345714285714284
621020,Breaking,774,0.34534534534534533,0.2887323943661972,0.23602382781456954
621020,Fastball,903,0.25054466230936817,0.48068669527896996,0.3560145384615385
621020,Offspeed,232,0.41025641025641024,0.2857142857142857,0.26258635714285716
621043,Breaking,211,0.29896907216494845,0.4772727272727273,0.35379263829787233
621043,Fastball,349,0.15333333333333332,0.410958904109589,0.38389553658536585
621043,Offspeed,64,0.3870967741935484,0.18181818181818182,0.25976527272727273
621438,Breaking,296,0.22727272727272727,0.417910447761194,0.24143548387096775
621438,Fastball,494,0.17842323651452283,0.5163934426229508,0.3203724696969697
621438,Offspeed,102,0.3064516129032258,0.5172413793103449,0.35704726666666675
621439,Breaking,493,0.356,0.4642857142857143,0.28289016528925626
621439,Fastball,778,0.2641509433962264,0.6208530805687204,0.3887248571428571
621439,Offspeed,266,0.37404580152671757,0.25925925925925924,0.29381675409836067
621493,Breaking,784,0.26639344262295084,0.176056338028169,0.25918094047619045
621493,Fastball,1519,0.16697588126159554,0.3745928338762215,0.3749022169312169
621493,Offspeed,237,0.17391304347826086,0.2830188679245283,0.2712441428571429
621550,Breaking,59,0.59375,0.26666666666666666,0.259
621550,Fastball,126,0.3150684931506849,0.06451612903225806,0.19892786666666668
621566,Breaking,890,0.3097560975609756,0.47761194029850745,0.3030552440191388
621566,Fastball,1634,0.22882427307206069,0.5338983050847458,0.37876193798449614
621566,Offspeed,410,0.26285714285714284,0.5263157894736842,0.34572407499999996
622268,Breaking,319,0.3722627737226277,0.3442622950819672,0.2447841875
622268,Fastball,481,0.1444043321299639,0.5806451612903226,0.37899913888888886
622268,Offspeed,214,0.4,0.22727272727272727,0.26687018604651164
622761,Breaking,266,0.42948717948717946,0.28,0.19514843835616438
622761,Fastball,469,0.21074380165289255,0.36538461538461536,0.33955674074074077
622761,Offspeed,138,0.4342105263157895,0.16129032258064516,0.15362068965517242
623168,Breaking,194,0.25,0.12244897959183673,0.175882625
623168,Fastball,345,0.13043478260869565,0.33783783783783783,0.29828086075949367
623168,Offspeed,156,0.25252525252525254,0.15789473684210525,0.19861367857142856
624413,Breaking,998,0.35400516795865633,0.4292929292929293,0.33481645248868774
624413,Fastball,1625,0.21566110397946084,0.5465116279069767,0.4440485625000001
624413,Offspeed,307,0.31756756756756754,0.5352112676056338,0.35760807792207794
624424,Breaking,367,0.3515625,0.5230769230769231,0.30616819178082194
624424,Fastball,637,0.18495297805642633,0.5714285714285714,0.3726116273291925
624424,Offspeed,256,0.4,0.2903225806451613,0.2790382033898305
624428,Breaking,159,0.375,0.13953488372093023,0.24567875
624428,Fastball,386,0.2019704433497537,0.4691358024691358,0.30190365
624428,Offspeed,98,0.34,0.2,0.15973419047619047
624431,Breaking,193,0.26262626262626265,0.23333333333333334,0.21963636363636363
624431,Fastball,323,0.16339869281045752,0.5060240963855421,0.2271765526315789
624431,Offspeed,69,0.22857142857142856,0.1111111111111111,0.1993125
624512,Breaking,43,0.2,0.4,0.2534836
624512,Fastball,89,0.28,0.19230769230769232,0.2504666086956522
624585,Breaking,554,0.46835443037974683,0.3474576271186441,0.2632177936507936
624585,Fastball,777,0.2868421052631579,0.46745562130177515,0.3357593160621761
624585,Offspeed,194,0.47,0.23809523809523808,0.19637704761904762
624641,Breaking,301,0.3352272727272727,0.34615384615384615,0.32304507692307693
624641,Fastball,485,0.1903114186851211,0.3813559322033898,0.34676430508474576
624641,Offspeed,144,0.37254901960784315,0.6190476190476191,0.30282367441860464
628451,Fastball,70,0.08108108108108109,0.3333333333333333,0.16003483333333335
630105,Breaking,436,0.27918781725888325,0.32,0.2219152156862745
630105,Fastball,1039,0.13053097345132744,0.3581395348837209,0.3228342572614108
630105,Offspeed,266,0.3793103448275862,0.20634920634920634,0.16463806250000002
640459,Breaking,67,0.3793103448275862,0.07142857142857142,0.14379575
640459,Fastball,116,0.1780821917808219,0.3333333333333333,0.23645523076923075
640459,Offspeed,51,0.7307692307692307,0.36363636363636365,0.068
640492,Fastball,63,0.29411764705882354,0.25,0.25667725
640902,Breaking,136,0.20689655172413793,0.39285714285714285,0.4217655862068965
640902,Fastball,245,0.19047619047619047,0.3888888888888889,0.30840163636363643
641343,Breaking,739,0.3933333333333333,0.46496815286624205,0.31418862569832406
641343,Fastball,1276,0.19886363636363635,0.55078125,0.4129716907894737
641343,Offspeed,381,0.43478260869565216,0.5483870967741935,0.3741743636363636
641355,Breaking,570,0.29389312977099236,0.5454545454545454,0.34290964341085267
641355,Fastball,1209,0.15586690017513136,0.4217687074829932,0.35511271257485033
641355,Offspeed,339,0.22560975609756098,0.2823529411764706,0.2598826363636364
641487,Breaking,528,0.24271844660194175,0.336283185840708,0.2487572833333333
641487,Fastball,1279,0.14168377823408623,0.3132530120481928,0.3405458954248366
641487,Offspeed,214,0.1375,0.6052631578947368,0.36802013043478254
641555,Breaking,130,0.46,0.0,0.12365217391304349
641555,Fastball,220,0.14414414414414414,0.453125,0.3081739655172414
641555,Offspeed,54,0.3333333333333333,0.36363636363636365,0.22388888888888892
641584,Breaking,118,0.35,0.3125,0.30294671428571424
641584,Fastball,258,0.17293233082706766,0.38461538461538464,0.23889793548387098
641584,Offspeed,79,0.3125,0.5555555555555556,0.3475176842105263
641598,Breaking,243,0.5789473684210527,0.20512820512820512,0.20718769999999997
641598,Fastball,386,0.2222222222222222,0.39080459770114945,0.3549921505376344
641598,Offspeed,64,0.5,0.14285714285714285,0.2206115
641680,Breaking,343,0.25136612021857924,0.24731182795698925,0.20456597872340426
641680,Fastball,875,0.19714964370546317,0.3915343915343915,0.32419207655502397
641680,Offspeed,247,0.23809523809523808,0.4266666666666667,0.2646926216216216
641820,Breaking,52,0.2413793103448276,0.5555555555555556,0.3578
641820,Fastball,50,0.2727272727272727,0.375,0.269375
641857,Breaking,477,0.44019138755980863,0.19626168224299065,0.22352091891891893
641857,Fastball,857,0.20918367346938777,0.45454545454545453,0.3513793689839572
641857,Offspeed,201,0.36538461538461536,0.36363636363636365,0.2544939259259259
641933,Breaking,331,0.4028776978417266,0.36363636363636365,0.29725747058823526
641933,Fastball,610,0.2533783783783784,0.4621212121212121,0.3402574013605442
641933,Offspeed,152,0.35714285714285715,0.11627906976744186,0.21279271111111114
642020,Fastball,62,0.32432432432432434,0.06666666666666667,0.16046666666666667
642086,Breaking,340,0.28654970760233917,0.41333333333333333,0.3026027407407407
642086,Fastball,639,0.13636363636363635,0.37748344370860926,0.3175588176100629
642086,Offspeed,193,0.30851063829787234,0.2549019607843137,0.21447671999999998
642201,Breaking,248,0.31896551724137934,0.40384615384615385,0.24196557894736845
642201,Fastball,469,0.21370967741935484,0.5309734513274337,0.28497902702702704
642201,Offspeed,127,0.3287671232876712,0.1875,0.2701545294117647
642215,Breaking,258,0.45555555555555555,0.36585365853658536,0.2416494347826087
642215,Fastball,393,0.2512315270935961,0.36082474226804123,0.2910413861386138
642215,Offspeed,138,0.4393939393939394,0.07407407407407407,0.1604776153846154
642350,Breaking,313,0.4627659574468085,0.30952380952380953,0.2470976428571429
642350,Fastball,517,0.30952380952380953,0.48148148148148145,0.34319250000000007
642350,Offspeed,137,0.4050632911392405,0.40540540540540543,0.2668378378378378
642708,Breaking,274,0.35172413793103446,0.4788732394366197,0.3210036285714286
642708,Fastball,472,0.18473895582329317,0.3076923076923077,0.30483619834710746
642708,Offspeed,158,0.3137254901960784,0.4782608695652174,0.2821627906976744
642715,Breaking,670,0.4,0.3051948051948052,0.24032209876543212
642715,Fastball,1122,0.2257495590828924,0.5130111524163569,0.33512273684210525
642715,Offspeed,242,0.34513274336283184,0.29411764705882354,0.25728639285714283
642851,Breaking,135,0.38333333333333336,0.11538461538461539,0.15273672
642851,Fastball,206,0.16101694915254236,0.2727272727272727,0.32913344
642851,Offspeed,43,0.34615384615384615,0.0,0.05149999999999999
643217,Breaking,502,0.32954545454545453,0.4140625,0.28107790769230767
643217,Fastball,917,0.2520491803278688,0.47393364928909953,0.33502875652173914
643217,Offspeed,361,0.3107344632768362,0.24719101123595505,0.2664522921348314
643289,Breaking,659,0.21341463414634146,0.4528301886792453,0.3046004539877301
643289,Fastball,1353,0.1304945054945055,0.38109756097560976,0.3134788163265306
643289,Offspeed,269,0.12727272727272726,0.32967032967032966,0.2598328260869565
643376,Breaking,263,0.3333333333333333,0.29411764705882354,0.17975464
643376,Fastball,525,0.20967741935483872,0.39316239316239315,0.30303082706766915
643376,Offspeed,91,0.40476190476190477,0.34782608695652173,0.26152807999999994
643396,Breaking,194,0.2808988764044944,0.41304347826086957,0.34080122727272727
643396,Fastball,408,0.10256410256410256,0.24528301886792453,0.2716614259259259
643396,Offspeed,80,0.21428571428571427,0.23529411764705882,0.3191612
643446,Breaking,431,0.21794871794871795,0.28,0.30281903703703705
643446,Fastball,1049,0.12695924764890282,0.38434163701067614,0.31135098316498316
643446,Offspeed,312,0.20430107526881722,0.3548387096774194,0.2590301702127659
644433,Breaking,68,0.42105263157894735,0.1,0.15845
644433,Fastball,110,0.11290322580645161,0.23333333333333334,0.18274999999999997
645277,Breaking,726,0.23741007194244604,0.36024844720496896,0.2642889213483146
645277,Fastball,1289,0.18591549295774648,0.4241379310344828,0.3063542147239264
645277,Offspeed,537,0.21587301587301588,0.3619631901840491,0.22493567088607597
645302,Breaking,205,0.29411764705882354,0.32558139534883723,0.26049609523809525
645302,Fastball,310,0.12222222222222222,0.37209302325581395,0.3033130117647059
645302,Offspeed,62,0.45714285714285713,0.23529411764705882,0.2266343333333333
645305,Breaking,75,0.3409090909090909,0.12,0.20777464
645305,Fastball,210,0.20202020202020202,0.34615384615384615,0.2502073846153846
646240,Breaking,638,0.2875,0.5,0.32418877987421385
646240,Fastball,1650,0.3114323258869908,0.5632530120481928,0.346582682795699
646240,Offspeed,325,0.20253164556962025,0.42528735632183906,0.3540093978494624
647304,Breaking,675,0.28994082840236685,0.3227848101265823,0.2620676375
647304,Fastball,1139,0.09437086092715231,0.41228070175438597,0.33522479338842975
647304,Offspeed,323,0.1977401129943503,0.21052631578947367,0.3064478446601942
649966,Breaking,88,0.075,0.42105263157894735,0.21765885714285713
649966,Fastball,110,0.11864406779661017,0.5,0.3381122068965517
650333,Breaking,583,0.0931899641577061,0.515625,0.32359210144927536
650333,Fastball,1601,0.06306306306306306,0.40703517587939697,0.31016092523364486
650333,Offspeed,272,0.07246376811594203,0.3287671232876712,0.26397084210526317
650391,Breaking,62,0.2647058823529412,0.4117647058823529,0.26596576470588235
650391,Fastball,78,0.3333333333333333,0.35714285714285715,0.2729882857142857
650402,Breaking,534,0.24873096446700507,0.3103448275862069,0.28995905511811026
650402,Fastball,1090,0.2222222222222222,0.41037735849056606,0.348382464
650402,Offspeed,195,0.2537313432835821,0.3333333333333333,0.29128135
650489,Breaking,468,0.3293172690763052,0.4,0.28186675187969923
650489,Fastball,1062,0.2571428571428571,0.5113122171945701,0.3691049180327869
650489,Offspeed,428,0.4008438818565401,0.2631578947368421,0.19545363265306123
650490,Breaking,655,0.12944983818770225,0.585635359116022,0.4099220628272252
650490,Fastball,1660,0.156289707750953,0.37362637362637363,0.31572332487309646
650490,Offspeed,264,0.1386861313868613,0.45454545454545453,0.34000805194805195
650559,Breaking,133,0.25396825396825395,0.5172413793103449,0.27779280000000006
650559,Fastball,198,0.18811881188118812,0.45652173913043476,0.32423944444444447
650559,Offspeed,49,0.25,0.25,0.1885
650859,Breaking,386,0.2074468085106383,0.3793103448275862,0.27033047058823534
650859,Fastball,820,0.17098445595854922,0.33516483516483514,0.31584577560975613
650859,Offspeed,220,0.23577235772357724,0.26666666666666666,0.30853364912280706
650968,Breaking,76,0.28888888888888886,0.21739130434782608,0.17049999999999998
650968,Fastball,133,0.12222222222222222,0.3055555555555556,0.2939
655316,Breaking,498,0.2398190045248869,0.3050847457627119,0.21616393277310925
655316,Fastball,846,0.1383495145631068,0.41420118343195267,0.33044195698924733
655316,Offspeed,166,0.313953488372093,0.41379310344827586,0.3511322758620689
656305,Breaking,425,0.24022346368715083,0.46808510638297873,0.2881181030927835
656305,Fastball,888,0.2123456790123457,0.358695652173913,0.28083938834951455
656305,Offspeed,141,0.265625,0.35,0.30478906666666666
656413,Breaking,58,0.5416666666666666,0.07692307692307693,0.03585714285714286
656413,Fastball,95,0.5531914893617021,0.36363636363636365,0.38346066666666667
656484,Breaking,254,0.4859154929577465,0.2835820895522388,0.22227024242424243
656484,Fastball,389,0.19724770642201836,0.3625,0.32251831999999997
656484,Offspeed,154,0.43373493975903615,0.2558139534883721,0.20791669767441864
656537,Breaking,268,0.3918918918918919,0.43661971830985913,0.26871817647058827
656537,Fastball,520,0.2896825396825397,0.45535714285714285,0.2990995344827586
656537,Offspeed,113,0.34545454545454546,0.32142857142857145,0.2883117777777778
656555,Breaking,444,0.3541666666666667,0.4794520547945205,0.2868372619047619
656555,Fastball,806,0.27486910994764396,0.38953488372093026,0.3125322653061225
656555,Offspeed,150,0.5,0.34375,0.23484027027027027
656577,Breaking,91,0.35185185185185186,0.6086956521739131,0.3012079047619048
656577,Fastball,177,0.2755102040816326,0.2558139534883721,0.18652861904761903
656582,Breaking,92,0.2903225806451613,0.5882352941176471,0.428515875
656582,Fastball,152,0.16923076923076924,0.20689655172413793,0.3003406956521739
656716,Breaking,428,0.24022346368715083,0.24742268041237114,0.2920201333333333
656716,Fastball,980,0.10909090909090909,0.3317972350230415,0.30023525957446806
656716,Offspeed,250,0.2878787878787879,0.14925373134328357,0.21204110144927535
656775,Breaking,528,0.25190839694656486,0.3185840707964602,0.20870132231404961
656775,Fastball,1237,0.20421393841166938,0.35185185185185186,0.27856730033003296
656775,Offspeed,231,0.22115384615384615,0.39622641509433965,0.28337328301886794
656811,Breaking,547,0.35,0.376,0.2681850381679389
656811,Fastball,980,0.1422319474835886,0.4878048780487805,0.3381866360153257
656811,Offspeed,218,0.2765957446808511,0.2631578947368421,0.3226437619047619
656941,Breaking,1132,0.4158215010141988,0.3605769230769231,0.307442894514768
656941,Fastball,1397,0.2480252764612954,0.6140350877192983,0.4160680524781341
656941,Offspeed,424,0.42134831460674155,0.5060240963855421,0.31343968085106383
656976,Breaking,162,0.2909090909090909,0.16,0.18956445454545454
656976,Fastball,247,0.10569105691056911,0.3055555555555556,0.3000595068493151
656976,Offspeed,76,0.42857142857142855,0.4666666666666667,0.3114168571428571
657041,Breaking,519,0.2914285714285714,0.2823529411764706,0.2448576559139785
657041,Fastball,904,0.18564356435643564,0.41706161137440756,0.3372145271966527
657041,Offspeed,168,0.3333333333333333,0.35,0.31247833333333336
657136,Breaking,308,0.32413793103448274,0.3548387096774194,0.28834979710144926
657136,Fastball,537,0.16929133858267717,0.3435114503816794,0.29909237681159423
657136,Offspeed,80,0.3953488372093023,0.3333333333333333,0.17521038095238095
657656,Breaking,270,0.40336134453781514,0.3018867924528302,0.20358836
657656,Fastball,541,0.2572463768115942,0.3853211009174312,0.3703645365853659
657656,Offspeed,116,0.3880597014925373,0.5,0.25932836363636363
657757,Breaking,541,0.30939226519337015,0.34065934065934067,0.29064324999999996
657757,Fastball,949,0.1513157894736842,0.4845360824742268,0.3626169174311927
657757,Offspeed,343,0.2389937106918239,0.3103448275862069,0.22854973033707865
660162,Breaking,199,0.44047619047619047,0.2926829268292683,0.2208914857142857
660162,Fastball,318,0.20491803278688525,0.3387096774193548,0.29888450704225356
660162,Offspeed,113,0.3695652173913043,0.23809523809523808,0.2514470909090909
660271,Breaking,673,0.37091988130563797,0.4303030303030303,0.34645967567567565
660271,Fastball,1246,0.25765765765765763,0.5843137254901961,0.44428520136518773
660271,Offspeed,418,0.38219895287958117,0.5,0.36924635294117647
660644,Fastball,50,0.17391304347826086,0.25,0.279774
660670,Breaking,474,0.329608938547486,0.5227272727272727,0.3512526868686869
660670,Fastball,1156,0.2763578274760383,0.44357976653696496,0.37723072972972976
660670,Offspeed,225,0.3486238532110092,0.4727272727272727,0.3473247586206896
660688,Breaking,344,0.15789473684210525,0.4148936170212766,0.262146085106383
660688,Fastball,580,0.08823529411764706,0.4695121951219512,0.3395719298245614
660688,Offspeed,226,0.22137404580152673,0.3950617283950617,0.21554118518518517
660710,Breaking,130,0.3090909090909091,0.30303030303030304,0.2191445
660710,Fastball,197,0.15555555555555556,0.48936170212765956,0.3150371555555556
660710,Offspeed,50,0.52,0.0,0.09767725000000001
660821,Breaking,276,0.3312883435582822,0.28421052631578947,0.32671732673267323
660821,Fastball,743,0.2689295039164491,0.5031446540880503,0.31927825454545455
660821,Offspeed,228,0.2767857142857143,0.3023255813953488,0.3119482666666667
660844,Breaking,158,0.46938775510204084,0.043478260869565216,0.19164808
660844,Fastball,443,0.147239263803681,0.22727272727272727,0.2623638666666667
660844,Offspeed,102,0.30952380952380953,0.15,0.26296372727272727
661388,Breaking,756,0.2931596091205212,0.2982456140350877,0.28123348351648353
661388,Fastball,1262,0.15517241379310345,0.5121951219512195,0.36055855801104975
661388,Offspeed,250,0.28346456692913385,0.3484848484848485,0.2882672328767123
661531,Breaking,90,0.38636363636363635,0.0,0.1421099090909091
661531,Fastball,210,0.28431372549019607,0.48,0.3507388163265306
661531,Offspeed,44,0.25,0.5454545454545454,0.19536363636363638
662139,Breaking,638,0.24193548387096775,0.30434782608695654,0.2509601066666667
662139,Fastball,1191,0.1984375,0.3715277777777778,0.2909095757575758
662139,Offspeed,242,0.26573426573426573,0.3835616438356164,0.30669384000000005
663330,Breaking,240,0.4727272727272727,0.35555555555555557,0.18546031818181818
663330,Fastball,319,0.25,0.42857142857142855,0.40600935416666667
663330,Offspeed,144,0.345679012345679,0.3611111111111111,0.26796969696969697
663368,Breaking,83,0.25,0.3,0.34043819047619045
663368,Fastball,278,0.1935483870967742,0.2727272727272727,0.26218596721311477
663368,Offspeed,77,0.22857142857142856,0.21052631578947367,0.1823529411764706
663457,Breaking,353,0.28440366972477066,0.421875,0.3414355774647887
663457,Fastball,738,0.15570934256055363,0.40816326530612246,0.3676084367816092
663457,Offspeed,220,0.1875,0.22413793103448276,0.25171106249999997
663494,Breaking,178,0.2328767123287671,0.2857142857142857,0.22256120000000001
663494,Fastball,462,0.18660287081339713,0.41304347826086957,0.3382263364485981
663494,Offspeed,93,0.2978723404255319,0.17857142857142858,0.19989285714285715
663538,Breaking,752,0.1791530944625407,0.4723926380368098,0.3090620946745562
663538,Fastball,1444,0.06601123595505617,0.3391959798994975,0.33646254292343386
663538,Offspeed,259,0.23943661971830985,0.24242424242424243,0.27562005797101446
663586,Breaking,792,0.36885245901639346,0.34911242603550297,0.2759442651933702
663586,Fastball,1423,0.2770745428973277,0.4,0.3240818547486033
663586,Offspeed,317,0.37662337662337664,0.34285714285714286,0.23502189189189193
663604,Breaking,148,0.2753623188405797,0.43902439024390244,0.2202265641025641
663604,Fastball,295,0.24427480916030533,0.34545454545454546,0.28750688
663604,Offspeed,73,0.5,0.21052631578947367,0.2491898888888889
663611,Breaking,86,0.125,0.2,0.23329721739130435
663611,Fastball,131,0.030303030303030304,0.36666666666666664,0.32471537142857143
663616,Breaking,538,0.39823008849557523,0.4423076923076923,0.2973953392857143
663616,Fastball,853,0.14025974025974025,0.4976958525345622,0.36937112499999997
663616,Offspeed,349,0.4064516129032258,0.2465753424657534,0.23418600000000003
663624,Breaking,51,0.3333333333333333,0.3125,0.27475
663624,Fastball,67,0.14285714285714285,0.45454545454545453,0.4380836
663647,Breaking,295,0.32231404958677684,0.1038961038961039,0.24812488000000002
663647,Fastball,548,0.1839080459770115,0.3028169014084507,0.3118425531914893
663647,Offspeed,76,0.32432432432432434,0.2222222222222222,0.2904705882352941
663656,Breaking,735,0.27424749163879597,0.3821138211382114,0.33896453146853145
663656,Fastball,1281,0.1601796407185629,0.432258064516129,0.35873283094555874
663656,Offspeed,462,0.27510917030567683,0.2761904761904762,0.24334368421052632
663662,Fastball,63,0.20689655172413793,0.25,0.2885384615384616
663697,Breaking,77,0.45,0.0,0.13404644444444444
663697,Fastball,177,0.13043478260869565,0.2619047619047619,0.33268233333333336
663698,Breaking,144,0.36231884057971014,0.4166666666666667,0.27907584210526315
663698,Fastball,298,0.23448275862068965,0.3157894736842105,0.31785703225806455
663698,Offspeed,89,0.4772727272727273,0.3333333333333333,0.25303344000000005
663728,Breaking,620,0.3879598662207358,0.4015748031496063,0.27206168571428574
663728,Fastball,1251,0.2811550151975684,0.384297520661157,0.32447938078291816
663728,Offspeed,415,0.35678391959798994,0.3058823529411765,0.3251446595744681
663743,Breaking,334,0.2733333333333333,0.3150684931506849,0.26621644155844154
663743,Fastball,645,0.10662824207492795,0.3879781420765027,0.28748293478260867
663743,Offspeed,147,0.32051282051282054,0.38636363636363635,0.2321204
663757,Breaking,546,0.2721518987341772,0.4222222222222222,0.31111100970873784
663757,Fastball,1204,0.12450592885375494,0.38686131386861317,0.36351583171521035
663757,Offspeed,282,0.3046875,0.36363636363636365,0.26367640579710144
663837,Breaking,316,0.19760479041916168,0.3673469387755102,0.25469008988764047
663837,Fastball,691,0.16455696202531644,0.32653061224489793,0.3431932049689441
663837,Offspeed,144,0.2463768115942029,0.34285714285714286,0.2447616111111111
663853,Breaking,78,0.4146341463414634,0.26666666666666666,0.23939905882352938
663853,Fastball,164,0.27906976744186046,0.358974358974359,0.33538722727272724
663853,Offspeed,46,0.4166666666666667,0.18181818181818182,0.17772727272727273
663886,Breaking,659,0.35,0.35877862595419846,0.24311919708029198
663886,Fastball,1049,0.21285140562248997,0.4979253112033195,0.3995125909090909
663886,Offspeed,251,0.36036036036036034,0.14,0.17511490566037735
663967,Fastball,60,0.047619047619047616,0.2,0.41831511111111114
663968,Breaking,431,0.19844357976653695,0.4198473282442748,0.2931724264705882
663968,Fastball,1035,0.20172413793103447,0.36607142857142855,0.2982404545454546
663968,Offspeed,284,0.273224043715847,0.25301204819277107,0.23587555844155847
663993,Breaking,412,0.31736526946107785,0.5454545454545454,0.25059385
663993,Fastball,1149,0.18613138686131386,0.4189723320158103,0.364022125
663993,Offspeed,234,0.21818181818181817,0.4827586206896552,0.3109806
664023,Breaking,684,0.36085626911314983,0.5208333333333334,0.32826716981132076
664023,Fastball,1421,0.25333333333333335,0.44569288389513106,0.33190633865814695
664023,Offspeed,627,0.3488372093023256,0.26119402985074625,0.25671632167832165
664034,Breaking,561,0.2931596091205212,0.4962962962962963,0.29374798571428573
664034,Fastball,1204,0.25236593059936907,0.4732510288065844,0.34773683032490976
664034,Offspeed,210,0.34074074074074073,0.6774193548387096,0.32636311475409835
664040,Breaking,917,0.4239350912778905,0.4223300970873786,0.25446912037037034
664040,Fastball,1310,0.28431372549019607,0.5404411764705882,0.3836318525641026
664040,Offspeed,396,0.3811659192825112,0.4380952380952381,0.3330206486486486
664056,Breaking,138,0.5138888888888888,0.375,0.26806045
664056,Fastball,244,0.2047244094488189,0.2777777777777778,0.277211275862069
664056,Offspeed,55,0.3870967741935484,0.5714285714285714,0.26030769230769235
664059,Breaking,72,0.4857142857142857,0.2,0.11502033333333334
664059,Fastball,130,0.171875,0.13333333333333333,0.19767436363636365
664068,Fastball,58,0.2916666666666667,0.18181818181818182,0.15600000000000003
664238,Fastball,82,0.15,0.06666666666666667,0.2965685454545454
664702,Breaking,363,0.24166666666666667,0.2571428571428571,0.20180908333333333
664702,Fastball,773,0.0830945558739255,0.3604060913705584,0.3294748240740741
664702,Offspeed,137,0.16666666666666666,0.375,0.21774193548387097
664728,Breaking,301,0.26811594202898553,0.3561643835616438,0.22524269333333335
664728,Fastball,709,0.1196319018404908,0.34523809523809523,0.2627871314285714
664728,Offspeed,155,0.25263157894736843,0.2777777777777778,0.25978551851851855
664731,Breaking,62,0.3333333333333333,0.25,0.3301
664731,Fastball,114,0.20833333333333334,0.36363636363636365,0.278602
664761,Breaking,672,0.21724137931034482,0.3212121212121212,0.29829506432748537
664761,Fastball,1420,0.13582089552238805,0.38461538461538464,0.33760267012987016
664761,Offspeed,214,0.22772277227722773,0.6181818181818182,0.37572596296296296
664770,Breaking,367,0.2,0.49473684210526314,0.3155116470588235
664770,Fastball,1165,0.14853195164075994,0.2971887550200803,0.2804797819548872
664770,Offspeed,251,0.15555555555555556,0.5428571428571428,0.2894608787878788
664774,Breaking,152,0.21052631578947367,0.3548387096774194,0.18263510344827588
664774,Fastball,451,0.22857142857142856,0.39473684210526316,0.3062854222222222
664774,Offspeed,105,0.35555555555555557,0.46153846153846156,0.21133672
664954,Breaking,245,0.23076923076923078,0.2786885245901639,0.20393928813559323
664954,Fastball,479,0.14056224899598393,0.512,0.3194435303030303
664954,Offspeed,121,0.18181818181818182,0.3888888888888889,0.27989765714285714
664983,Breaking,676,0.300561797752809,0.3592814371257485,0.27071669005847954
664983,Fastball,1037,0.1472,0.5612903225806452,0.36434031775700937
664983,Offspeed,263,0.2597402597402597,0.44871794871794873,0.2787194430379747
665019,Breaking,642,0.29559748427672955,0.5179856115107914,0.3164383809523809
665019,Fastball,1308,0.22188449848024316,0.4426751592356688,0.32198834337349397
665019,Offspeed,316,0.23841059602649006,0.43373493975903615,0.3860915581395349
665052,Breaking,387,0.43820224719101125,0.40860215053763443,0.33327727619047615
665052,Fastball,584,0.2711864406779661,0.624,0.4409262428571429
665052,Offspeed,251,0.5158730158730159,0.2923076923076923,0.22421618750000002
665161,Breaking,592,0.4422535211267606,0.4129032258064516,0.23886523353293415
665161,Fastball,854,0.19078947368421054,0.5333333333333333,0.39232225409836063
665161,Offspeed,247,0.4380165289256198,0.3333333333333333,0.28741228571428573
665487,Breaking,773,0.34285714285714286,0.5,0.35819677227722774
665487,Fastball,1417,0.2006079027355623,0.4717514124293785,0.40291762593516206
665487,Offspeed,340,0.33974358974358976,0.37662337662337664,0.3144228888888889
665489,Breaking,639,0.26479750778816197,0.2857142857142857,0.3126842722513089
665489,Fastball,1305,0.14482758620689656,0.4228187919463087,0.3475475301204819
665489,Offspeed,242,0.27906976744186046,0.36231884057971014,0.3308982222222222
665506,Fastball,46,0.21739130434782608,0.25,0.13625
665561,Breaking,112,0.24489795918367346,0.12,0.22309858333333332
665561,Fastball,248,0.09836065573770492,0.19672131147540983,0.21595091228070173
665561,Offspeed,66,0.2972972972972973,0.058823529411764705,0.10835714285714285
665742,Breaking,590,0.22885572139303484,0.5213675213675214,0.40295425
665742,Fastball,960,0.20476190476190476,0.5560975609756098,0.4385687272727273
665742,Offspeed,289,0.18548387096774194,0.4057971014492754,0.35812515384615384
665750,Breaking,502,0.3291139240506329,0.31896551724137934,0.21698702521008406
665750,Fastball,1040,0.2079207920792079,0.3418803418803419,0.30549725291828794
665750,Offspeed,379,0.2604166666666667,0.367816091954023,0.22767701123595505
665804,Breaking,385,0.35119047619047616,0.30864197530864196,0.25395848192771087
665804,Fastball,545,0.19923371647509577,0.49586776859504134,0.32696881818181817
665804,Offspeed,102,0.38333333333333336,0.2608695652173913,0.2107629230769231
665828,Fastball,75,0.2682926829268293,0.29411764705882354,0.17575
665833,Breaking,575,0.4230769230769231,0.5,0.32723757894736843
665833,Fastball,866,0.25340599455040874,0.5085714285714286,0.3978596580310881
665833,Offspeed,313,0.5177304964539007,0.3972602739726027,0.27281722077922077
665861,Breaking,93,0.30434782608695654,0.20833333333333334,0.25606445454545457
665861,Fastball,153,0.22826086956521738,0.3225806451612903,0.30069762962962965
665862,Breaking,689,0.3862928348909657,0.4397590361445783,0.2504656091954023
665862,Fastball,1168,0.2414448669201521,0.37916666666666665,0.33466054411764706
665862,Offspeed,366,0.37888198757763975,0.36486486486486486,0.25291781333333335
665877,Breaking,495,0.14189189189189189,0.2727272727272727,0.27057752688172043
665877,Fastball,892,0.12623762376237624,0.40487804878048783,0.30495540271493204
665877,Offspeed,166,0.16883116883116883,0.2558139534883721,0.3020095
665923,Breaking,283,0.34868421052631576,0.38028169014084506,0.22978163157894732
665923,Fastball,590,0.2692307692307692,0.37037037037037035,0.30339110077519377
665923,Offspeed,133,0.39473684210526316,0.3235294117647059,0.27731116666666666
665926,Breaking,521,0.281786941580756,0.36428571428571427,0.26077728859060406
665926,Fastball,1105,0.21060842433697347,0.403921568627451,0.28773220588235293
665926,Offspeed,249,0.31788079470198677,0.28378378378378377,0.2526488493150685
665953,Breaking,329,0.4444444444444444,0.3225806451612903,0.29076301408450705
665953,Fastball,395,0.19545454545454546,0.6055045871559633,0.4073098761061947
665953,Offspeed,190,0.45161290322580644,0.3055555555555556,0.2243537837837838
665966,Breaking,344,0.39226519337016574,0.2804878048780488,0.23343375609756098
665966,Fastball,746,0.30294906166219837,0.18120805369127516,0.26983362962962965
665966,Offspeed,93,0.32142857142857145,0.2857142857142857,0.259637
666018,Breaking,608,0.24583333333333332,0.4962962962962963,0.3445906711409396
666018,Fastball,1719,0.23297491039426524,0.4209039548022599,0.3480568208955224
666018,Offspeed,331,0.15428571428571428,0.4105263157894737,0.32567195833333334
666023,Breaking,340,0.3860759493670886,0.23529411764705882,0.24202094444444444
666023,Fastball,614,0.1924198250728863,0.3466666666666667,0.2881529493670886
666023,Offspeed,105,0.38,0.2857142857142857,0.24573645454545454
666126,Breaking,385,0.3225806451612903,0.36,0.25731617821782177
666126,Fastball,844,0.16363636363636364,0.463855421686747,0.34488224598930484
666126,Offspeed,284,0.2589928057553957,0.2894736842105263,0.27007708860759494
666139,Breaking,361,0.34615384615384615,0.32967032967032966,0.23421391011235954
666139,Fastball,856,0.31645569620253167,0.40236686390532544,0.3000642872928177
666139,Offspeed,260,0.3,0.375,0.3178291379310345
666152,Breaking,466,0.34951456310679613,0.25252525252525254,0.16030793684210526
666152,Fastball,889,0.13285024154589373,0.43147208121827413,0.3270416055045872
666152,Offspeed,209,0.3163265306122449,0.1875,0.22147697872340427
666160,Breaking,497,0.3886792452830189,0.5042016806722689,0.27847986153846155
666160,Fastball,736,0.24666666666666667,0.5172413793103449,0.3004399806763285
666160,Offspeed,322,0.33663366336633666,0.3516483516483517,0.23391221505376344
666163,Breaking,41,0.3684210526315789,0.16666666666666666,0.10077777777777779
666163,Fastball,65,0.18181818181818182,0.21052631578947367,0.24106249999999999
666176,Breaking,853,0.34988713318284426,0.4594594594594595,0.28251650810810813
666176,Fastball,1410,0.22636484687083888,0.3813813813813814,0.34912843169398905
666176,Offspeed,315,0.37894736842105264,0.36904761904761907,0.30156192857142855
666181,Breaking,163,0.4852941176470588,0.17142857142857143,0.16854764705882352
666181,Fastball,240,0.22123893805309736,0.42105263157894735,0.43360670370370374
666181,Offspeed,136,0.44642857142857145,0.38095238095238093,0.16753590476190475
666182,Breaking,793,0.2789115646258503,0.4931506849315068,0.3449850789473684
666182,Fastball,1523,0.13541666666666666,0.3549382716049383,0.31782208022922637
666182,Offspeed,294,0.23493975903614459,0.32967032967032966,0.3210803469387755
666185,Fastball,47,0.47368421052631576,0.45454545454545453,0.03133333333333333
666211,Breaking,335,0.47619047619047616,0.3055555555555556,0.2196259230769231
666211,Fastball,610,0.31756756756756754,0.4461538461538462,0.3607774657534247
666211,Offspeed,195,0.43636363636363634,0.21052631578947367,0.18920031578947366
666310,Breaking,161,0.208955223880597,0.06896551724137931,0.2694538518518519
666310,Fastball,260,0.09448818897637795,0.3,0.31667137037037035
666310,Offspeed,83,0.35294117647058826,0.6,0.25216120000000003
666397,Breaking,354,0.4074074074074074,0.352112676056338,0.31460184810126585
666397,Fastball,689,0.11808118081180811,0.3208955223880597,0.37009149659863944
666397,Offspeed,203,0.34444444444444444,0.30612244897959184,0.28221344
666464,Breaking,69,0.1891891891891892,0.23529411764705882,0.2268
666464,Fastball,104,0.14,0.5333333333333333,0.15350000000000003
666624,Breaking,146,0.4492753623188406,0.3225806451612903,0.21963333333333332
666624,Fastball,218,0.24,0.14035087719298245,0.22499782758620687
666624,Offspeed,45,0.5862068965517241,0.5,0.18207692307692308
666969,Breaking,353,0.38285714285714284,0.43820224719101125,0.25971298876404497
666969,Fastball,647,0.2862453531598513,0.296,0.32228430656934304
666969,Offspeed,152,0.4246575342465753,0.375,0.26611624242424237
666971,Breaking,205,0.29347826086956524,0.24390243902439024,0.2536667826086957
666971,Fastball,399,0.1590909090909091,0.3063063063063063,0.3057623140495868
666971,Offspeed,123,0.4305555555555556,0.29411764705882354,0.1844705882352941
667472,Breaking,428,0.21764705882352942,0.3894736842105263,0.28800475000000003
667472,Fastball,856,0.20833333333333334,0.38953488372093026,0.3134426735751295
667472,Offspeed,170,0.2558139534883721,0.2631578947368421,0.34546505263157895
667670,Breaking,288,0.5035971223021583,0.25396825396825395,0.27025140625
667670,Fastball,381,0.23529411764705882,0.5490196078431373,0.3668082909090909
667670,Offspeed,109,0.5,0.2692307692307692,0.17243408333333332
668227,Breaking,826,0.2704714640198511,0.507537688442211,0.30750673584905663
668227,Fastball,1559,0.2626865671641791,0.46853146853146854,0.3868368849557522
668227,Offspeed,374,0.23204419889502761,0.4367816091954023,0.32057756701030926
668670,Breaking,213,0.34210526315789475,0.2,0.1919664347826087
668670,Fastball,435,0.21,0.34408602150537637,0.31131131428571424
668670,Offspeed,73,0.5185185185185185,0.125,0.1694363529411765
668709,Breaking,628,0.33760683760683763,0.452991452991453,0.2839096496350365
668709,Fastball,1005,0.17063492063492064,0.45147679324894513,0.38821142857142854
668709,Offspeed,464,0.405982905982906,0.32038834951456313,0.2878685614035088
668715,Breaking,477,0.26605504587155965,0.3584905660377358,0.3270412040816327
668715,Fastball,931,0.23039215686274508,0.4492753623188406,0.3564405462555066
668715,Offspeed,181,0.2903225806451613,0.5,0.29634381395348836
668723,Breaking,283,0.3046875,0.30303030303030304,0.32675140983606554
668723,Fastball,722,0.212707182320442,0.4117647058823529,0.32453416279069763
668723,Offspeed,103,0.18,0.896551724137931,0.41958635714285714
668800,Breaking,92,0.3,0.5714285714285714,0.4315984761904762
668800,Fastball,163,0.21333333333333335,0.2631578947368421,0.23741086486486487
668800,Offspeed,43,0.2413793103448276,0.3333333333333333,0.2354117647058824
668804,Breaking,861,0.4024691358024691,0.32065217391304346,0.29841225225225226
668804,Fastball,1341,0.2037037037037037,0.5050167224080268,0.4097322189349112
668804,Offspeed,535,0.2907488986784141,0.358974358974359,0.3033472357723578
668885,Breaking,387,0.34074074074074073,0.2948717948717949,0.23979887356321838
668885,Fastball,870,0.11827956989247312,0.37948717948717947,0.3488891774891775
668885,Offspeed,160,0.359375,0.12121212121212122,0.17606908571428567
668901,Breaking,367,0.40331491712707185,0.3068181818181818,0.29476574712643683
668901,Fastball,529,0.2271186440677966,0.43283582089552236,0.3240673333333333
668901,Offspeed,191,0.3793103448275862,0.43103448275862066,0.29512506896551727
668904,Breaking,676,0.3869047619047619,0.36419753086419754,0.2598733604651163
668904,Fastball,1088,0.2644927536231884,0.40160642570281124,0.3450985670498084
668904,Offspeed,270,0.38686131386861317,0.2459016393442623,0.26166063492063496
668930,Breaking,774,0.25830258302583026,0.43529411764705883,0.3314705245901639
668930,Fastball,1601,0.20784313725490197,0.49158249158249157,0.36850172316384183
668930,Offspeed,462,0.2878787878787879,0.33653846153846156,0.28079625
668939,Breaking,480,0.19393939393939394,0.34065934065934067,0.29012880412371134
668939,Fastball,914,0.13192612137203166,0.526595744680851,0.35662716346153844
668939,Offspeed,325,0.2052980132450331,0.2727272727272727,0.3010073846153846
668942,Breaking,108,0.25,0.3157894736842105,0.26396477777777777
668942,Fastball,238,0.16,0.3382352941176471,0.22077746268656717
668942,Offspeed,93,0.28846153846153844,0.2727272727272727,0.17928571428571427
668952,Breaking,366,0.3612565445026178,0.20689655172413793,0.2364095227272727
668952,Fastball,551,0.2508710801393728,0.5214285714285715,0.3464744459459459
668952,Offspeed,113,0.39655172413793105,0.08,0.21107061538461538
669003,Breaking,589,0.4015444015444015,0.48951048951048953,0.35044203973509935
669003,Fastball,1199,0.29906542056074764,0.4140625,0.3768568989547038
669003,Offspeed,353,0.5298013245033113,0.21875,0.24719864705882355
669004,Breaking,199,0.3373493975903614,0.32432432432432434,0.23552822222222222
669004,Fastball,333,0.345679012345679,0.375,0.28161726315789476
669004,Offspeed,82,0.35714285714285715,0.3157894736842105,0.36842063636363637
669016,Breaking,670,0.34626865671641793,0.4146341463414634,0.25312977245508983
669016,Fastball,1142,0.1721311475409836,0.4581818181818182,0.3509880068728522
669016,Offspeed,328,0.3392857142857143,0.25806451612903225,0.23061393333333335
669065,Breaking,499,0.39245283018867927,0.5983606557377049,0.3719784892086331
669065,Fastball,1056,0.2849264705882353,0.3907563025210084,0.32181471586715865
669065,Offspeed,378,0.48372093023255813,0.46153846153846156,0.28636324210526315
669087,Breaking,46,0.56,0.0,0.13445150000000003
669087,Fastball,82,0.34782608695652173,0.3,0.14173684210526316
669127,Breaking,618,0.33,0.4452054794520548,0.34662246753246756
669127,Fastball,911,0.23464912280701755,0.5352112676056338,0.3849078553191489
669127,Offspeed,228,0.3076923076923077,0.3898305084745763,0.24765517241379312
669134,Breaking,384,0.3558282208588957,0.3611111111111111,0.2470084358974359
669134,Fastball,531,0.2037735849056604,0.4609375,0.36743777304964537
669134,Offspeed,123,0.25862068965517243,0.6111111111111112,0.3682918
669208,Fastball,70,0.3055555555555556,0.09090909090909091,0.24317725
669221,Breaking,111,0.5686274509803921,0.3333333333333333,0.17619349999999998
669221,Fastball,252,0.1875,0.3114754098360656,0.2819926567164179
669221,Offspeed,48,0.6153846153846154,0.0,0.15348828571428572
669224,Breaking,502,0.36619718309859156,0.2,0.18985806122448978
669224,Fastball,792,0.1937984496124031,0.43956043956043955,0.3577533990610328
669224,Offspeed,284,0.40145985401459855,0.15254237288135594,0.2468048125
669236,Breaking,387,0.3486238532110092,0.33636363636363636,0.2534344
669236,Fastball,545,0.18670886075949367,0.4666666666666667,0.3123342556390977
669236,Offspeed,129,0.39436619718309857,0.25,0.25541670270270267
669242,Breaking,329,0.3288590604026846,0.265625,0.28057718918918917
669242,Fastball,638,0.16608996539792387,0.4,0.31049332608695657
669242,Offspeed,211,0.25,0.4642857142857143,0.31179680701754386
669257,Breaking,403,0.2229299363057325,0.3373493975903614,0.2694856976744186
669257,Fastball,657,0.14982578397212543,0.424,0.4599380266666666
669257,Offspeed,141,0.15517241379310345,0.5666666666666667,0.35983862499999997
669288,Fastball,42,0.15789473684210525,0.5,0.3312363333333333
669289,Breaking,88,0.19047619047619047,0.5909090909090909,0.3133684210526316
669289,Fastball,163,0.189873417721519,0.36585365853658536,0.32424726666666664
669326,Breaking,85,0.41025641025641024,0.15789473684210525,0.17588700000000004
669326,Fastball,160,0.38461538461538464,0.21951219512195122,0.2145626111111111
669357,Breaking,299,0.3767123287671233,0.22580645161290322,0.25144460606060604
669357,Fastball,694,0.322884012539185,0.45454545454545453,0.34663719463087245
669357,Offspeed,280,0.4840764331210191,0.13333333333333333,0.18393915384615384
669364,Breaking,652,0.23985239852398524,0.26515151515151514,0.27388541095890406
669364,Fastball,1244,0.10777385159010601,0.45084745762711864,0.34373344072948325
669364,Offspeed,453,0.29015544041450775,0.27722772277227725,0.25648345454545457
669369,Breaking,70,0.38235294117647056,0.4,0.17014285714285715
669369,Fastball,137,0.3220338983050847,0.25925925925925924,0.16725016
669369,Offspeed,43,0.391304347826087,0.16666666666666666,0.1902222222222222
669384,Fastball,101,0.1346153846153846,0.32142857142857145,0.27265016000000003
669392,Breaking,182,0.32857142857142857,0.3695652173913043,0.23754080851063833
669392,Fastball,397,0.17159763313609466,0.4935064935064935,0.3667027021276596
669392,Offspeed,80,0.4,0.3333333333333333,0.25765357894736846
669394,Breaking,854,0.40617577197149646,0.3979591836734694,0.27056944761904766
669394,Fastball,1185,0.24955752212389382,0.4555160142348754,0.35899096129032254
669394,Offspeed,294,0.4678362573099415,0.41025641025641024,0.27773339999999996
669397,Breaking,155,0.3188405797101449,0.1875,0.1510114375
669397,Fastball,408,0.19791666666666666,0.4380952380952381,0.27132890909090907
669397,Offspeed,42,0.28,0.5,0.25464285714285717
669398,Breaking,48,0.391304347826087,0.8333333333333334,0.2549166666666667
669398,Fastball,75,0.19148936170212766,0.2777777777777778,0.41976470588235293
669477,Breaking,509,0.2962962962962963,0.48872180451127817,0.33516732330827076
669477,Fastball,853,0.1437908496732026,0.44155844155844154,0.35863892887029286
669477,Offspeed,136,0.33783783783783783,0.6764705882352942,0.4010224
669699,Breaking,95,0.3389830508474576,0.0967741935483871,0.18968749999999998
669699,Fastball,160,0.1875,0.4634146341463415,0.3080194418604651
669699,Offspeed,40,0.19230769230769232,1.0833333333333333,0.5275
669701,Breaking,297,0.35384615384615387,0.4444444444444444,0.22526107142857144
669701,Fastball,559,0.1891891891891892,0.31896551724137934,0.323286064516129
669701,Offspeed,175,0.2222222222222222,0.16666666666666666,0.22257343999999996
669707,Breaking,417,0.3433734939759036,0.2345679012345679,0.26398475
669707,Fastball,794,0.16310160427807488,0.3170731707317073,0.2929080184331797
669707,Offspeed,160,0.26582278481012656,0.3695652173913043,0.30203991304347827
669720,Breaking,168,0.3707865168539326,0.391304347826087,0.26670042857142856
669720,Fastball,173,0.29473684210526313,0.4444444444444444,0.36165049999999993
669720,Offspeed,75,0.45652173913043476,0.375,0.22181250000000002
669743,Breaking,240,0.2,0.2692307692307692,0.25861435714285713
669743,Fastball,573,0.16170212765957448,0.33,0.29755270588235294
669743,Offspeed,79,0.15151515151515152,0.35294117647058826,0.18106666666666668
669899,Breaking,65,0.08108108108108109,0.7777777777777778,0.4527454444444445
669899,Fastball,153,0.36585365853658536,0.2857142857142857,0.250896
669911,Fastball,64,0.2,0.26666666666666666,0.31567725
670032,Breaking,285,0.24113475177304963,0.22950819672131148,0.25964571014492754
670032,Fastball,573,0.14705882352941177,0.37209302325581395,0.2949137519379845
670032,Offspeed,149,0.21333333333333335,0.22,0.20378732
670042,Breaking,347,0.48466257668711654,0.36363636363636365,0.2811527397260274
670042,Fastball,559,0.3081967213114754,0.5972222222222222,0.41027158940397357
670042,Offspeed,269,0.5031055900621118,0.2711864406779661,0.24365423333333333
670097,Breaking,60,0.2727272727272727,0.2,0.37298633333333336
670097,Fastball,186,0.3023255813953488,0.21212121212121213,0.22347323076923076
670156,Fastball,67,0.125,0.25,0.22021981818181818
670224,Breaking,58,0.39285714285714285,0.2777777777777778,0.2065625
670224,Fastball,109,0.31746031746031744,0.2,0.23099179999999997
670231,Breaking,185,0.273972602739726,0.35,0.2645209
670231,Fastball,348,0.20945945945945946,0.4225352112676056,0.3356964050632912
670231,Offspeed,75,0.4,0.5416666666666666,0.30710907692307693
670242,Breaking,178,0.5411764705882353,0.23684210526315788,0.23805657894736845
670242,Fastball,343,0.3241758241758242,0.43661971830985913,0.3131808888888889
670242,Offspeed,96,0.5535714285714286,0.24,0.25431343999999995
670541,Breaking,671,0.273972602739726,0.5973154362416108,0.4388544939759036
670541,Fastball,1466,0.15522875816993464,0.6203389830508474,0.4806884781341108
670541,Offspeed,458,0.21145374449339208,0.5210084033613446,0.352223421875
670623,Breaking,900,0.22284122562674094,0.34838709677419355,0.2655335952380953
670623,Fastball,1606,0.09663865546218488,0.5,0.3574121671018277
670623,Offspeed,369,0.22598870056497175,0.3780487804878049,0.2849355348837209
670764,Breaking,406,0.2558139534883721,0.15151515151515152,0.1950591315789474
670764,Fastball,1011,0.17154811715481172,0.35864978902953587,0.28866602230483274
670764,Offspeed,253,0.38461538461538464,0.18333333333333332,0.14804501587301588
670770,Breaking,209,0.32051282051282054,0.26666666666666666,0.22657972
670770,Fastball,652,0.13602941176470587,0.3148148148148148,0.28239180487804877
670770,Offspeed,207,0.4807692307692308,0.13333333333333333,0.1599735652173913
671056,Breaking,917,0.2832512315270936,0.375,0.3166116440677966
671056,Fastball,1578,0.13494318181818182,0.39556962025316456,0.34799569354838716
671056,Offspeed,348,0.3288590604026846,0.375,0.3335958536585366
671083,Breaking,78,0.29411764705882354,0.29411764705882354,0.2814557333333333
671083,Fastball,126,0.19672131147540983,0.14285714285714285,0.30481749999999996
671083,Offspeed,40,0.5333333333333333,0.18181818181818182,0.06439999999999999
671155,Breaking,43,0.5555555555555556,0.0,0.17826866666666666
671155,Fastball,42,0.3333333333333333,0.45454545454545453,0.29931511111111114
671218,Breaking,473,0.3278008298755187,0.4672131147540984,0.34972122222222224
671218,Fastball,1075,0.27204502814258913,0.3832599118942731,0.3198869098360656
671218,Offspeed,190,0.3076923076923077,0.3584905660377358,0.305929320754717
671277,Breaking,621,0.27531645569620256,0.5670731707317073,0.3675278364779874
671277,Fastball,947,0.1504950495049505,0.543859649122807,0.36942668085106384
671277,Offspeed,481,0.2471042471042471,0.3829787234042553,0.2578782695035461
671289,Breaking,295,0.16551724137931034,0.2682926829268293,0.26864862650602406
671289,Fastball,625,0.08681672025723473,0.3448275862068966,0.3349546265060241
671289,Offspeed,106,0.20967741935483872,0.25,0.2628261333333333
671655,Fastball,50,0.23076923076923078,0.5833333333333334,0.2595
671732,Breaking,559,0.3438914027149321,0.4375,0.308952606557377
671732,Fastball,1302,0.22929936305732485,0.39622641509433965,0.3461683322259136
671732,Offspeed,379,0.3352272727272727,0.3488372093023256,0.28502786666666663
671739,Breaking,684,0.3056872037914692,0.514018691588785,0.30332770370370377
671739,Fastball,1180,0.18284789644012944,0.4280442804428044,0.3599798156028369
671739,Offspeed,329,0.3165829145728643,0.4563106796116505,0.3251468910891089
671976,Breaking,498,0.2633587786259542,0.4732142857142857,0.25444604958677686
671976,Fastball,989,0.19653179190751446,0.4708333333333333,0.34899294423791816
671976,Offspeed,284,0.28484848484848485,0.36363636363636365,0.29721602631578947
672012,Breaking,40,0.2631578947368421,0.4,0.27
672012,Fastball,78,0.2,0.6,0.08057142857142859
672016,Breaking,110,0.5,0.08333333333333333,0.11417989473684212
672016,Fastball,229,0.24324324324324326,0.21153846153846154,0.24263016
672016,Offspeed,47,0.4444444444444444,0.09090909090909091,0.2149418
672275,Breaking,373,0.3595505617977528,0.3023255813953488,0.2833828444444444
672275,Fastball,731,0.21525885558583105,0.3584905660377358,0.33248763005780346
672275,Offspeed,250,0.296875,0.2,0.23810681250000001
672284,Breaking,104,0.5111111111111111,0.28,0.33462686956521737
672284,Fastball,176,0.2571428571428571,0.19230769230769232,0.3789308666666667
672284,Offspeed,90,0.5098039215686274,0.3103448275862069,0.2807945333333333
672356,Breaking,223,0.49107142857142855,0.5892857142857143,0.3874418490566037
672356,Fastball,339,0.36627906976744184,0.2716049382716049,0.21425124999999998
672356,Offspeed,63,0.6341463414634146,0.16666666666666666,0.1477222222222222
672386,Breaking,354,0.22674418604651161,0.4380952380952381,0.27070034615384614
672386,Fastball,782,0.14106583072100312,0.4304635761589404,0.3277282275449102
672386,Offspeed,97,0.1276595744680851,0.34615384615384615,0.32284615384615384
672515,Breaking,740,0.20462046204620463,0.42953020134228187,0.2952363896103896
672515,Fastball,1363,0.11610486891385768,0.5537848605577689,0.40533321967213115
672515,Offspeed,271,0.17857142857142858,0.44776119402985076,0.3247676438356164
672580,Breaking,369,0.2366412213740458,0.3793103448275862,0.2858098695652174
672580,Fastball,847,0.11494252873563218,0.373134328358209,0.33889870588235294
672580,Offspeed,97,0.13157894736842105,0.375,0.20131818181818184
672613,Fastball,96,0.12280701754385964,0.3333333333333333,0.23555555555555557
672640,Breaking,873,0.27205882352941174,0.3767441860465116,0.2753375616438356
672640,Fastball,1294,0.10307414104882459,0.5230263157894737,0.4061865384615385
672640,Offspeed,352,0.30288461538461536,0.3302752293577982,0.18884764601769913
672695,Breaking,704,0.14666666666666667,0.3565217391304348,0.31504240298507463
672695,Fastball,1682,0.10810810810810811,0.38153846153846155,0.3375160677083333
672695,Offspeed,474,0.13004484304932734,0.3418803418803419,0.3045199846153846
672724,Breaking,480,0.4015151515151515,0.2698412698412698,0.23283188800000001
672724,Fastball,792,0.21311475409836064,0.36,0.31346854347826086
672724,Offspeed,177,0.3867924528301887,0.375,0.2242032307692308
672761,Breaking,161,0.2,0.0967741935483871,0.24431393333333332
672761,Fastball,396,0.15343915343915343,0.38461538461538464,0.3081888301886792
672761,Offspeed,145,0.23376623376623376,0.46153846153846156,0.17898468421052635
672820,Breaking,175,0.25,0.15217391304347827,0.15863952173913046
672820,Fastball,252,0.16911764705882354,0.35714285714285715,0.31116731999999997
672820,Offspeed,55,0.2972972972972973,0.36363636363636365,0.31657894736842107
672960,Breaking,931,0.3857493857493858,0.41397849462365593,0.2848395073891626
672960,Fastball,1450,0.2938718662952646,0.48757763975155277,0.35290934831460674
672960,Offspeed,292,0.33093525179856115,0.3709677419354839,0.3067341818181818
673237,Breaking,401,0.2422907488986784,0.3739130434782609,0.30153808620689654
673237,Fastball,589,0.2006172839506173,0.4785276073619632,0.3183357844311377
673237,Offspeed,149,0.22826086956521738,0.5614035087719298,0.3166603333333333
673357,Breaking,296,0.375,0.3225806451612903,0.27048267741935483
673357,Fastball,539,0.22142857142857142,0.475177304964539,0.35557409271523177
673357,Offspeed,126,0.38095238095238093,0.17647058823529413,0.20014223529411768
673490,Breaking,127,0.22916666666666666,0.17857142857142858,0.21620124137931038
673490,Fastball,417,0.18285714285714286,0.09523809523809523,0.21018665957446805
673490,Offspeed,48,0.26666666666666666,0.18181818181818182,0.19261816666666665
673548,Breaking,983,0.2926208651399491,0.40669856459330145,0.2710304932735426
673548,Fastball,1436,0.17586206896551723,0.498220640569395,0.3768113411078717
673548,Offspeed,237,0.3333333333333333,0.475,0.32807982608695646
673962,Breaking,545,0.24279835390946503,0.3851851851851852,0.31403834782608697
673962,Fastball,937,0.13876651982378854,0.47767857142857145,0.36638177599999994
673962,Offspeed,164,0.27586206896551724,0.5625,0.3110007450980392
675085,Fastball,48,0.15,0.6666666666666666,0.0
675659,Fastball,54,0.30303030303030304,0.05555555555555555,0.167
675961,Breaking,290,0.3769230769230769,0.26865671641791045,0.13436036363636364
675961,Fastball,480,0.14181818181818182,0.52,0.31040860465116277
675961,Offspeed,111,0.2542372881355932,0.3225806451612903,0.2275443125
676070,Fastball,42,0.35294117647058826,0.5,0.0
676356,Breaking,392,0.3532608695652174,0.39215686274509803,0.2249431089108911
676356,Fastball,753,0.18765432098765433,0.4427860696517413,0.2793506403940887
676356,Offspeed,170,0.28846153846153844,0.3111111111111111,0.23337313636363638
676369,Breaking,136,0.36,0.2692307692307692,0.3410097692307692
676369,Fastball,272,0.34459459459459457,0.581081081081081,0.3728396666666667
676369,Offspeed,76,0.55,0.0,0.13969230769230767
676391,Breaking,602,0.2375366568914956,0.31382978723404253,0.22740002094240835
676391,Fastball,1064,0.09090909090909091,0.40498442367601245,0.2808276964285714
676391,Offspeed,256,0.21875,0.3333333333333333,0.24308937349397589
676439,Breaking,336,0.29508196721311475,0.15873015873015872,0.20137081967213113
676439,Fastball,532,0.15966386554621848,0.38333333333333336,0.3621786716417911
676439,Offspeed,162,0.38571428571428573,0.35294117647058826,0.3353444736842105
676475,Breaking,792,0.2727272727272727,0.3736842105263158,0.33818604784688994
676475,Fastball,1264,0.20948012232415902,0.5067567567567568,0.40753793650793657
676475,Offspeed,446,0.18823529411764706,0.4838709677419355,0.32687160305343504
676551,Fastball,115,0.45901639344262296,0.36363636363636365,0.30451953846153845
676572,Breaking,78,0.2962962962962963,0.1875,0.24509757142857141
676572,Fastball,143,0.3055555555555556,0.46875,0.31500875862068967
676572,Offspeed,43,0.1875,0.0,0.31626866666666664
676609,Breaking,590,0.3553113553113553,0.3402777777777778,0.23600025675675676
676609,Fastball,1080,0.23877917414721722,0.35454545454545455,0.30681338589211615
676609,Offspeed,198,0.2631578947368421,0.39622641509433965,0.2899173333333333
676694,Breaking,202,0.35714285714285715,0.21428571428571427,0.21009177272727272
676694,Fastball,310,0.13259668508287292,0.4222222222222222,0.29471513978494623
676694,Offspeed,65,0.3333333333333333,0.1111111111111111,0.1583125
676724,Breaking,407,0.3548387096774194,0.41836734693877553,0.27682401941747575
676724,Fastball,773,0.19346049046321526,0.391812865497076,0.3372572021276596
676724,Offspeed,201,0.22641509433962265,0.49019607843137253,0.34792976470588244
676914,Breaking,229,0.35365853658536583,0.05,0.1430874285714286
676914,Fastball,438,0.3192771084337349,0.352112676056338,0.32871158139534884
676914,Offspeed,58,0.2413793103448276,0.6842105263157895,0.3533565555555555
677008,Fastball,59,0.37037037037037035,0.16666666666666666,0.085
677060,Breaking,68,0.5,0.08333333333333333,0.238653
677060,Fastball,110,0.2692307692307692,0.06666666666666667,0.23128359999999998
677347,Fastball,45,0.23809523809523808,0.0,0.3095254
677587,Breaking,616,0.3046875,0.32407407407407407,0.26313478333333334
677587,Fastball,1183,0.14423076923076922,0.42662116040955633,0.32703285893416933
677587,Offspeed,450,0.3168724279835391,0.32061068702290074,0.24530178787878787
677588,Breaking,360,0.4383561643835616,0.28378378378378377,0.21050786666666668
677588,Fastball,621,0.25471698113207547,0.44360902255639095,0.34648317567567566
677588,Offspeed,255,0.3969465648854962,0.265625,0.26330912500000003
677592,Breaking,136,0.43661971830985913,0.6944444444444444,0.37183434285714284
677592,Fastball,254,0.28776978417266186,0.2727272727272727,0.29027820689655165
677592,Offspeed,71,0.5128205128205128,0.55,0.17670588235294116
677594,Breaking,801,0.35626535626535627,0.33516483516483514,0.29152529533678756
677594,Fastball,1335,0.19158200290275762,0.4152046783625731,0.3516790948509485
677594,Offspeed,299,0.34545454545454546,0.5428571428571428,0.36392630136986304
677595,Breaking,74,0.5208333333333334,0.125,0.14085
677595,Fastball,90,0.18867924528301888,0.35,0.2885810909090909
677649,Breaking,756,0.344559585492228,0.47058823529411764,0.2775438411214953
677649,Fastball,1324,0.21052631578947367,0.4072727272727273,0.33440270394736843
677649,Offspeed,245,0.2746478873239437,0.39655172413793105,0.23404806779661017
677800,Breaking,661,0.25510204081632654,0.5100671140939598,0.3527963850931677
677800,Fastball,1669,0.23341836734693877,0.46273291925465837,0.356702
677800,Offspeed,403,0.2818181818181818,0.35537190082644626,0.3248628721804511
677870,Breaking,236,0.358695652173913,0.09090909090909091,0.24213186666666667
677870,Fastball,462,0.14432989690721648,0.31313131313131315,0.361983185840708
677870,Offspeed,116,0.4126984126984127,0.29411764705882354,0.2516593529411765
677942,Breaking,321,0.3353658536585366,0.4482758620689655,0.36484676744186045
677942,Fastball,712,0.2243436754176611,0.4144736842105263,0.3574799259259259
677942,Offspeed,109,0.29508196721311475,0.2727272727272727,0.2849505625
677943,Fastball,61,0.3076923076923077,0.125,0.21910000000000002
677950,Breaking,159,0.313953488372093,0.20833333333333334,0.2576853333333333
677950,Fastball,232,0.23076923076923078,0.40384615384615385,0.3305724
677950,Offspeed,96,0.2982456140350877,0.6071428571428571,0.22460000000000002
677951,Breaking,796,0.32390745501285345,0.36619718309859156,0.30920242396313363
677951,Fastball,1291,0.20888157894736842,0.48375451263537905,0.4150142531645569
677951,Offspeed,215,0.21008403361344538,0.4838709677419355,0.42049721875
677956,Breaking,117,0.4915254237288136,0.3076923076923077,0.11676527272727273
677956,Fastball,127,0.3181818181818182,0.5588235294117647,0.26210969696969694
677956,Offspeed,57,0.43243243243243246,0.0,0.16522222222222221
678009,Breaking,43,0.06666666666666667,0.7272727272727273,0.347374
678009,Fastball,115,0.1509433962264151,0.34782608695652173,0.2804021176470588
678009,Offspeed,49,0.34615384615384615,0.23076923076923078,0.14261538461538462
678011,Breaking,144,0.30158730158730157,0.3870967741935484,0.26050594117647063
678011,Fastball,400,0.20540540540540542,0.46511627906976744,0.3720908823529412
678011,Offspeed,100,0.20833333333333334,0.25,0.19315935294117645
678218,Breaking,248,0.3671875,0.4897959183673469,0.3184086315789474
678218,Fastball,633,0.17665615141955837,0.3191489361702128,0.3085882012578616
678218,Offspeed,220,0.3786407766990291,0.3404255319148936,0.29265824489795916
678246,Breaking,852,0.21971830985915494,0.42613636363636365,0.364249876923077
678246,Fastball,1736,0.21052631578947367,0.49725274725274726,0.383696524361949
678246,Offspeed,226,0.16831683168316833,0.4807692307692308,0.40592130909090907
678391,Breaking,347,0.2411764705882353,0.3924050632911392,0.28310432183908046
678391,Fastball,766,0.0975609756097561,0.33714285714285713,0.3122849615384615
678391,Offspeed,225,0.36752136752136755,0.20689655172413793,0.22990261016949148
678489,Breaking,183,0.323943661971831,0.3142857142857143,0.1772868
678489,Fastball,498,0.2626728110599078,0.4,0.24659188349514563
678489,Offspeed,116,0.21666666666666667,0.5652173913043478,0.2984280909090909
678545,Breaking,159,0.3387096774193548,0.3142857142857143,0.2492289411764706
678545,Fastball,328,0.18823529411764706,0.3815789473684211,0.301878
678545,Offspeed,90,0.2777777777777778,0.3333333333333333,0.28037830769230765
678554,Breaking,436,0.2929936305732484,0.43820224719101125,0.29023166
678554,Fastball,859,0.1384180790960452,0.5449101796407185,0.3895030543478261
678554,Offspeed,161,0.14285714285714285,0.4358974358974359,0.37032692682926827
678577,Fastball,85,0.3333333333333333,0.15,0.24830561904761905
678662,Breaking,611,0.33506493506493507,0.375,0.27512432369942197
678662,Fastball,1080,0.2419871794871795,0.34177215189873417,0.2995526588235294
678662,Offspeed,201,0.425531914893617,0.3508771929824561,0.205393298245614
678882,Breaking,674,0.27735368956743,0.5310734463276836,0.2831767191011236
678882,Fastball,1236,0.23196605374823195,0.37,0.28744335275080907
678882,Offspeed,250,0.27702702702702703,0.5844155844155844,0.26572751351351354
679529,Breaking,889,0.4110787172011662,0.40236686390532544,0.23955725274725276
679529,Fastball,1392,0.2282958199356913,0.4966216216216216,0.37871064534883725
679529,Offspeed,352,0.4585987261146497,0.2191780821917808,0.1877763287671233
679822,Breaking,304,0.25984251968503935,0.39473684210526316,0.3184447594936709
679822,Fastball,580,0.1971326164874552,0.5206611570247934,0.34587798473282444
679822,Offspeed,127,0.1935483870967742,0.4666666666666667,0.25693333333333335
679845,Breaking,550,0.3316831683168317,0.2818181818181818,0.2584894838709677
679845,Fastball,907,0.07751937984496124,0.47085201793721976,0.31789417073170734
679845,Offspeed,190,0.2804878048780488,0.22727272727272727,0.24990591304347823
680474,Breaking,122,0.2926829268292683,0.28,0.27017199999999997
680474,Fastball,246,0.2222222222222222,0.4489795918367347,0.3604621509433963
680474,Offspeed,68,0.4864864864864865,0.2727272727272727,0.18762145454545454
680574,Breaking,646,0.3384615384615385,0.35,0.2729143905325444
680574,Fastball,1174,0.23484848484848486,0.3922413793103448,0.33346
680574,Offspeed,196,0.375,0.2549019607843137,0.18615344
680636,Fastball,40,0.38461538461538464,0.6666666666666666,0.0
680664,Breaking,143,0.23943661971830985,0.5862068965517241,0.3705414193548387
680664,Fastball,278,0.22077922077922077,0.5263157894736842,0.33920269333333336
680664,Offspeed,55,0.43243243243243246,0.75,0.3920625
680700,Breaking,434,0.25961538461538464,0.26136363636363635,0.23393301123595506
680700,Fastball,831,0.13031914893617022,0.39901477832512317,0.3283906806722689
680700,Offspeed,251,0.3333333333333333,0.4,0.3395160769230769
680716,Fastball,46,0.3125,0.4,0.31784179999999995
680718,Breaking,42,0.38461538461538464,0.16666666666666666,0.378903
680718,Fastball,119,0.203125,0.35714285714285715,0.20906269999999996
680728,Breaking,231,0.33980582524271846,0.24,0.22373375
680728,Fastball,407,0.23076923076923078,0.3829787234042553,0.31513082352941174
680728,Offspeed,142,0.38461538461538464,0.22857142857142856,0.13376470588235295
680737,Breaking,42,0.23076923076923078,0.7272727272727273,0.09044444444444445
680737,Fastball,72,0.17073170731707318,0.17647058823529413,0.22471037500000002
680757,Breaking,583,0.14832535885167464,0.34328358208955223,0.27803574647887325
680757,Fastball,1815,0.05636070853462158,0.36904761904761907,0.35571760913705586
680757,Offspeed,267,0.11864406779661017,0.25,0.26924896
680776,Breaking,633,0.4161490683229814,0.2982456140350877,0.2457731907514451
680776,Fastball,1237,0.2753623188405797,0.4253731343283582,0.3571586894197953
680776,Offspeed,405,0.386046511627907,0.3076923076923077,0.24171889256198345
680777,Breaking,505,0.2916666666666667,0.5,0.31108059615384615
680777,Fastball,861,0.11049723756906077,0.4690721649484536,0.3625669671361503
680777,Offspeed,189,0.20512820512820512,0.2972972972972973,0.30895061904761906
680779,Breaking,314,0.3006134969325153,0.2535211267605634,0.2570417567567568
680779,Fastball,674,0.21727019498607242,0.4088050314465409,0.3174141005586592
680779,Offspeed,150,0.3291139240506329,0.06896551724137931,0.2018255625
680869,Breaking,509,0.2980769230769231,0.4,0.2734799837398374
680869,Fastball,972,0.26569037656903766,0.509009009009009,0.3529090373443983
680869,Offspeed,181,0.37777777777777777,0.3953488372093023,0.2804580416666666
680977,Breaking,178,0.27380952380952384,0.3023255813953488,0.26344085714285714
680977,Fastball,442,0.11956521739130435,0.5217391304347826,0.3383283010752688
680977,Offspeed,71,0.2571428571428571,0.42857142857142855,0.3104280909090909
681047,Breaking,94,0.3,0.047619047619047616,0.11702033333333334
681047,Fastball,156,0.24193548387096775,0.25925925925925924,0.4397885925925926
681082,Breaking,654,0.20723684210526316,0.3870967741935484,0.2771656363636364
681082,Fastball,1499,0.17495711835334476,0.4421052631578947,0.3613425220125786
681082,Offspeed,373,0.2057142857142857,0.29411764705882354,0.3093895
681198,Breaking,752,0.28,0.4502923976608187,0.3002585573770492
681198,Fastball,1317,0.12923076923076923,0.44666666666666666,0.35117144347826085
681198,Offspeed,354,0.22598870056497175,0.3953488372093023,0.323905511627907
681230,Fastball,57,0.17857142857142858,0.2727272727272727,0.10600000000000001
681297,Breaking,540,0.4358974358974359,0.38596491228070173,0.24460771681415927
681297,Fastball,790,0.2257142857142857,0.4117647058823529,0.4024270054054054
681297,Offspeed,397,0.39325842696629215,0.23809523809523808,0.20758531818181816
681351,Breaking,363,0.3526570048309179,0.3707865168539326,0.24210849462365594
681351,Fastball,547,0.19767441860465115,0.2805755395683453,0.3055471034482759
681351,Offspeed,127,0.43548387096774194,0.18181818181818182,0.1739519411764706
681393,Breaking,471,0.4416243654822335,0.32653061224489793,0.2486094054054054
681393,Fastball,805,0.20861678004535147,0.45454545454545453,0.34183490909090913
681393,Offspeed,211,0.37142857142857144,0.2222222222222222,0.26853644
681481,Breaking,371,0.37058823529411766,0.24,0.21620469333333336
681481,Fastball,546,0.23272727272727273,0.43410852713178294,0.34634283969465646
681481,Offspeed,191,0.3063063063063063,0.5106382978723404,0.2787977551020408
681508,Breaking,258,0.2,0.29545454545454547,0.319119125
681508,Fastball,428,0.10674157303370786,0.5882352941176471,0.424797918699187
681508,Offspeed,162,0.2876712328767123,0.3829787234042553,0.23146459574468084
681546,Breaking,207,0.44554455445544555,0.40384615384615385,0.19183232653061225
681546,Fastball,397,0.3058252427184466,0.43037974683544306,0.29345617500000004
681546,Offspeed,164,0.6,0.11904761904761904,0.11472500000000001
681624,Breaking,632,0.27439024390243905,0.48717948717948717,0.30028264556962025
681624,Fastball,1466,0.18141592920353983,0.4401294498381877,0.36162558260869565
681624,Offspeed,250,0.27358490566037735,0.35294117647058826,0.3339104528301887
681715,Breaking,621,0.3713235294117647,0.48226950354609927,0.3504417254901961
681715,Fastball,1091,0.26862745098039215,0.43209876543209874,0.3653563076923077
681715,Offspeed,278,0.48214285714285715,0.33962264150943394,0.2634154333333333
681807,Breaking,292,0.32710280373831774,0.21739130434782608,0.18172124999999997
681807,Fastball,506,0.24358974358974358,0.4649122807017544,0.2988174262295082
681807,Offspeed,135,0.390625,0.24,0.25933351724137926
681987,Breaking,112,0.36,0.05,0.26986
681987,Fastball,174,0.22988505747126436,0.21212121212121213,0.3227955
682177,Breaking,365,0.358695652173913,0.29545454545454547,0.226823816091954
682177,Fastball,605,0.2619047619047619,0.373134328358209,0.33892775172413797
682177,Offspeed,195,0.4019607843137255,0.2553191489361702,0.24124658333333335
682622,Breaking,295,0.3393939393939394,0.32432432432432434,0.2639471621621622
682622,Fastball,442,0.2191780821917808,0.26548672566371684,0.21566992307692312
682622,Offspeed,86,0.32,0.6956521739130435,0.2232105263157895
682626,Breaking,578,0.40551181102362205,0.4230769230769231,0.2978326470588235
682626,Fastball,965,0.3052391799544419,0.3826530612244898,0.3334074611872146
682626,Offspeed,209,0.3619047619047619,0.48,0.3546195555555556
682634,Breaking,66,0.6818181818181818,0.4,0.09555225
682634,Fastball,86,0.1951219512195122,0.3181818181818182,0.2969552307692308
682641,Fastball,83,0.22916666666666666,0.21739130434782608,0.13895523076923078
682657,Breaking,402,0.27488151658767773,0.6162790697674418,0.296349976744186
682657,Fastball,793,0.15517241379310345,0.4975369458128079,0.3376673684210526
682657,Offspeed,300,0.2513089005235602,0.3434343434343434,0.24508333333333335
682663,Breaking,307,0.3310344827586207,0.43103448275862066,0.2875469206349206
682663,Fastball,539,0.2490566037735849,0.3484848484848485,0.2781323194444444
682663,Offspeed,164,0.4268292682926829,0.3225806451612903,0.3016533548387097
682668,Breaking,249,0.3392857142857143,0.296875,0.19296825396825396
682668,Fastball,444,0.16371681415929204,0.28205128205128205,0.3277028771929824
682668,Offspeed,126,0.3972602739726027,0.16216216216216217,0.16024324324324324
682674,Breaking,165,0.43956043956043955,0.38636363636363635,0.28186045000000004
682674,Fastball,206,0.2,0.4727272727272727,0.2876682641509434
682674,Offspeed,70,0.358974358974359,0.5714285714285714,0.40972446153846154
682729,Fastball,73,0.3076923076923077,0.3333333333333333,0.3056836
682818,Breaking,182,0.3793103448275862,0.2608695652173913,0.2137608695652174
682818,Fastball,391,0.2019704433497537,0.4125,0.3801546292134831
682818,Offspeed,133,0.2537313432835821,0.5454545454545454,0.2647519111111111
682829,Breaking,826,0.3728813559322034,0.38372093023255816,0.26960312707182316
682829,Fastball,1283,0.19324577861163228,0.5815602836879432,0.43034875
682829,Offspeed,529,0.37083333333333335,0.5462962962962963,0.3789401754385965
682848,Breaking,171,0.2894736842105263,0.34210526315789475,0.27296838095238096
682848,Fastball,344,0.2077922077922078,0.5945945945945946,0.39693451111111117
682848,Offspeed,102,0.3673469387755102,0.25,0.23914753846153847
682877,Breaking,123,0.3559322033898305,0.2962962962962963,0.2912483448275862
682877,Fastball,231,0.19230769230769232,0.5714285714285714,0.36112026923076923
682877,Offspeed,86,0.38636363636363635,0.125,0.16020081818181817
682927,Breaking,48,0.21212121212121213,0.25,0.2435625
682927,Fastball,133,0.14666666666666667,0.3448275862068966,0.30944543750000003
682928,Breaking,926,0.3644067796610169,0.4642857142857143,0.29561201666666664
682928,Fastball,1252,0.2222222222222222,0.5227272727272727,0.36475604054054056
682928,Offspeed,359,0.3383084577114428,0.5208333333333334,0.32135814141414143
682985,Breaking,618,0.35580524344569286,0.5203252032520326,0.39969592366412215
682985,Fastball,1342,0.21473354231974923,0.5400696864111498,0.40764559501557635
682985,Offspeed,525,0.44176706827309237,0.30357142857142855,0.24855885245901638
682987,Breaking,333,0.43783783783783786,0.3625,0.2788598823529412
682987,Fastball,670,0.32456140350877194,0.5196850393700787,0.37585744444444447
682987,Offspeed,209,0.49557522123893805,0.3958333333333333,0.24549658333333332
682988,Breaking,60,0.1875,0.5454545454545454,0.3908783076923077
682988,Fastball,95,0.2619047619047619,0.3157894736842105,0.3023313043478261
682997,Breaking,134,0.3114754098360656,0.32142857142857145,0.26508733333333334
682997,Fastball,248,0.31690140845070425,0.5283018867924528,0.27597237037037037
682997,Offspeed,82,0.5,0.21739130434782608,0.1745909090909091
682998,Breaking,691,0.26517571884984026,0.4437869822485207,0.33503687431693985
682998,Fastball,1540,0.29260935143288086,0.5102040816326531,0.35507306470588235
682998,Offspeed,389,0.2545454545454545,0.4017094017094017,0.33095706557377047
683002,Breaking,817,0.3020304568527919,0.4263959390862944,0.2766881706161137
683002,Fastball,1498,0.18687589158345222,0.3954983922829582,0.3486716147308782
683002,Offspeed,505,0.24696356275303644,0.4132231404958678,0.32580719379844963
683011,Breaking,280,0.2589928057553957,0.2911392405063291,0.2518413333333333
683011,Fastball,550,0.21951219512195122,0.3644859813084112,0.3277726984126984
683011,Offspeed,95,0.3488372093023256,0.3333333333333333,0.2224761904761905
683021,Breaking,47,0.25,0.3333333333333333,0.24204179999999997
683021,Fastball,99,0.045454545454545456,0.6,0.3415834545454546
683083,Breaking,462,0.24083769633507854,0.21782178217821782,0.24337007476635517
683083,Fastball,1277,0.19536423841059603,0.23715415019762845,0.2893864946236559
683083,Offspeed,291,0.2645161290322581,0.2727272727272727,0.22402779310344825
683090,Fastball,40,0.42105263157894735,0.0,0.190774
683146,Breaking,546,0.37751004016064255,0.28695652173913044,0.2684997096774194
683146,Fastball,1025,0.2260536398467433,0.4434782608695652,0.3513874229249012
683146,Offspeed,351,0.39880952380952384,0.3116883116883117,0.2961159512195122
683227,Breaking,85,0.21212121212121213,0.5294117647058824,0.2815601
683227,Fastball,264,0.15454545454545454,0.23636363636363636,0.20095915789473684
683357,Breaking,440,0.44607843137254904,0.22772277227722773,0.2122232181818182
683357,Fastball,709,0.25742574257425743,0.48175182481751827,0.3579590126582278
683357,Offspeed,254,0.4485294117647059,0.5517241379310345,0.32201101639344265
683679,Breaking,68,0.2727272727272727,0.3333333333333333,0.20804644444444445
683679,Fastball,131,0.19736842105263158,0.5142857142857142,0.3627157575757575
683734,Breaking,480,0.29375,0.2222222222222222,0.23594826666666668
683734,Fastball,750,0.11501597444089456,0.5730994152046783,0.3767450315789474
683734,Offspeed,191,0.3,0.38636363636363635,0.32198021739130434
683737,Breaking,915,0.3699421965317919,0.4267515923566879,0.3062871912568306
683737,Fastball,1437,0.14457831325301204,0.43202416918429004,0.3734819532467532
683737,Offspeed,452,0.4320388349514563,0.2169811320754717,0.2291580350877193
683748,Breaking,240,0.26356589147286824,0.4032258064516129,0.2655851515151515
683748,Fastball,537,0.2517241379310345,0.5163934426229508,0.34960391608391606
683748,Offspeed,110,0.2727272727272727,0.5833333333333334,0.3953333333333333
683766,Breaking,222,0.3867924528301887,0.3275862068965517,0.24187734545454545
683766,Fastball,467,0.22264150943396227,0.34615384615384615,0.2593817054263566
683766,Offspeed,77,0.4782608695652174,0.2631578947368421,0.14541176470588235
683953,Breaking,611,0.3211009174311927,0.36585365853658536,0.23013467669172932
683953,Fastball,1123,0.17993079584775087,0.4749034749034749,0.34461248160535113
683953,Offspeed,317,0.37209302325581395,0.3333333333333333,0.2518561818181818
685133,Breaking,321,0.2764227642276423,0.2698412698412698,0.2829471176470588
685133,Fastball,619,0.12280701754385964,0.39644970414201186,0.3402714020618557
685133,Offspeed,233,0.36283185840707965,0.4107142857142857,0.26139285714285715
686217,Breaking,367,0.14465408805031446,0.40229885057471265,0.2530211034482759
686217,Fastball,971,0.09223300970873786,0.31277533039647576,0.2864500655737705
686217,Offspeed,141,0.06451612903225806,0.2,0.2915692121212122
686452,Breaking,165,0.3815789473684211,0.11904761904761904,0.2088560487804878
686452,Fastball,366,0.13725490196078433,0.2972972972972973,0.30769331707317077
686452,Offspeed,97,0.3333333333333333,0.34782608695652173,0.21678260869565216
686469,Breaking,574,0.21338912133891214,0.3113207547169811,0.31044822608695655
686469,Fastball,1020,0.09494949494949495,0.42292490118577075,0.34297053191489363
686469,Offspeed,274,0.25190839694656486,0.543859649122807,0.3430239365079365
686475,Breaking,156,0.38636363636363635,0.5,0.2576891219512195
686475,Fastball,309,0.18309859154929578,0.3472222222222222,0.3135564736842105
686475,Offspeed,82,0.5454545454545454,0.35,0.26103800000000005
686527,Breaking,630,0.3674911660777385,0.4580152671755725,0.28595128985507245
686527,Fastball,935,0.17752808988764046,0.5531914893617021,0.4142898455598456
686527,Offspeed,404,0.3080568720379147,0.39622641509433965,0.30988899115044244
686555,Breaking,427,0.29931972789115646,0.34615384615384615,0.2652609534883721
686555,Fastball,1286,0.15083798882681565,0.34191176470588236,0.3235071815384616
686555,Offspeed,344,0.38571428571428573,0.23333333333333334,0.21371634408602153
686611,Breaking,496,0.4652173913043478,0.3564356435643564,0.29733114285714285
686611,Fastball,929,0.19723865877712032,0.3895582329317269,0.33805542124542126
686611,Offspeed,186,0.47,0.24,0.22404929166666665
686668,Breaking,263,0.39855072463768115,0.24285714285714285,0.1775642295081967
686668,Fastball,450,0.2076271186440678,0.3783783783783784,0.296111743119266
686668,Offspeed,112,0.463768115942029,0.425,0.20734405128205127
686681,Breaking,407,0.29949238578680204,0.5903614457831325,0.32346822471910114
686681,Fastball,936,0.14545454545454545,0.4331983805668016,0.31254551127819546
686681,Offspeed,250,0.23225806451612904,0.2875,0.263
686765,Breaking,293,0.2403846153846154,0.2727272727272727,0.24002426666666665
686765,Fastball,570,0.15319148936170213,0.464,0.33991970068027216
686765,Offspeed,224,0.2872340425531915,0.3404255319148936,0.3044048163265306
686780,Breaking,268,0.31386861313868614,0.3,0.2190714029850746
686780,Fastball,483,0.18803418803418803,0.3516483516483517,0.33262916831683165
686780,Offspeed,133,0.5230769230769231,0.20588235294117646,0.1626380625
686797,Breaking,737,0.26525198938992045,0.4303030303030303,0.24871049122807018
686797,Fastball,1116,0.1477832512315271,0.5156794425087108,0.3225141508196721
686797,Offspeed,565,0.25249169435215946,0.28368794326241137,0.2180851510791367
686823,Fastball,66,0.05,0.0,0.205
686894,Breaking,130,0.38181818181818183,0.10714285714285714,0.16458688000000002
686894,Fastball,219,0.24175824175824176,0.7619047619047619,0.3405822926829268
686894,Offspeed,55,0.32,0.8666666666666667,0.4827397499999999
686948,Breaking,704,0.34959349593495936,0.39204545454545453,0.301170306010929
686948,Fastball,1352,0.18796992481203006,0.528169014084507,0.4093233015873016
686948,Offspeed,348,0.25668449197860965,0.4111111111111111,0.35288325252525254
687093,Breaking,541,0.2974910394265233,0.41216216216216217,0.2574343184713376
687093,Fastball,984,0.16447368421052633,0.4444444444444444,0.36148573390557937
687093,Offspeed,212,0.2743362831858407,0.1896551724137931,0.2525414193548387
687221,Breaking,266,0.3643410852713178,0.6825396825396826,0.37871873529411765
687221,Fastball,569,0.2932330827067669,0.43333333333333335,0.34371052307692307
687221,Offspeed,191,0.3711340206185567,0.3191489361702128,0.2794417083333333
687231,Breaking,198,0.32222222222222224,0.35135135135135137,0.27508351351351357
687231,Fastball,375,0.1925133689839572,0.2962962962962963,0.2723807816091954
687231,Offspeed,89,0.3333333333333333,0.2,0.2182850322580645
687263,Breaking,1036,0.453125,0.3333333333333333,0.22624589787234042
687263,Fastball,1316,0.20771513353115728,0.5585284280936454,0.39465804154302675
687263,Offspeed,448,0.43859649122807015,0.23711340206185566,0.24646174311926605
687282,Breaking,106,0.4098360655737705,0.2857142857142857,0.16222727272727272
687282,Fastball,180,0.2079207920792079,0.2619047619047619,0.22560381818181818
687282,Offspeed,58,0.3888888888888889,0.3333333333333333,0.20705
687363,Breaking,217,0.29357798165137616,0.24561403508771928,0.24688073684210524
687363,Fastball,430,0.1921182266009852,0.2631578947368421,0.2878174705882353
687363,Offspeed,98,0.40540540540540543,0.21739130434782608,0.21899180000000001
687401,Breaking,508,0.2766990291262136,0.4166666666666667,0.22027944537815128
687401,Fastball,966,0.14888888888888888,0.41363636363636364,0.3446061869918699
687401,Offspeed,161,0.3157894736842105,0.24324324324324326,0.19274544444444444
687462,Breaking,520,0.215962441314554,0.336283185840708,0.2824944833333333
687462,Fastball,1044,0.1340909090909091,0.3700440528634361,0.32970246969696965
687462,Offspeed,245,0.2,0.3958333333333333,0.3122418
687515,Breaking,135,0.37037037037037035,0.41304347826086957,0.25510274418604656
687515,Fastball,248,0.30405405405405406,0.42857142857142855,0.27240375510204085
687515,Offspeed,98,0.36065573770491804,0.11538461538461539,0.19340133333333334
687529,Breaking,128,0.5,0.20689655172413793,0.22204889655172413
687529,Fastball,225,0.21505376344086022,0.3953488372093023,0.36068160784313724
687529,Offspeed,50,0.4666666666666667,0.0,0.085
687551,Breaking,427,0.2542372881355932,0.4157303370786517,0.3109952043010753
687551,Fastball,906,0.1778975741239892,0.4068627450980392,0.3536711703056769
687551,Offspeed,269,0.3008130081300813,0.3559322033898305,0.29647786666666665
687597,Breaking,272,0.3669064748201439,0.30158730158730157,0.26235037288135593
687597,Fastball,370,0.20218579234972678,0.3333333333333333,0.24936945679012346
687597,Offspeed,105,0.45588235294117646,0.2413793103448276,0.19147761538461536
687605,Breaking,40,0.5833333333333334,0.25,0.2524784
687605,Fastball,52,0.19230769230769232,0.7142857142857143,0.348125
687637,Breaking,416,0.3129251700680272,0.2988505747126437,0.23528840860215053
687637,Fastball,810,0.1967654986522911,0.36666666666666664,0.3193125427135678
687637,Offspeed,246,0.3333333333333333,0.40384615384615385,0.2969138596491228
687749,Breaking,104,0.5161290322580645,0.28125,0.25163331034482755
687749,Fastball,224,0.2222222222222222,0.3148148148148148,0.26986772549019605
687749,Offspeed,58,0.5,0.3157894736842105,0.15259999999999999
687859,Breaking,474,0.27075812274368233,0.48120300751879697,0.2865531571428571
687859,Fastball,935,0.23218390804597702,0.3989071038251366,0.3604421442307692
687859,Offspeed,257,0.25477707006369427,0.38636363636363635,0.2895860459770115
687952,Breaking,206,0.3560606060606061,0.3787878787878788,0.2648952222222222
687952,Fastball,475,0.24074074074074073,0.5612244897959183,0.3545321132075472
687952,Offspeed,94,0.35384615384615387,0.6538461538461539,0.4589565714285714
687957,Breaking,152,0.34328358208955223,0.3,0.2772374545454545
687957,Fastball,243,0.09401709401709402,0.36507936507936506,0.33845058333333333
687957,Offspeed,79,0.2553191489361702,0.5769230769230769,0.28874074074074074
688363,Breaking,162,0.28205128205128205,0.3157894736842105,0.15886523529411764
688363,Fastball,357,0.17575757575757575,0.4,0.2901297931034483
688363,Offspeed,132,0.2698412698412698,0.2962962962962963,0.2005925925925926
689172,Fastball,46,0.23809523809523808,0.8,0.0
689414,Breaking,589,0.19289340101522842,0.43636363636363634,0.30021608
689414,Fastball,1088,0.048879837067209775,0.4199288256227758,0.339919726984127
689414,Offspeed,348,0.21794871794871795,0.4418604651162791,0.28772264444444445
690022,Fastball,83,0.26666666666666666,0.6842105263157895,0.17480225
690291,Fastball,55,0.08695652173913043,0.2727272727272727,0.5047295
690924,Breaking,119,0.42857142857142855,0.0967741935483871,0.09307407407407407
690924,Fastball,212,0.26373626373626374,0.4878048780487805,0.295785625
690976,Breaking,334,0.4051724137931034,0.25757575757575757,0.2816592876712328
690976,Fastball,632,0.19133574007220217,0.4122137404580153,0.32831657971014494
690976,Offspeed,222,0.39759036144578314,0.1836734693877551,0.24952690566037736
690984,Breaking,183,0.27102803738317754,0.23404255319148937,0.2237098775510204
690984,Fastball,389,0.2894736842105263,0.37755102040816324,0.3148628543689321
690984,Offspeed,82,0.1320754716981132,0.28125,0.30686666666666673
690993,Breaking,388,0.3381294964028777,0.47058823529411764,0.37582974712643674
690993,Fastball,913,0.13493975903614458,0.39351851851851855,0.35642141125541127
690993,Offspeed,385,0.3567567567567568,0.37755102040816324,0.24300251485148514
691002,Breaking,69,0.2647058823529412,0.5,0.36566666666666664
691002,Fastball,70,0.2894736842105263,0.7647058823529411,0.3287058823529412
691011,Breaking,222,0.3434343434343434,0.2727272727272727,0.23764942307692305
691011,Fastball,332,0.20652173913043478,0.3977272727272727,0.32335498969072163
691011,Offspeed,193,0.4411764705882353,0.12,0.1727164230769231
691016,Breaking,531,0.36231884057971014,0.5360824742268041,0.2994959619047619
691016,Fastball,941,0.14680851063829786,0.49411764705882355,0.3610515123674912
691016,Offspeed,307,0.3161764705882353,0.2777777777777778,0.21492386440677966
691019,Breaking,187,0.42857142857142855,0.1891891891891892,0.2216437619047619
691019,Fastball,313,0.32515337423312884,0.421875,0.35960236363636366
691019,Offspeed,63,0.4,0.1111111111111111,0.2401669090909091
691023,Breaking,890,0.3739669421487603,0.4104803493449782,0.29354297021276593
691023,Fastball,1236,0.24519230769230768,0.48562300319488816,0.36560819883040935
691023,Offspeed,263,0.46808510638297873,0.582089552238806,0.37931405479452057
691026,Breaking,682,0.2977941176470588,0.3291139240506329,0.2610520348837209
691026,Fastball,1284,0.1856060606060606,0.30943396226415093,0.32539908843537413
691026,Offspeed,210,0.34408602150537637,0.3148148148148148,0.26295628070175436
691176,Breaking,180,0.24719101123595505,0.5675675675675675,0.2950211891891891
691176,Fastball,486,0.17721518987341772,0.3,0.3010439230769231
691176,Offspeed,209,0.3728813559322034,0.4642857142857143,0.2545550566037736
691181,Breaking,52,0.35294117647058826,0.375,0.250625
691181,Fastball,76,0.18421052631578946,0.6842105263157895,0.4976479090909091
691182,Breaking,84,0.1388888888888889,0.47368421052631576,0.19856114285714285
691182,Fastball,183,0.12631578947368421,0.5952380952380952,0.3167410869565217
691182,Offspeed,47,0.18518518518518517,0.18181818181818182,0.1737848333333333
691277,Fastball,54,0.08695652173913043,0.23076923076923078,0.18324042857142858
691373,Breaking,82,0.4897959183673469,0.05,0.12111111111111111
691373,Fastball,114,0.29577464788732394,0.28125,0.3185637142857143
691406,Breaking,938,0.308584686774942,0.45414847161572053,0.3055459156118143
691406,Fastball,1340,0.1660958904109589,0.5925925925925926,0.4021661796407186
691406,Offspeed,404,0.3333333333333333,0.40963855421686746,0.3456076041666667
691458,Breaking,245,0.2689075630252101,0.38461538461538464,0.35792178571428573
691458,Fastball,392,0.16203703703703703,0.3465346534653465,0.2821762777777778
691458,Offspeed,85,0.25,0.47058823529411764,0.36205882352941177
691594,Breaking,515,0.1685823754789272,0.42142857142857143,0.23116960839160838
691594,Fastball,941,0.08879492600422834,0.4857142857142857,0.33255373180076625
691594,Offspeed,183,0.14634146341463414,0.4,0.275557375
691718,Breaking,859,0.3130434782608696,0.533678756476684,0.3589130190476191
691718,Fastball,1528,0.23194444444444445,0.5714285714285714,0.3663274471544716
691718,Offspeed,459,0.28,0.6283185840707964,0.42929547967479675
691720,Breaking,672,0.421259842519685,0.23140495867768596,0.262150618705036
691720,Fastball,1015,0.12396694214876033,0.5352697095435685,0.37489771535580524
691720,Offspeed,214,0.3523809523809524,0.2916666666666667,0.338838625
691723,Breaking,749,0.3843843843843844,0.4311377245508982,0.25961874556213016
691723,Fastball,907,0.19772727272727272,0.49222797927461137,0.40760374429223745
691723,Offspeed,230,0.43119266055045874,0.43636363636363634,0.3003973928571429
691728,Breaking,58,0.3157894736842105,0.7857142857142857,0.3745
691728,Fastball,185,0.4020618556701031,0.175,0.21892408695652174
691728,Offspeed,42,0.5416666666666666,0.6,0.30749254545454546
691740,Breaking,198,0.33962264150943394,0.375,0.2513234468085106
691740,Fastball,329,0.13513513513513514,0.3614457831325301,0.31496898876404494
691740,Offspeed,98,0.3559322033898305,0.5416666666666666,0.31617391304347825
691777,Breaking,388,0.398989898989899,0.25263157894736843,0.21448870103092782
691777,Fastball,640,0.24115755627009647,0.5869565217391305,0.34934495945945954
691777,Offspeed,144,0.45454545454545453,0.13157894736842105,0.2349688205128205
691781,Breaking,437,0.32038834951456313,0.46956521739130436,0.3190785210084034
691781,Fastball,713,0.26358695652173914,0.38011695906432746,0.3471241195652174
691781,Offspeed,140,0.39285714285714285,0.2564102564102564,0.3166462051282051
691783,Breaking,177,0.3088235294117647,0.23529411764705882,0.20133438709677418
691783,Fastball,324,0.25625,0.4939759036144578,0.33002512941176465
691783,Offspeed,75,0.2647058823529412,0.75,0.502232
691785,Breaking,279,0.36507936507936506,0.29508196721311475,0.2284880588235294
691785,Fastball,443,0.15637860082304528,0.36752136752136755,0.29342271428571426
691785,Offspeed,246,0.40869565217391307,0.14,0.224335
691788,Breaking,402,0.3224043715846995,0.27472527472527475,0.23156385858585857
691788,Fastball,608,0.14802631578947367,0.5099337748344371,0.33525009756097557
691788,Offspeed,260,0.4146341463414634,0.2711864406779661,0.23614030000000005
691858,Fastball,50,0.25925925925925924,0.36363636363636365,0.17975
691907,Breaking,48,0.375,0.3333333333333333,0.236
691907,Fastball,112,0.375,0.24,0.33259542857142854
692216,Breaking,45,0.5,0.3,0.10380225
692216,Fastball,114,0.21212121212121213,0.4583333333333333,0.3609856
693304,Breaking,638,0.284375,0.42073170731707316,0.3247889349112426
693304,Fastball,1329,0.1820689655172414,0.3776435045317221,0.33646795530726253
693304,Offspeed,257,0.3382352941176471,0.31666666666666665,0.26850059375
693307,Breaking,681,0.31596091205211724,0.4968553459119497,0.28785559259259264
693307,Fastball,1399,0.1424287856071964,0.49843260188087773,0.3854638034682081
693307,Offspeed,304,0.3389830508474576,0.3,0.26038833333333333
693409,Fastball,66,0.09375,0.045454545454545456,0.27297354545454544
693459,Fastball,59,0.36363636363636365,0.08333333333333333,0.18488359999999998
694025,Breaking,50,0.3448275862068966,0.3125,0.14246666666666666
694025,Fastball,64,0.13157894736842105,0.4782608695652174,0.31252941176470594
694192,Breaking,714,0.31210191082802546,0.3860759493670886,0.2843934409937888
694192,Fastball,1232,0.23181049069373943,0.5104166666666666,0.3688394683544304
694192,Offspeed,237,0.24060150375939848,0.5,0.30233562162162164
694197,Breaking,139,0.39285714285714285,0.37037037037037035,0.2272702068965517
694197,Fastball,279,0.1678832116788321,0.2857142857142857,0.31845049411764703
694197,Offspeed,87,0.21875,0.21052631578947367,0.22677090000000005
694203,Breaking,343,0.2905027932960894,0.27058823529411763,0.24122745652173913
694203,Fastball,621,0.2006269592476489,0.3972602739726027,0.29913472847682115
694203,Offspeed,129,0.4146341463414634,0.3,0.18128057142857146
694208,Breaking,410,0.32195121951219513,0.3191489361702128,0.2714132989690721
694208,Fastball,698,0.256198347107438,0.41875,0.3009470292397661
694208,Offspeed,260,0.26229508196721313,0.3333333333333333,0.3068411304347826
694212,Breaking,533,0.3935018050541516,0.3277310924369748,0.2761066153846154
694212,Fastball,736,0.24736842105263157,0.43820224719101125,0.3428546243386243
694212,Offspeed,255,0.29285714285714287,0.5454545454545454,0.3294763421052631
694249,Breaking,405,0.378698224852071,0.44,0.25664963855421685
694249,Fastball,718,0.1774580335731415,0.4685714285714286,0.3233473333333333
694249,Offspeed,277,0.31756756756756754,0.4507042253521127,0.3286945333333333
694362,Breaking,178,0.37209302325581395,0.3541666666666667,0.22977845833333332
694362,Fastball,325,0.14666666666666667,0.3875,0.3302634285714286
694362,Offspeed,52,0.34782608695652173,0.4666666666666667,0.182338625
694371,Breaking,218,0.37894736842105264,0.0975609756097561,0.22292604444444444
694371,Fastball,292,0.13333333333333333,0.47297297297297297,0.3571871219512195
694371,Offspeed,64,0.4642857142857143,0.46153846153846156,0.2529584285714286
694374,Breaking,472,0.3761904761904762,0.35555555555555557,0.24718754347826088
694374,Fastball,772,0.19794344473007713,0.3651685393258427,0.34274194818652853
694374,Offspeed,157,0.4117647058823529,0.6136363636363636,0.3166261025641025
694376,Breaking,163,0.3048780487804878,0.275,0.2754405142857143
694376,Fastball,252,0.22580645161290322,0.3968253968253968,0.2967910491803279
694376,Offspeed,52,0.48148148148148145,0.2222222222222222,0.07023529411764706
694377,Breaking,154,0.2830188679245283,0.2222222222222222,0.2185785185185185
694377,Fastball,294,0.18452380952380953,0.3283582089552239,0.3401980615384615
694377,Offspeed,98,0.30612244897959184,0.21428571428571427,0.22774999999999998
694378,Breaking,213,0.2072072072072072,0.40816326530612246,0.3046634509803921
694378,Fastball,487,0.1992619926199262,0.33980582524271846,0.32820884210526313
694378,Offspeed,161,0.23,0.32075471698113206,0.2515361886792453
694384,Breaking,485,0.2651162790697674,0.42990654205607476,0.31907668376068377
694384,Fastball,973,0.08413461538461539,0.3739130434782609,0.3595791984435798
694384,Offspeed,296,0.2537313432835821,0.3125,0.2691679718309859
694388,Breaking,184,0.3707865168539326,0.2857142857142857,0.23671584210526314
694388,Fastball,268,0.25925925925925924,0.36065573770491804,0.32405878125
694388,Offspeed,89,0.3684210526315789,0.2777777777777778,0.31336474999999997
694410,Breaking,83,0.2222222222222222,0.25,0.40614554545454545
694410,Fastball,126,0.10909090909090909,0.4482758620689655,0.2057328965517241
694497,Breaking,483,0.40331491712707185,0.26595744680851063,0.23422490384615385
694497,Fastball,989,0.20689655172413793,0.3515981735159817,0.31596066666666667
694497,Offspeed,382,0.3974358974358974,0.21794871794871795,0.20941581176470586
694514,Breaking,79,0.4358974358974359,0.17647058823529413,0.23900749999999998
694514,Fastball,177,0.20652173913043478,0.43478260869565216,0.32399240000000007
694514,Offspeed,54,0.4782608695652174,0.4,0.2547363333333333
694671,Breaking,546,0.2627450980392157,0.5277777777777778,0.34202178512396697
694671,Fastball,1104,0.201980198019802,0.39357429718875503,0.3275544820143885
694671,Offspeed,246,0.41025641025641024,0.41509433962264153,0.24936065454545459
694673,Breaking,162,0.2727272727272727,0.3783783783783784,0.24874784210526316
694673,Fastball,294,0.17763157894736842,0.3548387096774194,0.30915112499999997
694673,Offspeed,111,0.3275862068965517,0.3333333333333333,0.24933635714285712
694728,Breaking,320,0.39344262295081966,0.2459016393442623,0.17979027586206894
694728,Fastball,586,0.3192982456140351,0.46875,0.3413193676470588
694728,Offspeed,118,0.4827586206896552,0.08823529411764706,0.0888405142857143
694876,Fastball,53,0.14285714285714285,0.1,0.240558
695020,Fastball,78,0.30303030303030304,0.3125,0.37221022222222216
695238,Breaking,43,0.14285714285714285,0.125,0.25008359999999996
695238,Fastball,95,0.08108108108108109,0.3888888888888889,0.38839703999999997
695257,Breaking,81,0.35294117647058826,0.25925925925925924,0.1457683
695257,Fastball,129,0.3561643835616438,0.21875,0.18681672
695336,Breaking,206,0.33620689655172414,0.37037037037037035,0.29720461818181815
695336,Fastball,440,0.23943661971830985,0.3953488372093023,0.32394871578947365
695336,Offspeed,51,0.2962962962962963,0.4117647058823529,0.3719584285714285
695391,Breaking,51,0.25,0.2727272727272727,0.3115677333333334
695391,Fastball,81,0.22857142857142856,0.25,0.23654644444444445
695490,Breaking,182,0.40404040404040403,0.2222222222222222,0.2116246086956522
695490,Fastball,282,0.15432098765432098,0.2463768115942029,0.3367088648648649
695490,Offspeed,119,0.35064935064935066,0.3142857142857143,0.2799828823529411
695491,Breaking,143,0.38028169014084506,0.6,0.3707333939393939
695491,Fastball,188,0.3177570093457944,0.46296296296296297,0.2923147118644068
695491,Offspeed,51,0.40625,0.5,0.20074999999999998
695506,Breaking,663,0.36464088397790057,0.5310734463276836,0.36045276756756756
695506,Fastball,935,0.23772102161100198,0.452991452991453,0.3666414803149606
695506,Offspeed,344,0.3118279569892473,0.46153846153846156,0.31465004166666666
695508,Breaking,67,0.43333333333333335,0.1875,0.25816376470588237
695508,Fastball,154,0.3142857142857143,0.41935483870967744,0.18396094117647058
695578,Breaking,937,0.42857142857142855,0.44148936170212766,0.3509474879227053
695578,Fastball,1284,0.18864097363083165,0.5827067669172933,0.459113801980198
695578,Offspeed,440,0.38953488372093026,0.3287671232876712,0.3401354382022472
695600,Breaking,735,0.32193732193732194,0.39344262295081966,0.28548294472361807
695600,Fastball,1371,0.2979452054794521,0.4734848484848485,0.3181794172185431
695600,Offspeed,366,0.2484472049689441,0.46835443037974683,0.3432412705882353
695657,Breaking,778,0.4654255319148936,0.28104575163398693,0.251266622754491
695657,Fastball,1404,0.32157394843962006,0.43952802359882004,0.31752471934604903
695657,Offspeed,316,0.4121212121212121,0.48148148148148145,0.3109157857142857
695670,Breaking,159,0.3103448275862069,0.45161290322580644,0.2817721764705882
695670,Fastball,303,0.20300751879699247,0.32142857142857145,0.32395294117647055
695670,Offspeed,61,0.3548387096774194,0.16666666666666666,0.10166666666666668
695681,Breaking,161,0.43037974683544306,0.24390243902439024,0.1721951219512195
695681,Fastball,331,0.2471264367816092,0.27941176470588236,0.28537737837837834
695681,Offspeed,50,0.5833333333333334,0.0,0.12665226666666665
695720,Breaking,210,0.32727272727272727,0.2222222222222222,0.2550188679245283
695720,Fastball,411,0.1689497716894977,0.34615384615384615,0.3398675238095239
695720,Offspeed,81,0.3,0.42857142857142855,0.18523076923076925
695731,Breaking,367,0.32727272727272727,0.2894736842105263,0.31732646511627904
695731,Fastball,665,0.2607449856733524,0.4594594594594595,0.3758730227272727
695731,Offspeed,324,0.3592814371257485,0.20238095238095238,0.22745119540229883
695734,Breaking,723,0.2612137203166227,0.4690721649484536,0.3083648426395939
695734,Fastball,1285,0.21182943603851445,0.44964028776978415,0.35813991447368426
695734,Offspeed,412,0.275,0.35507246376811596,0.2820091532846715
696030,Breaking,199,0.25,0.2830188679245283,0.321973962264151
696030,Fastball,525,0.15384615384615385,0.3018867924528302,0.32775041379310343
696030,Offspeed,129,0.13924050632911392,0.33962264150943394,0.218263
696100,Breaking,762,0.43031784841075793,0.5128205128205128,0.26903089999999996
696100,Fastball,1118,0.2644628099173554,0.61003861003861,0.37799890579710144
696100,Offspeed,282,0.3924050632911392,0.3235294117647059,0.24243929729729732
696135,Breaking,107,0.29508196721311475,0.3333333333333333,0.2561577857142857
696135,Fastball,180,0.32323232323232326,0.3888888888888889,0.26958635714285717
696135,Offspeed,52,0.6521739130434783,0.0,0.018
696285,Breaking,538,0.2943722943722944,0.296875,0.2720314887218045
696285,Fastball,1025,0.1506849315068493,0.42570281124497994,0.34511526545454546
696285,Offspeed,199,0.3069306930693069,0.391304347826087,0.27858754166666666
699013,Breaking,360,0.4094488188976378,0.5076923076923077,0.34666483950617283
699013,Fastball,720,0.3685897435897436,0.6296296296296297,0.36699095597484277
699013,Offspeed,185,0.5180722891566265,0.1,0.18098930434782606
699024,Breaking,115,0.39622641509433965,0.4444444444444444,0.39517989473684206
699024,Fastball,165,0.1125,0.5490196078431373,0.35041211111111115
699115,Breaking,44,0.56,0.1111111111111111,0.1933418
699115,Fastball,74,0.25,0.2222222222222222,0.25129453333333335
699302,Breaking,154,0.32558139534883723,0.2857142857142857,0.156758
699302,Fastball,256,0.21897810218978103,0.46774193548387094,0.29165728358208953
699302,Offspeed,97,0.3793103448275862,0.23076923076923078,0.26479325925925923
699393,Breaking,264,0.25,0.3389830508474576,0.2613511379310345
699393,Fastball,508,0.15730337078651685,0.4435483870967742,0.30537325373134333
699393,Offspeed,196,0.27722772277227725,0.36538461538461536,0.2379107272727273
699625,Breaking,162,0.4393939393939394,0.5,0.25743463157894736
699625,Fastball,301,0.2360248447204969,0.2911392405063291,0.32132837209302323
699625,Offspeed,102,0.5370370370370371,0.23809523809523808,0.2552015
699912,Breaking,281,0.291970802919708,0.375,0.2699722222222223
699912,Fastball,441,0.15306122448979592,0.37254901960784315,0.31917512280701754
699912,Offspeed,126,0.46551724137931033,0.14814814814814814,0.12396296296296294
700246,Breaking,64,0.4857142857142857,0.5,0.22963636363636367
700246,Fastball,93,0.1568627450980392,0.19047619047619047,0.2627918
700250,Breaking,939,0.3208955223880597,0.44751381215469616,0.3383657251184834
700250,Fastball,1286,0.17750439367311072,0.6296296296296297,0.42561522522522527
700250,Offspeed,448,0.3181818181818182,0.41,0.311832640776699
700337,Breaking,171,0.26865671641791045,0.2857142857142857,0.2632808125
700337,Fastball,580,0.22330097087378642,0.23846153846153847,0.28980966176470585
700337,Offspeed,147,0.16666666666666666,0.24444444444444444,0.2611099090909091
700932,Breaking,465,0.3769633507853403,0.37894736842105264,0.25999139805825244
700932,Fastball,841,0.2567237163814181,0.46285714285714286,0.362545375
700932,Offspeed,230,0.3697478991596639,0.18032786885245902,0.20083479310344826
701162,Breaking,143,0.296875,0.42105263157894735,0.2443090731707317
701162,Fastball,287,0.16923076923076924,0.34375,0.3764957721518988
701162,Offspeed,89,0.55,0.7333333333333333,0.21262499999999998
701305,Breaking,102,0.425,0.08695652173913043,0.13039241666666665
701305,Fastball,205,0.3465346534653465,0.4666666666666667,0.3146178039215686
701350,Breaking,313,0.39166666666666666,0.26865671641791045,0.2935139466666667
701350,Fastball,491,0.16842105263157894,0.4722222222222222,0.4033571896551724
701350,Offspeed,160,0.44776119402985076,0.275,0.23154497435897434
701358,Breaking,809,0.3981191222570533,0.42857142857142855,0.30893374468085105
701358,Fastball,1217,0.19910846953937592,0.3691275167785235,0.33842464814814815
701358,Offspeed,288,0.47794117647058826,0.3684210526315789,0.24360839999999997
701398,Breaking,1029,0.2510729613733906,0.410958904109589,0.3017307802690583
701398,Fastball,1455,0.28157894736842104,0.5210843373493976,0.37580671780821917
701398,Offspeed,297,0.2887323943661972,0.4246575342465753,0.3337351842105263
701538,Breaking,676,0.2997416020671835,0.436046511627907,0.31607735955056177
701538,Fastball,1439,0.2667493796526055,0.4573170731707317,0.37415490116279065
701538,Offspeed,442,0.2661290322580645,0.3389830508474576,0.29770088524590166
701675,Breaking,452,0.20675105485232068,0.37777777777777777,0.25172942647058827
701675,Fastball,1026,0.18150087260034903,0.35175879396984927,0.30679133027522937
701675,Offspeed,314,0.24102564102564103,0.4019607843137255,0.28724298039215684
701678,Breaking,415,0.27411167512690354,0.40186915887850466,0.2705583185840708
701678,Fastball,776,0.2591549295774648,0.45348837209302323,0.3306809128205128
701678,Offspeed,137,0.3150684931506849,0.41025641025641024,0.25656045
701762,Breaking,513,0.40487804878048783,0.6122448979591837,0.3817148727272727
701762,Fastball,1047,0.32346723044397463,0.4623115577889447,0.39200226778242675
701762,Offspeed,344,0.4405594405594406,0.35294117647058826,0.3054690666666667
701785,Breaking,156,0.3424657534246575,0.23333333333333334,0.2567133529411765
701785,Fastball,224,0.1694915254237288,0.5,0.3362177460317461
701785,Offspeed,87,0.3050847457627119,0.391304347826087,0.2532727272727273
701807,Breaking,753,0.2643312101910828,0.3333333333333333,0.2910804444444444
701807,Fastball,1536,0.15971223021582734,0.4674922600619195,0.3814248977272728
701807,Offspeed,368,0.31313131313131315,0.3942307692307692,0.27153508411214955
701852,Breaking,177,0.39705882352941174,0.1111111111111111,0.23352322222222222
701852,Fastball,376,0.24338624338624337,0.34523809523809523,0.32184542857142856
701852,Offspeed,78,0.34285714285714286,0.23529411764705882,0.3412545263157895
702176,Breaking,110,0.20512820512820512,0.5,0.32890694117647057
702176,Fastball,227,0.12962962962962962,0.3269230769230769,0.3775850909090909
702176,Offspeed,43,0.17857142857142858,0.3684210526315789,0.2914444444444444
702222,Breaking,387,0.1941747572815534,0.3728813559322034,0.26625098360655736
702222,Fastball,1103,0.171875,0.3702127659574468,0.2908028861788618
702222,Offspeed,209,0.2047244094488189,0.29333333333333333,0.28927005333333333
702284,Breaking,641,0.2803030303030303,0.4225352112676056,0.29014984615384615
702284,Fastball,1436,0.16368638239339753,0.3893805309734513,0.3358623055555555
702284,Offspeed,355,0.20108695652173914,0.35294117647058826,0.2661092621359223
702332,Breaking,617,0.20930232558139536,0.38686131386861317,0.2590186142857143
702332,Fastball,1308,0.12135922330097088,0.3887147335423197,0.31592994428969357
702332,Offspeed,264,0.29411764705882354,0.2833333333333333,0.24425025806451614
702616,Breaking,359,0.33540372670807456,0.1951219512195122,0.24880808695652173
702616,Fastball,763,0.23076923076923078,0.39766081871345027,0.31653648205128204
702616,Offspeed,217,0.28448275862068967,0.3770491803278688,0.27346695238095237
703155,Breaking,68,0.4666666666666667,0.5882352941176471,0.2891898888888889
703155,Fastball,118,0.42424242424242425,0.4583333333333333,0.34722446153846154
703197,Fastball,62,0.25,0.6666666666666666,0.44444944444444445
703492,Breaking,43,0.3333333333333333,0.3333333333333333,0.2813333333333333
703492,Fastball,99,0.3,0.15789473684210525,0.31183275000000005
703520,Breaking,167,0.18055555555555555,0.5555555555555556,0.2955675675675676
703520,Fastball,449,0.11475409836065574,0.3888888888888889,0.3312681132075472
703520,Offspeed,85,0.2608695652173913,0.3076923076923077,0.21244
703601,Breaking,167,0.3333333333333333,0.6,0.336629
703601,Fastball,456,0.0995260663507109,0.46601941747572817,0.3351977478991596
703601,Offspeed,81,0.23255813953488372,0.043478260869565216,0.2738377777777778
703607,Breaking,494,0.4472573839662447,0.4144144144144144,0.3351713445378151
703607,Fastball,1021,0.2676864244741874,0.39330543933054396,0.3204961532846715
703607,Offspeed,212,0.40594059405940597,0.4117647058823529,0.2738818518518518
800050,Breaking,626,0.2026431718061674,0.49640287769784175,0.33126846666666665
800050,Fastball,1165,0.12059369202226346,0.5437956204379562,0.36785662500000005
800050,Offspeed,363,0.1736111111111111,0.24390243902439024,0.2973105952380952
800325,Breaking,235,0.20212765957446807,0.20754716981132076,0.26328961403508777
800325,Fastball,494,0.16666666666666666,0.35514018691588783,0.3025714862385321
800325,Offspeed,139,0.2,0.32,0.3092557333333333
800543,Breaking,61,0.4375,0.5,0.36247949999999995
800543,Fastball,88,0.10256410256410256,0.47619047619047616,0.4459773793103448
801126,Breaking,73,0.4827586206896552,0.13636363636363635,0.20749254545454543
801126,Fastball,202,0.2826086956521739,0.4,0.2803876756756757
801126,Offspeed,69,0.4857142857142857,0.13333333333333333,0.14192307692307693
801501,Breaking,46,0.3076923076923077,0.08333333333333333,0.16380138461538463
801501,Fastball,86,0.06451612903225806,0.07142857142857142,0.28870399999999996
802139,Breaking,713,0.20930232558139536,0.2937062937062937,0.3107007006369427
802139,Fastball,1410,0.19778481012658228,0.4195583596214511,0.38103117486338794
802139,Offspeed,334,0.2246376811594203,0.24,0.2676198974358975
802415,Breaking,469,0.20430107526881722,0.4152542372881356,0.2537493097345133
802415,Fastball,1247,0.05451713395638629,0.37402597402597404,0.2695551979949875
802415,Offspeed,258,0.2248062015503876,0.22666666666666666,0.2596700533333333
803011,Breaking,528,0.16,0.29357798165137616,0.29433603252032525
803011,Fastball,1312,0.1326530612244898,0.46875,0.37778778106508876
803011,Offspeed,311,0.1951219512195122,0.25,0.2655918082191781
804606,Breaking,429,0.35398230088495575,0.3076923076923077,0.2616820776699029
804606,Fastball,703,0.23743016759776536,0.47435897435897434,0.3512420705882353
804606,Offspeed,175,0.39361702127659576,0.2727272727272727,0.2322887906976744
804668,Breaking,209,0.3253012048192771,0.7441860465116279,0.4207450612244898
804668,Fastball,355,0.27218934911242604,0.42168674698795183,0.3465456511627906
804668,Offspeed,82,0.4358974358974359,0.3684210526315789,0.2091898888888889
805249,Breaking,46,0.42105263157894735,0.1,0.2407142857142857
805249,Fastball,106,0.2857142857142857,0.48148148148148145,0.26113723076923073
805300,Breaking,581,0.2925764192139738,0.3140495867768595,0.27862035294117643
805300,Fastball,1483,0.09833333333333333,0.3353846153846154,0.3170474909090909
805300,Offspeed,293,0.3712121212121212,0.4925373134328358,0.33427351351351353
805346,Fastball,49,0.4090909090909091,0.3333333333333333,0.16036363636363637
805347,Breaking,115,0.28888888888888886,0.2608695652173913,0.13117391304347822
805347,Fastball,270,0.1271186440677966,0.296875,0.33339028169014084
805347,Offspeed,79,0.24390243902439024,0.32,0.21112000000000003
805367,Breaking,728,0.23943661971830985,0.358974358974359,0.22141896932515334
805367,Fastball,1678,0.15574963609898107,0.4430769230769231,0.3380769862258954
805367,Offspeed,311,0.2909090909090909,0.45918367346938777,0.28190038
805672,Fastball,40,0.5714285714285714,0.3333333333333333,0.39748828571428574
805779,Breaking,337,0.1569767441860465,0.25333333333333335,0.25406363157894735
805779,Fastball,722,0.1308641975308642,0.45588235294117646,0.30981688349514563
805779,Offspeed,120,0.20512820512820512,0.2830188679245283,0.2168
805805,Breaking,111,0.23255813953488372,0.3333333333333333,0.3223406956521739
805805,Fastball,149,0.28,0.5882352941176471,0.3527114
805805,Offspeed,46,0.2222222222222222,0.17647058823529413,0.2168235294117647
805808,Breaking,853,0.23232323232323232,0.375,0.27817169934640523
805808,Fastball,1522,0.0988857938718663,0.4818941504178273,0.403488231678487
805808,Offspeed,482,0.2731707317073171,0.3238095238095238,0.2937121052631579
805811,Breaking,685,0.3902439024390244,0.42727272727272725,0.318610203125
805811,Fastball,937,0.17073170731707318,0.5,0.3882419921259842
805811,Offspeed,284,0.416,0.3492063492063492,0.32489955555555555
805904,Breaking,89,0.48717948717948717,0.47619047619047616,0.2694705882352941
805904,Fastball,148,0.44776119402985076,0.36363636363636365,0.3642512592592592
805904,Offspeed,65,0.4583333333333333,0.36363636363636365,0.09844444444444445
805999,Breaking,553,0.34710743801652894,0.30578512396694213,0.27195274242424244
805999,Fastball,998,0.14565217391304347,0.4375,0.36614102702702706
805999,Offspeed,307,0.3710691823899371,0.3076923076923077,0.23049253846153844
806068,Breaking,285,0.35664335664335667,0.2727272727272727,0.20733214925373133
806068,Fastball,566,0.33116883116883117,0.3870967741935484,0.2634068382352941
806068,Offspeed,138,0.32,0.3888888888888889,0.26393021621621615
806146,Breaking,166,0.18309859154929578,0.4883720930232558,0.3080408
806146,Fastball,396,0.27225130890052357,0.40229885057471265,0.286023875
806146,Offspeed,66,0.3793103448275862,0.06666666666666667,0.25176119999999996
806198,Breaking,329,0.2553191489361702,0.5151515151515151,0.35128677333333336
806198,Fastball,602,0.18490566037735848,0.328,0.32455125925925926
806198,Offspeed,107,0.2537313432835821,0.21212121212121213,0.15836523529411764
806367,Breaking,133,0.20833333333333334,0.375,0.3090558620689655
806367,Fastball,277,0.08849557522123894,0.29850746268656714,0.3321081772151898
806367,Offspeed,58,0.20833333333333334,0.2222222222222222,0.2219
806956,Breaking,47,0.4166666666666667,0.0,0.14724179999999998
806956,Fastball,61,0.13513513513513514,0.7,0.24747368421052632
807712,Breaking,726,0.2271186440677966,0.345679012345679,0.2534825433526012
807712,Fastball,1321,0.11224489795918367,0.4565916398713826,0.356113867036011
807712,Offspeed,265,0.3008849557522124,0.26666666666666666,0.25073009230769233
807713,Breaking,313,0.20353982300884957,0.33962264150943394,0.27743369811320756
807713,Fastball,458,0.21052631578947367,0.46078431372549017,0.311295
807713,Offspeed,84,0.2765957446808511,0.34615384615384615,0.2304734814814815
807726,Breaking,83,0.2702702702702703,0.10526315789473684,0.22660094736842104
807726,Fastball,174,0.19791666666666666,0.29411764705882354,0.42173482051282046
807727,Breaking,82,0.2857142857142857,0.13043478260869565,0.22471382608695653
807727,Fastball,238,0.1724137931034483,0.40816326530612246,0.3039907169811321
807727,Offspeed,62,0.25806451612903225,0.3333333333333333,0.25822727272727275
807747,Fastball,69,0.14705882352941177,0.25,0.27831578947368424
807799,Breaking,276,0.2616822429906542,0.328125,0.2546479682539683
807799,Fastball,659,0.09375,0.4171779141104294,0.33188904545454545
807799,Offspeed,209,0.23333333333333334,0.4423076923076923,0.34984089285714287
808959,Breaking,909,0.4647887323943662,0.3674698795180723,0.3150223298969072
808959,Fastball,1165,0.3800813008130081,0.5240174672489083,0.3822520603773585
808959,Offspeed,345,0.48201438848920863,0.5172413793103449,0.289057
808975,Breaking,142,0.26153846153846155,0.2857142857142857,0.2716545294117647
808975,Fastball,317,0.20666666666666667,0.5172413793103449,0.40418518644067797
808975,Offspeed,126,0.38461538461538464,0.08333333333333333,0.17774544444444443
808982,Breaking,648,0.13725490196078433,0.4311377245508982,0.28795506285714284
808982,Fastball,1280,0.12046204620462046,0.39814814814814814,0.32238869767441863
808982,Offspeed,238,0.12280701754385964,0.43859649122807015,0.34413014035087724
810938,Breaking,355,0.29927007299270075,0.2926829268292683,0.24517202564102566
810938,Fastball,679,0.0924092409240924,0.39473684210526316,0.3180078993710692
810938,Offspeed,123,0.25806451612903225,0.22857142857142856,0.25561194285714284
811965,Breaking,87,0.23404255319148937,0.6896551724137931,0.32625925925925925
811965,Fastball,138,0.1111111111111111,0.41935483870967744,0.31825400000000004
813841,Breaking,155,0.4,0.3225806451612903,0.19429032258064516
813841,Fastball,371,0.35467980295566504,0.46153846153846156,0.30136762
813841,Offspeed,61,0.41379310344827586,0.23529411764705882,0.18135655555555555
814154,Fastball,58,0.48,0.0,0.08730225
814430,Breaking,55,0.24242424242424243,0.3076923076923077,0.323890875
814430,Fastball,145,0.2558139534883721,0.38235294117647056,0.29915772972972976
814430,Offspeed,54,0.37142857142857144,0.2631578947368421,0.2875683
814439,Breaking,405,0.4437869822485207,0.47674418604651164,0.2632163409090909
814439,Fastball,584,0.18110236220472442,0.34375,0.3585835890410959
814439,Offspeed,145,0.45588235294117646,0.23255813953488372,0.15976241860465115
815873,Breaking,104,0.40476190476190477,0.3181818181818182,0.20307136
815873,Fastball,126,0.20270270270270271,0.3333333333333333,0.3208457777777778
815873,Offspeed,52,0.39285714285714285,0.3,0.23088888888888892
823550,Breaking,116,0.33962264150943394,0.21739130434782608,0.19953483333333333
823550,Fastball,394,0.18787878787878787,0.24050632911392406,0.2571014408602151
823550,Offspeed,93,0.22727272727272727,0.13636363636363635,0.2463265
828599,Breaking,44,0.5238095238095238,0.0,0.3453553846153846
828599,Fastball,90,0.3541666666666667,0.2727272727272727,0.1908877391304348
